symbol,k,month,xn,rsi_m2,good_last,v20,v5
ABB,1684,2022-09,5.5391,84.493,False,-8.0312,-4.1595
ABB,1771,2023-01,4.0077,31.733,True,0.57221,4.4087
ABB,1808,2023-02,4.0269,60.729,True,6.5115,2.2576
ABB,2074,2024-03,5.3542,70.61,False,0.2086,1.5852
ABB,2127,2024-06,6.5035,59.055,True,-13.491,-6.6476
ABB,2609,2026-05,6.1267,51.777,False,-3.9432,0.98941
ABCAPITAL,1742,2022-11,4.7694,65.556,True,9.5731,10.941
ABCAPITAL,1744,2022-11,4.8462,73.815,True,5.1602,9.6357
ABCAPITAL,1747,2022-12,4.7368,81.88,True,1.9812,3.7116
ABCAPITAL,1748,2022-12,4.5549,82.103,True,0.45436,-0.07668
ABCAPITAL,1887,2023-06,5.4214,54.045,True,-5.6865,-5.0722
ABCAPITAL,2077,2024-04,10.597,46.575,False,14.656,-0.088713
ABCAPITAL,2121,2024-06,5.1423,38.582,True,-3.5095,1.8868
ABCAPITAL,2319,2025-03,4.2551,62.848,False,5.4476,-1.1561
ABCAPITAL,2448,2025-09,4.0064,52.197,False,1.2778,2.5977
ABCAPITAL,2486,2025-11,4.386,54.859,False,-0.92863,2.2222
ABCAPITAL,2620,2026-06,4.3957,44.721,False,11.102,3.1289
ADANIENSOL,2308,2025-03,8.5584,31.137,True,18.407,9.4047
ADANIENSOL,2323,2025-03,8.2511,67.361,True,-0.2658,1.1832
ADANIENSOL,2419,2025-08,4.5389,29.088,True,0.52828,-2.1428
ADANIENSOL,2442,2025-09,5.1016,58.807,True,4.6012,2.6984
ADANIENSOL,2443,2025-09,7.3612,62.317,True,-2.9349,-4.9418
ADANIENSOL,2549,2026-02,4.4388,52.709,False,3.6383,-3.8625
ADANIENSOL,2608,2026-05,4.6924,61.148,False,1.5864,3.9712
ADANIENSOL,2609,2026-05,5.2758,65.331,False,-2.9099,0.557
ADANIENSOL,2615,2026-06,4.0945,64.596,False,-1.9681,-6.9482
ADANIENT,1372,2021-06,7.6443,58.565,True,6.2717,14.297
ADANIENT,1373,2021-06,9.2058,60.285,True,-3.6572,2.5271
ADANIENT,1375,2021-06,7.5724,77.751,True,-16.918,-6.8547
ADANIENT,1385,2021-06,8.8105,51.078,True,-7.9055,0.82931
ADANIENT,1453,2021-09,4.7475,47.481,True,-1.6819,0.42726
ADANIENT,1526,2022-01,4.9181,51.142,False,-0.20619,-0.66734
ADANIENT,1630,2022-06,5.8794,53.411,False,5.4399,-1.1745
ADANIENT,1694,2022-09,5.6457,83.734,False,-10.705,0.33069
ADANIENT,1809,2023-03,13.848,21.459,True,12.232,23.873
ADANIENT,1811,2023-03,15.366,37.219,True,-9.6348,2.0397
ADANIENT,1812,2023-03,4.8359,38.803,True,-11.097,-8.7581
ADANIENT,1818,2023-03,6.2166,47.311,True,-3.5939,-2.5324
ADANIENT,1828,2023-03,7.9563,42.448,True,-0.43277,-0.10459
ADANIENT,1861,2023-05,18.308,50.959,True,0.63896,7.1978
ADANIENT,1862,2023-05,13.04,57.316,True,-11.056,-6.9592
ADANIENT,1888,2023-06,4.3235,45.935,True,-2.7162,-2.9208
ADANIENT,1991,2023-11,8.4194,37.426,True,8.2599,17.067
ADANIENT,1995,2023-12,5.0649,57.743,True,10.928,11.134
ADANIENT,1996,2023-12,16.101,58.094,True,-1.8905,-3.8725
ADANIENT,2066,2024-03,5.5596,41.023,True,0.41813,-0.26034
ADANIENT,2111,2024-05,6.2065,57.903,False,-8.358,-3.8037
ADANIENT,2117,2024-05,6.6096,60.238,False,-14.012,-9.1831
ADANIENT,2239,2024-11,11.167,24.036,True,2.0737,3.0601
ADANIENT,2261,2024-12,8.2762,40.76,True,-9.572,-4.616
ADANIENT,2442,2025-09,5.4589,58.273,False,-1.2729,3.2452
ADANIENT,2443,2025-09,4.6722,58.273,False,-5.8608,-2.502
ADANIENT,2608,2026-05,4.688,71.972,False,2.7399,0.463
ADANIGREEN,2308,2025-03,9.2756,29.767,False,6.1198,-0.22663
ADANIGREEN,2354,2025-05,5.5619,56.836,True,-1.9859,-2.7736
ADANIGREEN,2442,2025-09,5.6714,57.344,True,-1.8979,4.0849
ADANIGREEN,2443,2025-09,12.276,57.101,True,-12.568,-8.076
ADANIGREEN,2599,2026-05,4.3464,83.946,True,7.3063,-1.4985
ADANIGREEN,2615,2026-06,7.4074,62.819,True,-3.2017,-3.9082
ADANIPORTS,1376,2021-06,4.8472,66.937,False,-19.899,-13.109
ADANIPORTS,1385,2021-06,7.3863,34.26,False,-2.6927,1.2522
ADANIPORTS,1386,2021-06,4.8829,27.787,False,-8.0723,-2.6476
ADANIPORTS,1492,2021-11,5.1394,41.308,False,-2.8192,-5.9861
ADANIPORTS,1583,2022-04,4.1357,68.411,False,4.0984,1.817
ADANIPORTS,1594,2022-04,4.0494,60.491,False,-8.4118,-1.8164
ADANIPORTS,1808,2023-02,5.9284,37.883,False,8.5607,17.394
ADANIPORTS,1810,2023-03,4.1938,46.46,False,0.15703,11.309
ADANIPORTS,1811,2023-03,8.3404,48.67,False,-6.9743,1.8072
ADANIPORTS,1818,2023-03,4.2143,59.124,False,-7.3054,-4.5169
ADANIPORTS,1828,2023-03,6.5275,44.344,False,-0.91475,-0.96002
ADANIPORTS,1888,2023-06,4.2109,48.668,False,-4.8398,-5.1328
ADANIPORTS,1939,2023-09,6.0736,54.538,True,-6.9253,-6.6769
ADANIPORTS,1991,2023-11,4.8183,44.897,False,13.223,15.895
ADANIPORTS,1995,2023-12,4.076,58.217,False,17.811,15.752
ADANIPORTS,1996,2023-12,14.488,59.077,False,4.6446,2.4117
ADANIPORTS,2066,2024-03,4.1429,53.241,True,2.6832,-0.0076995
ADANIPORTS,2118,2024-06,6.9413,55.068,True,-10.774,-12.79
ADANIPORTS,2120,2024-06,5.0967,74.975,True,3.3783,-0.39114
ADANIPORTS,2239,2024-11,5.9661,32.407,True,5.6383,4.817
ADANIPORTS,2243,2024-12,5.2459,40.291,True,-2.6977,-3.9114
ADANIPORTS,2259,2024-12,5.1283,40.731,True,-9.1464,-3.4791
ADANIPORTS,2308,2025-03,4.0219,38.028,False,0.47489,0.61568
ADANIPOWER,2607,2026-05,5.0937,59.937,False,-0.17883,3.1836
ADANIPOWER,2608,2026-05,5.2686,59.924,False,-6.6816,-2.9767
ADANIPOWER,2624,2026-06,4.2726,49.993,False,-7.8695,-0.2904
ADANIPOWER,2673,2026-08,4.2474,44.114,True,-1.9428,-2.4085
ALKEM,2073,2024-03,4.851,35.445,False,-3.9113,-4.293
AMBER,2419,2025-08,6.8852,39.177,True,9.909,-1.7111
AMBER,2428,2025-09,4.1903,47.539,True,7.6458,-2.8619
AMBER,2434,2025-09,4.2179,61.647,True,4.4945,4.4734
AMBER,2496,2025-12,4.0543,27.486,False,-1.7967,1.1824
AMBER,2576,2026-04,4.1566,40.554,False,26.146,10.075
AMBER,2578,2026-04,4.0165,52.623,False,15.278,8.6552
AMBUJACEM,1687,2022-09,4.4961,69.178,False,14.73,8.9173
AMBUJACEM,1691,2022-09,4.0299,84.346,False,10.283,20.325
AMBUJACEM,1693,2022-09,8.1984,82.031,False,0.015777,4.5881
AMBUJACEM,1696,2022-09,8.8071,89.563,False,-9.5214,-6.2576
AMBUJACEM,1733,2022-11,4.1923,63.051,False,-0.28803,-2.0672
AMBUJACEM,1808,2023-02,4.2084,34.09,False,7.4726,11.822
AMBUJACEM,1810,2023-03,5.5752,36.169,False,0.4764,1.3483
AMBUJACEM,1811,2023-03,4.1326,40.949,False,-3.0149,-3.7754
AMBUJACEM,1861,2023-05,4.5372,53.272,False,4.2312,-1.0108
AMBUJACEM,1872,2023-06,4.5504,67.507,False,-10.315,-0.86343
AMBUJACEM,1995,2023-12,5.2974,64.179,True,6.9519,4.5159
AMBUJACEM,1996,2023-12,6.4565,65.949,True,1.9483,-1.9486
AMBUJACEM,2120,2024-06,4.2373,68.042,True,6.2672,8.3586
AMBUJACEM,2125,2024-06,4.2755,54.452,True,-2.8849,-2.6645
AMBUJACEM,2243,2024-12,4.4043,45.108,False,-2.203,0.41155
ANGELONE,2283,2025-01,4.1701,27.415,False,-1.1641,-0.33472
ANGELONE,2286,2025-02,5.7721,34.114,False,-14.591,-3.1878
ANGELONE,2289,2025-02,6.4715,40.333,False,-10.519,-3.4308
ANGELONE,2294,2025-02,4.0124,42.548,False,-14.201,-0.867
ANGELONE,2299,2025-02,4.9266,38.629,False,-1.3406,-3.9032
ANGELONE,2354,2025-05,9.2009,62.429,False,5.4522,10.435
ANGELONE,2359,2025-05,4.7047,73.537,False,-9.4098,-1.2033
ANGELONE,2368,2025-06,4.0431,72.325,False,-12.648,-8.5113
ANGELONE,2417,2025-08,4.4476,37.609,False,-17.759,-5.648
ANGELONE,2474,2025-11,5.2924,60.247,False,-1.946,3.0979
ANGELONE,2534,2026-02,5.219,38.416,False,-9.6523,6.5462
ANGELONE,2603,2026-05,8.0476,54.672,True,4.1407,3.5732
ANGELONE,2605,2026-05,4.5259,63.948,True,2.4315,-0.42976
ANGELONE,2671,2026-08,4.7329,34.978,True,3.159,-5.4752
APLAPOLLO,2299,2025-02,4.2619,34.906,True,7.4705,5.6768
APLAPOLLO,2300,2025-02,7.0357,34.112,True,0.55338,0.70126
APLAPOLLO,2367,2025-06,4.0236,68.197,True,-11.556,-2.687
APOLLOHOSP,1591,2022-04,7.0012,56.072,True,-18.406,-5.6105
APOLLOHOSP,1697,2022-09,4.7287,48.065,False,-2.2255,-2.5896
APOLLOHOSP,1760,2022-12,4.7013,48.593,False,-8.9509,-3.4943
APOLLOHOSP,1879,2023-06,4.5489,68.054,True,-5.7793,-3.5619
APOLLOHOSP,2515,2026-01,4.0141,48.161,False,-1.809,1.0185
ASHOKLEY,1565,2022-03,5.4299,21.708,False,9.9249,4.1524
ASHOKLEY,1684,2022-09,6.9009,52.543,False,-4.2924,-0.63518
ASHOKLEY,2264,2025-01,4.0736,43.652,True,-7.2147,-6.6359
ASHOKLEY,2433,2025-09,4.8559,52.869,False,0.30722,-3.8251
ASHOKLEY,2488,2025-11,7.2116,56.831,False,9.8167,0.79143
ASHOKLEY,2576,2026-04,9.0052,29.983,False,-3.202,1.4431
ASIANPAINT,1428,2021-08,4.4257,53.042,True,-0.84817,-4.1845
ASIANPAINT,2119,2024-06,5.6224,52.017,False,-8.7897,-4.9297
ASTRAL,1496,2021-11,4.2833,39.659,True,0.075843,-0.93577
ASTRAL,1558,2022-02,4.6183,35.33,False,0.82075,0.26324
ASTRAL,1684,2022-09,5.4487,66.786,False,2.7833,11.671
ASTRAL,1685,2022-09,6.1427,69.533,False,-1.1953,10.219
ASTRAL,1688,2022-09,4.4469,80.877,False,-6.2981,-3.4595
ASTRAL,1690,2022-09,4.7724,85.492,False,-12.066,-8.337
ASTRAL,1694,2022-09,4.5697,70.09,False,-10.508,-5.2989
ASTRAL,1747,2022-12,5.5117,32.896,False,0.27227,3.0719
ASTRAL,1832,2023-04,4.8899,40.293,False,6.7093,3.173
ASTRAL,2052,2024-02,5.6571,54.89,False,-6.2675,-0.86826
ASTRAL,2132,2024-06,4.7146,55.459,False,-10.389,-3.0186
ASTRAL,2559,2026-03,6.7815,51.112,False,-7.029,-4.2777
AUBANK,1380,2021-06,4.9987,48.309,True,14.714,-1.2148
AUBANK,1397,2021-07,8.2494,52.174,True,8.5838,5.8959
AUBANK,1430,2021-08,4.3043,61.318,False,-25.942,-20.085
AUBANK,1453,2021-09,4.8832,36.98,False,9.6595,6.5273
AUBANK,1569,2022-03,5.5518,47.909,False,14.882,1.9781
AUBANK,1608,2022-05,4.5701,42.343,True,-9.6167,-1.9774
AUBANK,1631,2022-06,4.309,34.196,True,-10.905,-2.9316
AUBANK,1730,2022-11,4.5024,54.224,False,2.1165,-4.3439
AUBANK,1945,2023-09,4.773,52.426,True,-5.4579,-0.54467
AUBANK,2007,2023-12,5.3435,56.959,False,-5.0799,0.60106
AUBANK,2179,2024-08,7.2168,50.484,True,2.2296,3.407
AUBANK,2299,2025-02,4.6818,29.272,True,1.2521,7.4082
AUBANK,2304,2025-02,6.2009,39.666,True,-8.4814,-0.81715
AUBANK,2549,2026-02,4.0061,61.77,False,-1.0186,-2.0742
AUROPHARMA,1494,2021-11,4.3498,41.822,False,4.3498,-1.8384
AUROPHARMA,1572,2022-03,7.0784,49.022,False,-1.5886,3.2257
AUROPHARMA,1575,2022-03,4.27,63.364,False,-10.035,-8.889
AUROPHARMA,1706,2022-10,6.0288,37.723,False,-3.14,-5.4028
AUROPHARMA,1760,2022-12,4.4681,24.924,False,-2.121,-2.7232
AUROPHARMA,1885,2023-06,4.6578,65.998,False,6.7379,-1.815
AUROPHARMA,1952,2023-09,4.0769,57.241,False,-4.4375,0.10137
AUROPHARMA,2008,2023-12,5.2505,58.714,True,3.2596,-3.1773
AUROPHARMA,2058,2024-03,4.7475,43.377,True,5.1949,-1.123
AUROPHARMA,2338,2025-04,4.3069,60.356,False,-6.044,-1.6312
AUROPHARMA,2436,2025-09,5.4782,43.624,False,0.59312,-0.085977
AUROPHARMA,2625,2026-06,4.3882,45.353,False,2.9974,3.4066
BAJAJ-AUTO,1362,2021-05,4.0086,55.392,False,-3.4848,1.184
BAJAJ-AUTO,1624,2022-06,4.0179,46.365,True,0.64526,6.2921
BAJAJ-AUTO,1943,2023-09,5.4596,60.842,False,1.9056,-0.063047
BAJAJ-AUTO,2119,2024-06,4.9792,57.454,False,-9.2662,-0.3769
BAJAJ-AUTO,2174,2024-08,4.9181,58.966,False,10.664,2.8088
BAJAJ-AUTO,2187,2024-09,4.4305,69.126,False,3.0899,0.97878
BAJAJFINSV,1368,2021-05,4.0523,60.124,True,0.44734,-2.681
BAJAJFINSV,1430,2021-08,7.0139,73.485,False,1.2681,0.93032
BAJAJFINSV,1631,2022-06,4.4281,25.24,True,-2.2738,-1.5812
BAJAJFINSV,1674,2022-08,5.1414,83.77,True,5.4182,-1.3065
BAJFINANCE,1379,2021-06,6.6039,56.939,True,0.38849,-0.48943
BAJFINANCE,1449,2021-09,4.0413,74.446,False,-4.874,-4.715
BAJFINANCE,2419,2025-08,4.0813,35.698,False,9.1861,-1.0411
BAJFINANCE,2431,2025-09,4.212,49.268,False,5.0473,2.5114
BANDHANBNK,1386,2021-06,7.3346,56.121,False,-9.8274,1.0037
BANDHANBNK,1391,2021-06,4.4019,61.188,False,-14.469,-7.2799
BANDHANBNK,1569,2022-03,7.349,34.996,True,10.939,4.1206
BANDHANBNK,1679,2022-08,5.4311,48.323,False,-3.2052,-5.6527
BANDHANBNK,1744,2022-11,4.0703,36.583,False,3.6148,4.0762
BANDHANBNK,1830,2023-04,4.045,28.416,False,8.4474,0.00067975
BANDHANBNK,2016,2024-01,5.451,60.596,False,-12.153,-9.6606
BANDHANBNK,2120,2024-06,4.1975,60.683,False,1.507,-0.24334
BANDHANBNK,2130,2024-06,4.4856,58.034,False,-11.836,-6.0013
BANDHANBNK,2189,2024-09,5.2652,46.202,False,-2.688,-0.48376
BANDHANBNK,2305,2025-02,5.0057,37.322,False,0.97637,4.0667
BANDHANBNK,2307,2025-03,5.2431,47.101,False,0.80084,-6.9839
BANDHANBNK,2370,2025-06,6.9115,51.721,True,-6.3148,-3.7432
BANDHANBNK,2448,2025-09,4.6991,35.547,False,0.2467,-0.69965
BANDHANBNK,2496,2025-12,4.5478,25.329,False,3.354,5.7521
BANDHANBNK,2549,2026-02,5.0949,68.91,False,-6.885,1.7844
BANKBARODA,1391,2021-06,5.4375,50.143,False,-8.6423,-1.9657
BANKBARODA,1446,2021-09,5.0299,50.341,False,-0.89414,-8.5632
BANKBARODA,1462,2021-10,4.2916,55.403,False,19.692,2.1772
BANKBARODA,1564,2022-03,4.0633,45.145,True,11.643,4.4248
BANKBARODA,1584,2022-04,4.196,64.948,True,-5.6207,1.2991
BANKBARODA,1751,2022-12,6.394,72.021,True,0.89554,-1.1106
BANKBARODA,1947,2023-09,4.3034,67.145,False,-7.5519,-0.65738
BANKBARODA,2118,2024-06,8.8447,47.585,False,-14.646,-7.0902
BANKBARODA,2323,2025-03,4.3814,65.589,False,4.868,4.1701
BANKBARODA,2617,2026-06,5.078,45.256,False,-15.108,-2.8197
BANKINDIA,2300,2025-02,5.4902,36.367,True,-0.67352,-5.8954
BANKINDIA,2317,2025-03,4.3757,40.931,True,9.4454,-0.58706
BANKINDIA,2325,2025-04,4.463,63.629,True,-0.27843,1.5859
BANKINDIA,2617,2026-06,4.939,49.202,False,-11.473,-4.792
BDL,2435,2025-09,4.6925,34.373,True,0.5511,6.9253
BDL,2437,2025-09,5.2964,46.112,True,-4.2864,3.1174
BDL,2556,2026-03,7.2163,42.289,False,-3.15,1.8295
BDL,2572,2026-04,8.2264,32.398,False,7.4572,5.0793
BDL,2623,2026-06,5.5084,41.352,False,-3.7246,5.7027
BDL,2625,2026-06,5.3368,58.024,False,-9.5603,-2.7003
BEL,1558,2022-02,4.0216,44.072,True,-0.5711,11.629
BEL,1559,2022-02,4.3327,32.683,True,-5.3344,5.6689
BEL,1585,2022-04,7.4667,62.267,True,2.858,11.241
BEL,1590,2022-04,4.905,76.723,True,-3.5734,-2.4997
BEL,1684,2022-09,5.5584,72.73,True,-3.1884,0.962
BEL,1829,2023-03,4.9201,34.308,False,4.592,0.23308
BEL,2052,2024-02,5.4386,57.107,True,-3.4673,-0.61134
BEL,2071,2024-03,4.2232,38.85,True,18.178,5.0044
BEL,2076,2024-04,4.1592,53.439,True,10.184,4.7981
BEL,2077,2024-04,4.7285,55.491,True,5.6372,2.2015
BEL,2121,2024-06,4.2197,46.925,True,11.644,7.2375
BEL,2306,2025-03,4.5483,40.853,True,4.0426,4.0728
BHARATFORG,1398,2021-07,4.6878,70.451,True,-5.9161,0.69118
BHARATFORG,1453,2021-09,4.1038,49.069,True,-1.8322,-4.2297
BHARATFORG,1463,2021-10,4.3829,46.622,True,4.1989,-3.1898
BHARATFORG,1523,2022-01,4.8771,52.033,True,-1.3396,-0.53105
BHARATFORG,1708,2022-10,7.7152,37.532,False,7.1913,-0.40709
BHARATFORG,2112,2024-05,5.4201,73.782,True,8.0588,0.46306
BHARATFORG,2127,2024-06,4.6235,67.114,True,-9.8299,1.0045
BHARATFORG,2130,2024-06,4.9493,69.862,True,-16.114,-8.404
BHARATFORG,2433,2025-09,5.6851,42.667,True,-0.37893,1.4749
BHARTIARTL,1435,2021-08,5.8391,50.633,True,0.95508,-0.55308
BHARTIARTL,1490,2021-11,5.845,54.621,True,-6.8822,1.5214
BHARTIARTL,1563,2022-03,5.6722,39,True,0.11113,-2.8438
BHEL,1436,2021-09,4.8937,41.482,True,14.289,-0.44872
BHEL,1444,2021-09,5.0254,48.987,True,18.013,-7.4441
BHEL,1450,2021-09,4.9587,42.362,True,21.628,8.9505
BHEL,1454,2021-09,6.5666,50.325,True,14.686,9.1711
BHEL,1455,2021-09,4.2698,52.788,True,7.1866,0.81563
BHEL,1558,2022-02,6.042,29.509,True,-2.2204,5.83
BHEL,1581,2022-04,7.9407,44.829,True,2.6432,4.1793
BHEL,1635,2022-06,4.4141,30.36,True,9.7362,1.9219
BHEL,1680,2022-08,8.3559,52.916,False,1.8808,2.9332
BHEL,1747,2022-12,7.5886,75.744,False,-9.5645,-4.7
BHEL,1808,2023-02,4.5341,31.082,False,1.8165,9.0263
BHEL,1838,2023-04,4.1178,47.84,False,5.869,1.3791
BHEL,1892,2023-07,6.913,63.039,False,7.3263,1.3356
BHEL,1930,2023-08,4.4658,57.728,False,8.5622,19.325
BHEL,1933,2023-09,11.346,71.734,False,-4.3432,4.5514
BHEL,1938,2023-09,5.0483,76.734,False,-9.2377,-14.251
BHEL,1990,2023-11,6.6919,67.69,False,11.163,9.6218
BHEL,1992,2023-11,4.7271,77.401,False,8.1318,3.7435
BHEL,2008,2023-12,4.4168,75.476,False,21.246,4.8285
BHEL,2012,2023-12,5.2809,63.639,False,15.941,1.6335
BHEL,2059,2024-03,12.023,61.369,False,-5.6096,-7.6081
BHEL,2071,2024-03,4.748,42.7,False,9.3558,4.7427
BHEL,2121,2024-06,7.9618,35.567,False,7.0599,6.6337
BHEL,2299,2025-02,4.6207,40.324,True,6.6316,-2.42
BHEL,2307,2025-03,4.0909,35.641,True,7.9759,-1.3597
BHEL,2560,2026-03,5.6852,47.935,True,6.508,-3.5061
BHEL,2662,2026-08,4.3644,51.466,True,7.1824,1.226
BHEL,2673,2026-08,4.9233,52.674,True,0.29824,0.21697
BIOCON,1430,2021-08,4.1151,26.846,False,-0.57178,-0.56806
BIOCON,1446,2021-09,4.7565,44.065,False,-11.936,-3.5567
BIOCON,1486,2021-11,4.3792,48.311,False,8.6758,4.2764
BIOCON,1502,2021-12,4.5682,50.447,False,-7.8783,-0.70152
BIOCON,1627,2022-06,4.4336,37.418,False,-2.7666,2.024
BIOCON,1760,2022-12,4.5045,35.01,False,-7.9507,-2.4977
BIOCON,1889,2023-06,7.2238,54.758,True,-5.8672,-5.2842
BIOCON,2002,2023-12,4.3672,54.85,True,9.5221,-3.947
BIOCON,2015,2024-01,4.5175,56.643,True,0.35997,6.0031
BIOCON,2016,2024-01,6.752,62.188,True,-5.4187,-0.97977
BIOCON,2066,2024-03,5.0773,45.853,True,-1.5606,-6.5751
BIOCON,2121,2024-06,8.1202,41.507,False,4.4812,-1.0977
BIOCON,2182,2024-09,5.1566,60.778,False,-6.4166,2.4772
BIOCON,2238,2024-11,4.9593,49.512,False,-0.5715,4.736
BIOCON,2258,2024-12,4.6451,38.882,False,14.863,6.7994
BIOCON,2261,2024-12,5.0048,47.704,False,3.9535,-2.6788
BLUESTARCO,2555,2026-03,4.4265,48.9,False,-14.425,4.7089
BLUESTARCO,2559,2026-03,4.4504,46.1,False,-10.964,-6.0762
BLUESTARCO,2623,2026-06,4.1738,47.007,False,2.5826,-2.4483
BOSCHLTD,1641,2022-06,6.233,59.483,False,0.31716,2.369
BOSCHLTD,2183,2024-09,4.1228,47.698,False,9.2664,0.0063267
BOSCHLTD,2388,2025-07,6.23,58.266,False,19.698,5.2097
BOSCHLTD,2389,2025-07,4.2132,59.785,False,15.741,2.6881
BOSCHLTD,2513,2026-01,8.3797,45.638,False,-2.6208,-1.3542
BOSCHLTD,2572,2026-04,5.0167,33.502,False,10.484,15.005
BOSCHLTD,2573,2026-04,4.7478,30.187,False,5.6225,10.088
BPCL,1743,2022-11,4.7538,65.235,False,-1.8299,-1.6247
BPCL,1819,2023-03,6.1575,49.456,False,-6.4539,-1.4542
BPCL,2045,2024-02,6.2894,70.473,False,-5.0648,0.35688
BPCL,2046,2024-02,4.3424,67.964,False,-8.0074,-5.7031
BPCL,2372,2025-06,4.1475,57.923,False,2.8669,-4.2717
BPCL,2389,2025-07,4.2151,62.587,False,-4.8612,0.64212
BPCL,2448,2025-09,4.3196,60.945,True,-2.9924,-0.98774
BPCL,2580,2026-04,4.3437,44.561,True,-2.9311,0.47652
BRITANNIA,1428,2021-08,5.423,68.124,False,-1.1034,-0.56783
BRITANNIA,2119,2024-06,8.9732,56.931,False,-8.8372,-2.8797
BRITANNIA,2425,2025-08,4.8976,48.624,False,1.9702,2.2695
BSE,2313,2025-03,5.4935,29.146,True,44.407,8.156
BSE,2317,2025-03,5.6054,32.66,True,36.407,-0.84611
BSE,2319,2025-03,6.0473,44.149,True,31.826,13.733
BSE,2323,2025-03,4.2377,49.932,True,32.414,20.509
BSE,2324,2025-03,17.289,46.056,True,11.379,0.15661
BSE,2364,2025-05,8.8345,60.009,True,0.02541,8.4838
BSE,2432,2025-09,4.4829,38.985,True,-5.9351,-6.8019
BSE,2452,2025-10,5.2105,39.308,True,10.302,10.85
BSE,2572,2026-04,5.3021,47.726,True,22.883,8.572
CAMS,2294,2025-02,4.5448,33.868,True,-0.71976,-4.1512
CAMS,2317,2025-03,5.6129,48.218,True,-0.732,-6.1621
CAMS,2365,2025-06,4.634,59.229,False,0.21954,1.4373
CANBK,1581,2022-04,4.1789,54.136,False,-1.6769,2.6662
CANBK,1617,2022-05,4.2268,33.597,True,-3.5206,6.0439
CANBK,1939,2023-09,5.2586,58.352,True,3.4856,2.5423
CANBK,1941,2023-09,4.1887,71.782,True,1.8927,1.3603
CANBK,1947,2023-09,5.4211,70.112,True,-5.35,-1.7568
CANBK,1982,2023-11,4.5791,60.125,True,3.2606,-3.7304
CANBK,2118,2024-06,5.4322,46.776,False,-13.243,-5.7994
CDSL,2316,2025-03,4.3702,29.663,False,10.86,4.2516
CDSL,2317,2025-03,4.4568,28.566,False,6.1884,-2.041
CDSL,2365,2025-06,10.153,73.946,False,3.1732,4.8179
CDSL,2368,2025-06,4.0245,85.135,False,-1.3667,-8.3116
CDSL,2624,2026-06,4.2675,57.86,False,4.1426,-2.1999
CGPOWER,2297,2025-02,5.4171,38.872,False,13.81,4.9238
CGPOWER,2317,2025-03,4.111,50.973,False,-8.4025,-6.8646
CGPOWER,2427,2025-08,4.8655,49.373,False,5.373,4.5732
CGPOWER,2609,2026-05,6.3574,63.245,True,-0.031701,2.1937
CGPOWER,2673,2026-08,4.2804,48.654,False,2.4295,0.38944
CHOLAFIN,1430,2021-08,4.5722,40.217,False,6.2123,5.3727
CHOLAFIN,1446,2021-09,4.4408,64.871,False,-6.739,-5.1354
CHOLAFIN,1513,2021-12,4.504,32.466,True,16.092,-6.6946
CHOLAFIN,1942,2023-09,4.0025,64.239,True,4.7312,0.25942
CHOLAFIN,2062,2024-03,6.1559,33.453,True,10.857,0.47873
CHOLAFIN,2126,2024-06,5.3438,58.887,False,-8.7626,-3.0326
CHOLAFIN,2248,2024-12,4.2516,47.782,True,-1.0158,-5.774
CHOLAFIN,2264,2025-01,5.4811,37.789,True,4.3139,3.8609
CHOLAFIN,2304,2025-02,5.1909,57.006,False,1.1396,1.1983
CHOLAFIN,2369,2025-06,4.3795,39.746,False,-6.1956,-1.5253
CHOLAFIN,2506,2025-12,5.8876,39.912,False,2.3355,1.4036
CHOLAFIN,2620,2026-06,5.7889,42.396,True,12.804,6.1488
CHOLAFIN,2621,2026-06,4.4746,40.388,True,6.1092,2.7091
CIPLA,1494,2021-11,10.324,43.009,False,-6.0978,-6.8432
CIPLA,1510,2021-12,6.0903,39.928,False,-8.5506,1.0468
CIPLA,1567,2022-03,5.5504,65.881,False,-8.238,-2.511
CIPLA,1697,2022-09,4.303,54.33,False,4.2353,4.9359
CIPLA,1760,2022-12,4.3899,43.535,False,-5.7315,-3.5102
CIPLA,2119,2024-06,6.6317,51.981,True,-9.7163,-1.8685
CIPLA,2626,2026-06,4.3531,44.661,False,0.64487,4.3045
COALINDIA,1443,2021-09,4.083,61.99,True,23.735,-0.68843
COALINDIA,1454,2021-09,5.0861,69.475,True,-3.3393,12.801
COALINDIA,1455,2021-09,6.598,70.276,True,-11.326,4.029
COALINDIA,1463,2021-10,4.1738,73.235,True,-15.903,-9.0984
COALINDIA,1520,2022-01,4.7681,41.982,False,5.0775,1.1448
COALINDIA,1563,2022-03,6.6068,70.067,True,-13.816,-10.97
COALINDIA,1572,2022-03,4.2371,53.42,True,8.9149,4.1096
COALINDIA,1584,2022-04,4.0005,58.657,True,2.6946,-2.0656
COALINDIA,1591,2022-04,5.633,52.42,True,-2.1235,-4.829
COALINDIA,1708,2022-10,4.2584,40.124,True,0.65347,2.0913
COALINDIA,1934,2023-09,4.12,48.406,False,16.487,9.9865
COALINDIA,1937,2023-09,6.5234,76.711,False,5.9348,-0.80065
COALINDIA,1958,2023-10,4.4586,64.477,False,5.7273,3.8583
COALINDIA,2006,2023-12,5.3907,60.941,False,2.717,-1.4979
COALINDIA,2109,2024-05,4.3401,59.344,True,-7.1592,-2.3954
COALINDIA,2513,2026-01,6.1587,65.543,False,3.492,0.028932
COALINDIA,2560,2026-03,6.1807,58.218,False,-9.9913,-0.87758
COCHINSHIP,2623,2026-06,4.3894,39.898,True,-6.3554,-0.79729
COCHINSHIP,2631,2026-06,5.961,46.699,True,-9.0007,-6.5481
COFORGE,1487,2021-11,4.7125,55.831,False,-3.016,-2.9576
COFORGE,1558,2022-02,4.0012,37.866,True,-6.2803,9.4818
COFORGE,1561,2022-03,4.7889,45.077,True,-12.93,-9.7203
COFORGE,1618,2022-05,4.4393,34.441,True,3.1481,0.80675
COFORGE,1619,2022-05,4.2894,35.481,True,2.0378,-7.1151
COFORGE,1635,2022-06,4.7834,39.71,True,-9.759,2.3798
COFORGE,1637,2022-06,4.0884,49.811,True,-8.5098,-5.4206
COFORGE,1732,2022-11,4.2435,46.977,True,-1.5152,-2.2417
COFORGE,1868,2023-05,4.0552,65.998,False,-0.053256,-3.4882
COFORGE,1927,2023-08,10.019,52.896,False,-3.48,1.8979
COFORGE,1984,2023-11,6.2411,48.903,False,4.2103,-1.8049
COFORGE,2003,2023-12,4.3706,70.028,False,3.5312,-0.99934
COFORGE,2119,2024-06,4.9396,49.353,True,3.2082,-2.2916
COFORGE,2186,2024-09,4.4525,73.272,False,8.4251,1.1167
COFORGE,2308,2025-03,7.1908,30.394,False,-18.166,-6.0831
COFORGE,2564,2026-03,4.5763,15.266,False,10.656,4.5397
COFORGE,2674,2026-08,5.5792,68.223,True,-6.4105,-1.1151
COLPAL,1594,2022-04,4.1846,50.088,False,4.3048,3.4719
COLPAL,1682,2022-08,5.1401,49.074,False,-1.7935,-2.0744
COLPAL,2119,2024-06,10.492,42.573,True,-8.7172,-1.4543
COLPAL,2238,2024-11,4.2778,21.255,False,-5.7284,-3.1841
COLPAL,2582,2026-04,5.8555,49.406,False,4.8454,4.7814
CONCOR,1437,2021-09,5.9308,55.451,True,-6.2953,0.011547
CONCOR,1496,2021-11,4.0505,27.523,True,-2.9849,1.2029
CONCOR,1576,2022-03,11.395,55.246,True,-7.1663,-4.2505
CONCOR,1584,2022-04,4.9009,65.449,True,-3.9292,-3.4989
CONCOR,1627,2022-06,4.7842,47.302,True,1.3718,0.78867
CONCOR,1688,2022-09,8.7223,44.071,False,-0.80769,3.397
CONCOR,1998,2023-12,5.6133,77.684,False,2.2935,2.428
CONCOR,2083,2024-04,4.5182,51.003,False,7.0439,-2.0406
CONCOR,2118,2024-06,5.9936,55.475,False,-16.401,-10.329
CONCOR,2121,2024-06,5.1016,39.464,False,-6.2843,5.5958
CONCOR,2125,2024-06,4.673,51.09,False,-11.663,-5.2141
CONCOR,2297,2025-02,4.0372,34.843,False,-2.6866,-2.2669
CONCOR,2308,2025-03,4.3131,29.403,False,1.0054,-3.2307
CONCOR,2663,2026-08,4.3824,56.993,False,-1.9548,-2.263
CONCOR,2674,2026-08,4.3027,54.818,False,-7.2088,-0.59068
CROMPTON,1507,2021-12,4.2045,38.189,False,-2.776,-2.4057
CROMPTON,1680,2022-08,5.8372,54.379,True,-1.1244,-3.9316
CROMPTON,1687,2022-09,4.7178,52.855,True,-0.77974,-2.1968
CROMPTON,1697,2022-09,4.5353,49.386,True,-5.722,1.8208
CROMPTON,2013,2023-12,4.7214,58.651,False,-3.435,1.6899
CROMPTON,2308,2025-03,4.1808,38.629,False,-7.169,3.0007
CUMMINSIND,1393,2021-06,5.8765,63.956,True,-6.9391,-4.8146
CUMMINSIND,1752,2022-12,4.2818,74.23,False,-2.763,-5.4073
DABUR,1569,2022-03,4.2036,49.721,False,-5.2017,-9.7587
DABUR,1744,2022-11,5.8782,55.963,False,-0.88564,-0.40697
DABUR,2119,2024-06,12.06,50.91,False,-5.7179,-0.40093
DABUR,2429,2025-09,4.1853,53.302,False,-10.105,-1.43
DELHIVERY,2329,2025-04,6.9334,50.914,False,3.3473,-7.9209
DELHIVERY,2381,2025-06,4.2862,54.85,True,15.604,-0.34628
DELHIVERY,2452,2025-10,5.0488,34.871,True,2.5462,1.6342
DELHIVERY,2496,2025-12,4.7993,35.513,False,0.31823,-3.5198
DELHIVERY,2564,2026-03,4.1996,37.807,True,8.1652,3.6382
DELHIVERY,2626,2026-06,4.549,56.842,True,-0.34546,-1.6348
DELHIVERY,2632,2026-07,6.9651,53.563,True,-8.6335,-0.8364
DELHIVERY,2673,2026-08,4.2691,37.545,False,-5.537,0.35834
DIVISLAB,1458,2021-10,7.1295,36.006,True,-1.6006,-3.117
DIVISLAB,1494,2021-11,5.7822,36.693,False,-9.9913,-4.8505
DIVISLAB,1760,2022-12,6.0015,46.404,False,-3.7061,-1.8266
DIVISLAB,1835,2023-04,9.2188,58.349,False,0.19456,0.58497
DIVISLAB,1892,2023-07,5.5241,59.219,False,-2.3803,-3.1705
DIVISLAB,2010,2023-12,4.1309,45.162,False,-5.6683,3.0728
DIVISLAB,2186,2024-09,4.4695,65.91,False,10.427,-1.2228
DIVISLAB,2206,2024-10,8.1056,60.637,False,1.2087,2.0881
DIVISLAB,2453,2025-10,4.6491,42.623,False,10.972,7.1399
DIVISLAB,2515,2026-01,4.6571,48.205,True,-7.5038,-1.586
DIXON,1511,2021-12,4.3078,52.04,False,-13.025,-1.1831
DIXON,1558,2022-02,6.9698,38.831,False,-8.7332,-3.8394
DIXON,1583,2022-04,5.8526,51.614,False,-7.2977,-4.1
DIXON,1688,2022-09,4.3704,66.313,True,3.0804,3.0509
DIXON,1806,2023-02,4.3069,24.006,False,2.8323,5.5417
DIXON,1808,2023-02,4.5335,40.021,False,-2.2589,-1.8764
DIXON,1874,2023-06,4.1832,77.068,False,0.41013,12.052
DIXON,1879,2023-06,5.0241,86.019,False,-10.5,-3.4774
DIXON,1994,2023-12,7.3344,55.575,False,1.0846,-3.4285
DIXON,2000,2023-12,6.7037,73.695,False,-3.049,-3.7841
DIXON,2048,2024-02,5.3645,58.735,True,4.2361,2.7973
DIXON,2077,2024-04,4.2991,68.929,True,6.483,-3.8516
DIXON,2126,2024-06,4.8907,67.161,False,9.4129,5.6685
DIXON,2190,2024-09,7.2818,55.849,True,11.204,-0.48667
DIXON,2242,2024-12,5.4503,59.435,True,9.4039,1.869
DIXON,2252,2024-12,5.2908,75.552,True,-7.7185,-0.90682
DIXON,2332,2025-04,5.7581,43.119,True,4.4764,10.539
DIXON,2380,2025-06,4.2898,34.468,True,11.07,0.45448
DIXON,2428,2025-09,4.5331,54.568,True,-5.3716,1.6201
DIXON,2498,2025-12,4.6118,24.123,True,-7.7204,2.525
DIXON,2552,2026-02,5.3196,35.116,False,7.1335,-2.4972
DIXON,2558,2026-03,10.289,35.34,False,-1.4472,-3.0601
DIXON,2572,2026-04,4.4481,43.654,False,4.7152,-1.3983
DIXON,2623,2026-06,4.4851,60.986,False,12.908,-5.745
DLF,1436,2021-09,4.1637,48.592,True,21.978,-1.2578
DLF,1450,2021-09,11.684,43.718,True,6.5216,10.198
DLF,1451,2021-09,7.313,49.65,True,1.1084,4.7789
DLF,1504,2021-12,5.1747,49.248,True,-6.3254,-4.0814
DLF,1556,2022-02,6.2893,34.051,False,5.3561,1.6262
DLF,1558,2022-02,6.3038,38.332,False,2.7304,-5.5079
DLF,1564,2022-03,4.1546,37.814,False,9.3733,-0.74203
DLF,1819,2023-03,4.1471,42.125,True,13.205,1.3833
DLF,1832,2023-04,4.0784,52.8,True,8.8444,7.6728
DLF,1833,2023-04,5.7608,56.515,True,2.9789,4.1304
DLF,2076,2024-04,5.1084,55.649,False,-6.4817,-4.2633
DLF,2312,2025-03,4.0051,41.466,False,-9.1512,1.4677
DLF,2333,2025-04,4.0958,35.046,False,-0.64305,-0.72152
DLF,2369,2025-06,5.5999,71.614,True,-7.0593,-2.3578
DLF,2632,2026-07,4.0336,54.901,False,2.1142,-1.9404
DMART,2286,2025-02,9.9107,46.037,False,-8.5658,-7.4862
DMART,2407,2025-07,6.925,33.5,False,12.609,0.019692
DMART,2557,2026-03,4.06,49.575,False,12.193,-1.3519
DRREDDY,1494,2021-11,6.3765,36.679,True,-2.4194,-4.4398
DRREDDY,1562,2022-03,4.4842,25.38,True,1.4394,1.2776
DRREDDY,1575,2022-03,5.0076,47.638,True,-3.5513,-2.3587
DRREDDY,2119,2024-06,5.0216,39.331,False,0.96339,-1.1151
DRREDDY,2255,2024-12,4.9573,50.547,False,1.713,5.2041
DRREDDY,2661,2026-08,4.4429,38.762,False,-1.2527,-1.0697
EICHERMOT,1637,2022-06,4.9398,54.457,True,2.3687,-2.5035
EICHERMOT,1995,2023-12,5.3641,71.277,True,-11.808,-5.3906
EICHERMOT,2070,2024-03,4.118,39.916,True,14.079,1.3378
EICHERMOT,2264,2025-01,6.7771,50.481,False,0.98448,-0.6213
EICHERMOT,2576,2026-04,4.1771,39.041,False,1.4699,-1.0209
ETERNAL,2299,2025-02,4.8859,41.842,False,-4.8213,-0.66023
ETERNAL,2316,2025-03,5.6723,32.412,False,1.5111,-7.6846
ETERNAL,2364,2025-05,4.6864,45.265,False,6.1079,8.6725
ETERNAL,2539,2026-02,4.9134,51.785,True,-18.548,-6.7216
ETERNAL,2563,2026-03,4.9339,19.412,True,5.1172,4.0567
FEDERALBNK,2046,2024-02,4.4605,49.802,True,-8.0035,-3.5055
FEDERALBNK,2047,2024-02,4.5793,53.986,True,-8.7634,-8.4081
FEDERALBNK,2120,2024-06,4.0091,59.202,False,1.3603,1.4073
FORCEMOT,2614,2026-06,6.1811,33.029,False,-2.698,-7.1585
FORCEMOT,2631,2026-06,4.5718,47.243,False,-8.1346,-1.3521
FORTIS,2448,2025-09,4.1543,50.903,True,2.7751,5.2074
FORTIS,2452,2025-10,6.7602,63.909,True,-5.5656,3.1271
GAIL,1444,2021-09,6.7802,49.528,True,-2.461,-5.0833
GAIL,1559,2022-02,6.6421,34.595,True,1.5531,13.121
GAIL,1560,2022-03,6.435,43.398,True,-3.3295,2.6576
GAIL,1561,2022-03,4.8779,56.071,True,-5.3781,-8.0097
GAIL,1563,2022-03,6.3411,67.493,True,-13.949,-12.298
GAIL,1806,2023-02,5.7669,47.598,False,2.9938,0.81396
GAIL,1933,2023-09,4.5791,53.275,False,1.5129,3.3521
GAIL,1993,2023-11,4.5838,53.28,True,14.768,3.6906
GAIL,2009,2023-12,7.232,53.56,True,8.6363,7.6745
GAIL,2046,2024-02,4.2153,52.921,True,-5.69,-2.6753
GAIL,2073,2024-03,4.0926,46.466,True,13.186,2.6206
GAIL,2081,2024-04,4.5647,58.549,True,-0.77397,4.6376
GAIL,2118,2024-06,9.7169,49.458,True,-7.8423,-9.9705
GAIL,2121,2024-06,5.6446,44.19,True,0.47035,3.0178
GLENMARK,1563,2022-03,4.3789,37.295,False,-5.448,-3.905
GLENMARK,1706,2022-10,4.3629,53.646,False,-3.0288,-4.9627
GLENMARK,1760,2022-12,8.6243,45.091,False,-4.8297,-4.0947
GLENMARK,1873,2023-06,4.3111,68.851,False,-3.5224,-4.2085
GLENMARK,1941,2023-09,5.4744,61.962,False,-5.9741,-2.5254
GLENMARK,1952,2023-09,9.5223,44.631,False,-9.94,-7.8596
GLENMARK,2015,2024-01,4.2243,62.271,False,1.9413,0.1151
GLENMARK,2195,2024-09,4.0508,48.98,False,3.7018,-1.9703
GLENMARK,2393,2025-07,5.1588,75.362,True,11.144,17.72
GLENMARK,2394,2025-07,15.364,72.439,True,-4.4671,2.5671
GLENMARK,2558,2026-03,4.1376,60.302,False,-2.1328,-0.97508
GLENMARK,2586,2026-04,5.0822,59.391,False,-1.5634,3.5895
GMRAIRPORT,1436,2021-09,4.6295,55.688,True,23.204,-1.1535
GMRAIRPORT,1445,2021-09,6.8643,55.178,True,33.915,11.884
GMRAIRPORT,1448,2021-09,8.9944,69.021,True,16.55,4.3715
GMRAIRPORT,1455,2021-09,6.2074,78.618,True,3.5912,3.5997
GMRAIRPORT,1457,2021-10,7.3987,78.468,True,0.59093,-6.1638
GMRAIRPORT,1463,2021-10,8.9804,72.868,True,-3.4906,-5.8443
GMRAIRPORT,1498,2021-12,6.0448,40.023,True,13.9,5.3223
GMRAIRPORT,1512,2021-12,6.4275,43.252,True,5.0648,8.3225
GMRAIRPORT,1515,2021-12,7.7211,55.084,True,-7.0439,-0.63866
GMRAIRPORT,1525,2022-01,4.716,66.031,True,-1.1155,-1.883
GMRAIRPORT,1558,2022-02,6.1695,38.898,True,-6.3267,1.6505
GMRAIRPORT,1581,2022-04,4.0996,44.885,True,-1.7692,3.2785
GMRAIRPORT,1584,2022-04,4.3782,54.527,True,-8.9712,-3.0934
GMRAIRPORT,1684,2022-09,8.0341,47.62,False,-3.7413,1.476
GMRAIRPORT,1818,2023-03,5.2337,50.941,False,2.8905,-5.2394
GMRAIRPORT,1830,2023-04,6.931,49.476,False,0.90175,-1.9962
GMRAIRPORT,1990,2023-11,5.7286,50.838,True,14.027,-1.4656
GMRAIRPORT,1999,2023-12,11.343,62.391,True,23.342,9.9682
GMRAIRPORT,2000,2023-12,5.9637,63.68,True,13.207,4.9159
GMRAIRPORT,2002,2023-12,7.2811,83.759,True,6.9291,-8.8421
GMRAIRPORT,2013,2023-12,5.7873,61.707,True,-3.136,4.0637
GMRAIRPORT,2071,2024-03,5.1697,34.589,False,2.2713,3.3912
GMRAIRPORT,2093,2024-04,7.243,50.865,False,-5.2858,-8.5008
GMRAIRPORT,2327,2025-04,5.2485,61.864,True,0.02598,5.2749
GMRAIRPORT,2329,2025-04,5.0763,74.401,True,-6.1134,-1.7863
GMRAIRPORT,2499,2025-12,5.7228,44.205,False,-3.479,-2.5739
GODREJCP,1511,2021-12,4.1792,40.861,False,-9.1004,0.34027
GODREJCP,1564,2022-03,4.5212,25.663,False,-4.0625,-0.88703
GODREJCP,1585,2022-04,4.8113,57.6,False,6.4324,4.3449
GODREJCP,1634,2022-06,4.2759,42.368,False,6.944,1.7101
GODREJCP,1688,2022-09,4.1503,52.407,False,-8.2824,-4.1132
GODREJCP,2119,2024-06,9.1402,47.051,False,-9.716,-0.50908
GODREJCP,2300,2025-02,4.9763,28.239,False,-0.49235,-3.2118
GODREJCP,2390,2025-07,6.3279,37.692,True,1.2127,1.1566
GODREJPROP,1436,2021-09,5.1318,46.07,False,44.783,-0.36539
GODREJPROP,1450,2021-09,13.283,66.133,False,13.217,17.241
GODREJPROP,1451,2021-09,11.146,74.902,False,5.065,6.0789
GODREJPROP,1453,2021-09,4.2902,90.883,False,0.10058,2.9961
GODREJPROP,1879,2023-06,4.5499,72.923,True,1.2651,-5.2124
GODREJPROP,2003,2023-12,5.3594,60.146,True,6.7505,-5.5644
GODREJPROP,2017,2024-01,7.3246,61.029,True,6.1014,1.3359
GODREJPROP,2195,2024-09,6.2648,49.982,False,-3.4513,-0.67937
GODREJPROP,2369,2025-06,5.6854,59.012,False,-8.6288,-1.6871
GODREJPROP,2632,2026-07,4.3953,59.538,True,8.8146,1.3412
GRASIM,1524,2022-01,4.1047,60.271,True,-1.5718,0.64095
GRASIM,1586,2022-04,4.4884,62.73,True,-4.4146,1.582
GVT&D,2672,2026-08,4.2248,42.754,False,3.3011,-1.2826
HAL,1559,2022-02,4.751,37.53,False,-3.1699,-0.014043
HAL,1570,2022-03,4.3246,54.597,False,17.504,-5.4945
HAL,1580,2022-03,5.9084,53.241,False,8.1566,5.0924
HAL,1587,2022-04,4.269,73.824,False,0.69959,2.4393
HAL,1633,2022-06,6.0904,59.53,False,-14.222,-8.2363
HAL,1691,2022-09,6.8243,80.119,True,-4.2581,-3.523
HAL,1708,2022-10,4.2279,43.365,True,-1.2903,-3.0272
HAL,1813,2023-03,5.3833,63.523,False,-1.0991,1.4254
HAL,1875,2023-06,6.2076,79.695,True,-3.2925,1.3904
HAL,1997,2023-12,5.9358,87.449,False,3.3532,1.905
HAL,2073,2024-03,4.5165,51.282,True,18.633,6.5964
HAL,2077,2024-04,4.142,60.595,True,10.356,-0.93355
HAL,2121,2024-06,6.0232,45.75,True,12.2,6.5603
HAL,2128,2024-06,6.0079,62.868,True,-8.3563,-3.8076
HAL,2307,2025-03,4.0596,27.367,False,24.967,2.4205
HAL,2317,2025-03,4.1679,47.545,False,8.8902,7.6445
HAL,2320,2025-03,4.8116,64.39,False,-0.18776,4.1661
HAL,2556,2026-03,4.6629,34.383,False,-1.2248,2.4078
HAL,2577,2026-04,4.1354,46.941,False,17.576,6.1846
HAL,2623,2026-06,4.4074,48.808,False,-0.73482,-1.9777
HAVELLS,1436,2021-09,6.3418,65.351,True,-1.2552,4.7229
HAVELLS,1583,2022-04,7.1699,55.744,False,6.8232,1.962
HAVELLS,1938,2023-09,5.3558,56.369,False,-3.0399,-3.3928
HAVELLS,2055,2024-02,5.5515,63.587,False,-3.1629,-1.6577
HAVELLS,2286,2025-02,5.8581,42.641,False,-8.0863,-3.0633
HCLTECH,2119,2024-06,5.1001,34.113,False,2.447,3.1109
HDFCAMC,1441,2021-09,4.601,74.482,False,-13.688,-1.1286
HDFCAMC,1673,2022-08,10.774,65.428,False,-8.0587,0.14778
HDFCAMC,1750,2022-12,4.1729,70.082,False,-1.4828,-0.86404
HDFCAMC,1822,2023-03,4.3046,20.932,False,-2.9605,-3.7544
HDFCAMC,1865,2023-05,4.2256,37.683,False,7.5526,5.5039
HDFCAMC,1882,2023-06,10.9,53.342,False,8.8126,-2.6641
HDFCAMC,1939,2023-09,4.1616,55.362,False,3.8622,-1.4511
HDFCAMC,2125,2024-06,4.6561,50.015,True,-0.018399,-4.031
HDFCAMC,2621,2026-06,5.8221,31.454,False,0.38616,1.3206
HDFCLIFE,1437,2021-09,4.7047,73.911,False,-5.8118,-3.8263
HDFCLIFE,1560,2022-03,8.3057,28.517,False,-9.3916,-6.8411
HDFCLIFE,1794,2023-02,4.4532,16.078,False,-2.0134,1.0779
HDFCLIFE,1880,2023-06,4.6932,59.677,False,4.5563,3.5089
HDFCLIFE,2001,2023-12,5.6141,59.367,False,-12.419,-8.6437
HDFCLIFE,2039,2024-02,4.4944,30.277,False,0.59926,0.119
HEROMOTOCO,1637,2022-06,4.998,44.667,False,-0.43488,0.077919
HEROMOTOCO,1891,2023-07,4.177,60.814,False,0.41926,1.9529
HEROMOTOCO,1892,2023-07,4.1889,59.301,False,-6.0667,-2.6293
HEROMOTOCO,1989,2023-11,4.5728,70.913,True,2.3011,2.8384
HEROMOTOCO,2119,2024-06,8.8379,63.87,False,-6.0996,2.4637
HINDALCO,1519,2021-12,4.8876,51.163,True,2.7306,0.94168
HINDALCO,1559,2022-02,6.6505,51.911,True,0.15622,7.2808
HINDALCO,1560,2022-03,5.7117,59.165,True,-10.461,-0.62868
HINDALCO,1563,2022-03,8.5106,76.718,True,-18.701,-11.217
HINDALCO,1640,2022-06,4.0072,27.655,True,6.9751,0.5531
HINDALCO,1647,2022-07,5.1763,41.139,True,8.6719,-2.4561
HINDALCO,1708,2022-10,4.3873,41.033,True,-0.38345,-1.0483
HINDALCO,1748,2022-12,4.3327,65.494,False,3.7186,-3.1001
HINDALCO,1764,2022-12,5.6792,39.588,False,2.7853,1.1467
HINDALCO,1952,2023-09,4.9386,51.823,False,-4.074,-4.1868
HINDALCO,2272,2025-01,4.4257,29.403,True,-0.21382,4.5333
HINDALCO,2332,2025-04,4.5191,25.699,False,0.12796,-2.7558
HINDALCO,2571,2026-03,4.1874,40.439,False,9.7101,-0.035221
HINDALCO,2577,2026-04,4.4826,59.032,False,3.4787,2.7897
HINDPETRO,1454,2021-09,5.583,54.072,False,11.711,7.2308
HINDPETRO,1561,2022-03,5.2412,36.383,False,-8.013,-0.7412
HINDPETRO,1567,2022-03,5.213,38.72,False,-3.9902,-9.2695
HINDPETRO,1591,2022-04,4.6576,55.534,False,-12.797,-1.7885
HINDPETRO,1636,2022-06,4.2579,28.189,False,-3.0114,-2.938
HINDPETRO,1643,2022-07,5.3583,45.081,False,-3.5579,2.4603
HINDPETRO,1743,2022-11,5.2375,61.788,False,-0.42363,-4.4571
HINDPETRO,1750,2022-12,4.235,60.192,False,6.2321,3.637
HINDPETRO,1753,2022-12,4.9554,62.229,False,-0.72903,-3.11
HINDPETRO,1819,2023-03,6.0636,52.691,False,-6.4738,-1.4637
HINDPETRO,1873,2023-06,4.7658,52.86,True,4.8385,-0.61863
HINDPETRO,1876,2023-06,4.0854,58.369,True,3.2412,-1.2736
HINDPETRO,1989,2023-11,6.9892,67.352,True,5.0351,3.227
HINDPETRO,1991,2023-11,6.5625,75.983,True,2.3435,6.2473
HINDPETRO,1995,2023-12,6.8899,77.844,True,3.63,-5.8467
HINDPETRO,2002,2023-12,4.9172,65.84,True,15.165,-3.9661
HINDPETRO,2045,2024-02,7.8574,61.197,False,-11.845,-1.1836
HINDPETRO,2046,2024-02,5.511,61.101,False,-14.293,-7.8332
HINDPETRO,2118,2024-06,5.1295,57.551,False,-19.331,-10.549
HINDPETRO,2182,2024-09,4.8291,75.37,False,-7.1453,-7.0873
HINDPETRO,2307,2025-03,6.0085,27.811,True,9.5138,2.5298
HINDPETRO,2319,2025-03,5.3727,49.922,True,5.3566,0.038972
HINDPETRO,2384,2025-06,4.1016,56.292,False,-0.98448,1.7752
HINDPETRO,2576,2026-04,6.1341,32.43,False,5.3106,0.6263
HINDPETRO,2620,2026-06,4.3523,45.787,True,-1.9853,-1.019
HINDUNILVR,1428,2021-08,6.0782,67.958,False,0.96505,0.49696
HINDUNILVR,1744,2022-11,4.0186,51.654,False,0.86448,0.44986
HINDUNILVR,2119,2024-06,11.889,49.689,False,-10.603,-4.0919
HINDZINC,2366,2025-06,4.147,58.693,True,-8.187,11.452
HINDZINC,2368,2025-06,4.5119,62.244,True,-12.201,4.4729
HINDZINC,2370,2025-06,4.1291,69.685,True,-18.283,-1.861
HINDZINC,2497,2025-12,4.6298,53.707,True,14.583,12.381
HINDZINC,2499,2025-12,6.889,63.299,True,12.653,4.9443
HINDZINC,2672,2026-08,6.2416,65.276,True,-1.7425,-5.0598
ICICIGI,1433,2021-08,5.4726,47.292,False,-6.4604,0.73357
ICICIGI,1866,2023-05,7.7363,45.842,False,6.9156,2.7998
ICICIGI,2039,2024-02,4.0399,60.806,False,1.3564,3.1542
ICICIGI,2054,2024-02,4.2717,68.952,False,-3.5657,-5.5626
ICICIGI,2369,2025-06,5.8361,54.757,False,-0.56609,-2.3172
ICICIPRULI,1621,2022-06,5.4148,60.589,False,-7.7194,0.023761
ICICIPRULI,1819,2023-03,6.5866,29.759,False,4.8582,1.4939
ICICIPRULI,2119,2024-06,4.2719,35.163,False,5.6881,0.64016
IDEA,1497,2021-12,14.755,59.034,True,12.429,9.7646
IDEA,1499,2021-12,14.068,69.98,True,5.1234,11.475
IDEA,1500,2021-12,5.4603,69.98,True,-0.74187,0.44706
IDEA,1503,2021-12,14.416,70.774,True,-8.2049,-9.0233
IDEA,1554,2022-02,6.037,39.213,False,-11.528,-6.2357
IDEA,1561,2022-03,6.8699,41.966,False,-16.305,-8.4347
IDEA,1584,2022-04,5.1817,49.959,False,-8.8637,-2.0293
IDEA,1635,2022-06,4.4089,33.565,True,1.2399,3.192
IDEA,1688,2022-09,6.7341,58.687,False,-6.2221,-2.3424
IDEA,1755,2022-12,9.2126,34.861,False,-9.9654,-5.2329
IDEA,1830,2023-04,5.8139,27.48,False,8.1487,-1.7586
IDEA,1841,2023-04,6.6138,39.129,False,4.42,5.06
IDEA,1883,2023-06,4.5164,58.936,False,-8.7223,-4.6722
IDEA,1933,2023-09,9.5546,69.517,False,19.329,2.8309
IDEA,1936,2023-09,7.3911,78.827,False,2.4104,0.75612
IDEA,1939,2023-09,6.729,77.633,False,5.6024,-4.4147
IDEA,1941,2023-09,4.3778,82.605,False,10.49,0.0789
IDEA,1943,2023-09,6.8955,70.486,False,3.4055,-1.0445
IDEA,1947,2023-09,4.4924,63.322,False,-1.2924,3.0901
IDEA,2003,2023-12,4.4568,50.627,False,10.07,-2.6821
IDEA,2045,2024-02,5.3371,47.122,True,-21.169,-2.4606
IDEA,2051,2024-02,5.4526,58.808,True,-20.737,-15.392
IDEA,2052,2024-02,7.6901,52.235,True,-23.885,-19.846
IDEA,2066,2024-03,4.968,41.324,True,-1.3407,-1.8719
IDEA,2076,2024-04,5.0553,43.951,True,-6.7332,-7.171
IDEA,2120,2024-06,9.1376,71.475,False,10.086,7.3437
IDEA,2134,2024-06,4.2066,65.231,False,-18.201,-4.9921
IDEA,2261,2024-12,4.7236,41.314,False,17.674,1.3477
IDEA,2272,2025-01,6.1989,45.887,False,9.3473,13.918
IDEA,2308,2025-03,4.6342,33.024,False,-2.0929,-10.837
IDEA,2317,2025-03,4.4677,31.155,False,1.4348,-8.095
IDEA,2319,2025-03,4.2698,43.622,False,0.039763,-11.675
IDEA,2325,2025-04,20.621,37.418,False,-17.51,-8.9526
IDEA,2336,2025-04,9.2484,45.857,False,-21.34,-8.714
IDEA,2381,2025-06,4.4427,42.266,False,7.1783,6.4243
IDEA,2395,2025-07,7.8,57.693,False,-12.604,-1.2611
IDEA,2432,2025-09,9.3526,45.877,False,15.6,4.2498
IDEA,2438,2025-09,6.4447,61.306,False,2.2083,2.3501
IDEA,2442,2025-09,7.5226,62.033,False,4.2008,-2.0591
IDEA,2444,2025-09,4.0636,70.099,False,6.1162,-4.7375
IDEA,2453,2025-10,8.2603,65.687,False,-0.80828,-9.2706
IDEA,2613,2026-06,5.2048,79.25,True,-5.9718,-5.9074
IDFCFIRSTB,1373,2021-06,5.8992,57.308,False,-12.197,-2.6206
IDFCFIRSTB,1446,2021-09,4.0995,58.203,False,-7.2542,-6.0959
IDFCFIRSTB,1455,2021-09,4.6426,48.173,False,1.5739,-2.5128
IDFCFIRSTB,1504,2021-12,5.2842,51.4,False,-7.4774,-4.9592
IDFCFIRSTB,1558,2022-02,5.5715,35.081,True,-14.063,-0.053469
IDFCFIRSTB,1678,2022-08,5.002,72.701,True,9.215,5.5075
IDFCFIRSTB,1679,2022-08,5.3813,65.001,True,3.887,1.2947
IDFCFIRSTB,1694,2022-09,4.3364,67.137,True,6.6175,-2.7861
IDFCFIRSTB,1934,2023-09,4.9258,72.127,False,-6.5208,-4.5141
IDFCFIRSTB,2128,2024-06,4.0426,48.722,False,-8.9776,0.8964
IDFCFIRSTB,2369,2025-06,6.092,53.54,False,6.8254,-0.6037
IEX,1499,2021-12,6.3453,44.598,True,-2.2585,13.425
IEX,1504,2021-12,9.4443,57.088,True,-13.562,-10.446
IEX,1560,2022-03,5.1026,36.686,True,-0.38617,5.4671
IEX,1627,2022-06,4.3446,34.944,True,-9.5128,-2.1204
IEX,1738,2022-11,5.7183,42.582,False,-1.9343,-0.48036
IEX,1803,2023-02,4.2956,44.479,False,7.6217,3.0895
IEX,1818,2023-03,4.6501,50.49,False,-2.659,-2.3055
IEX,1830,2023-04,4.3906,28.994,False,14.183,13.753
IEX,1832,2023-04,10.273,39.663,False,2.352,1.3525
IEX,1998,2023-12,6.9428,64.375,False,0.025038,-4.8334
IEX,2058,2024-03,4.8104,43.69,True,-5.5222,-5.2314
IEX,2120,2024-06,4.7671,57.036,False,9.3805,7.3188
IEX,2315,2025-03,5.4345,40.333,False,9.1817,4.1697
IEX,2490,2025-12,5.4236,51.534,False,-9.2986,-2.633
INDHOTEL,1436,2021-09,5.0274,47.511,True,20.038,-2.0517
INDHOTEL,1448,2021-09,9.1215,67.484,True,27.342,14.748
INDHOTEL,1496,2021-11,4.9063,34.833,True,-0.27576,6.9624
INDHOTEL,1499,2021-12,5.5752,39.996,True,-7.1112,4.1428
INDHOTEL,1565,2022-03,4.7555,38.201,True,12.635,-2.3559
INDHOTEL,1576,2022-03,4.3073,60.355,True,1.9034,2.4819
INDHOTEL,1614,2022-05,4.0383,40.443,True,-1.862,-0.1347
INDHOTEL,1684,2022-09,4.4596,67.423,True,14.867,3.3391
INDHOTEL,1694,2022-09,4.591,80.197,True,-3.5536,1.18
INDHOTEL,1931,2023-08,5.9256,53.733,True,-3.8603,2.0117
INDHOTEL,2120,2024-06,4.6708,53.243,True,-0.68651,-1.2713
INDHOTEL,2308,2025-03,4.4683,41.602,True,2.8375,-1.823
INDIANB,2365,2025-06,4.9464,59.477,True,-3.8618,-0.89533
INDIGO,1447,2021-09,11.172,71.711,True,-11.783,-4.3258
INDIGO,1565,2022-03,4.8263,27.838,True,7.766,7.1136
INDIGO,1576,2022-03,4.562,46.138,True,-4.0939,-0.21525
INDIGO,2063,2024-03,4.349,46.084,True,15.844,2.0024
INDIGO,2073,2024-03,6.6613,61.362,True,10.617,-2.1783
INDIGO,2123,2024-06,4.5553,57.066,True,-10.964,-7.263
INDIGO,2173,2024-08,4.0962,50.138,False,6.0826,4.6099
INDIGO,2174,2024-08,5.0231,49.969,False,0.012739,0.68521
INDIGO,2572,2026-04,4.4592,39.486,False,-4.5872,1.3962
INDIGO,2576,2026-04,4.3433,48.888,False,-2.9457,-1.1683
INDUSINDBK,1446,2021-09,6.6777,60.812,True,2.7777,2.0904
INDUSINDBK,1497,2021-12,4.6545,23.784,True,-7.2794,-0.70636
INDUSINDBK,1693,2022-09,4.8307,66.581,True,2.7145,2.0944
INDUSINDBK,1695,2022-09,4.5726,76.435,True,-1.1974,-2.6141
INDUSINDBK,1813,2023-03,4.5451,50.811,False,-8.3934,-6.8464
INDUSINDBK,2120,2024-06,4.5032,65.715,False,-11.496,-4.4087
INDUSINDBK,2313,2025-03,4.5047,27.8,False,3.4692,-3.4825
INDUSINDBK,2325,2025-04,6.5587,27.992,False,18.247,2.0821
INDUSINDBK,2333,2025-04,4.5393,35.317,False,-1.5604,3.444
INDUSINDBK,2334,2025-04,6.648,38.082,False,-7.9638,0.35228
INDUSINDBK,2377,2025-06,5.2767,53.106,False,1.637,-4.3678
INDUSTOWER,1440,2021-09,8.0421,57.357,True,27.701,0.1038
INDUSTOWER,1446,2021-09,9.5129,67.086,True,9.3949,2.314
INDUSTOWER,1490,2021-11,4.597,49.657,True,-14.131,-1.6875
INDUSTOWER,1511,2021-12,5.2598,29.495,True,-4.5899,-4.8874
INDUSTOWER,1796,2023-02,5.6017,45.217,False,-5.1563,-1.3061
INDUSTOWER,1805,2023-02,4.8402,47.437,False,-11.379,-0.69829
INDUSTOWER,1865,2023-05,5.1228,41.991,False,2.2633,1.7926
INDUSTOWER,1936,2023-09,4.0149,61.088,True,-2.5974,-3.2065
INDUSTOWER,1998,2023-12,4.5364,51.099,True,10.565,2.2039
INDUSTOWER,2003,2023-12,5.7734,53.387,True,4.0844,-8.3406
INDUSTOWER,2052,2024-02,7.1278,50.997,True,12.835,8.3448
INDUSTOWER,2070,2024-03,5.1264,55.302,True,40.787,13.711
INDUSTOWER,2072,2024-03,8.048,55.657,True,27.283,10.526
INDUSTOWER,2073,2024-03,4.9687,55.306,True,22.478,3.8141
INDUSTOWER,2120,2024-06,4.6746,70.303,True,13.821,-0.45566
INDUSTOWER,2432,2025-09,4.0926,30.42,False,3.2655,5.549
INDUSTOWER,2512,2026-01,4.0068,63.081,False,2.1435,-0.29435
INFY,2119,2024-06,5.058,37.239,False,5.6067,0.82865
INFY,2350,2025-05,4.0949,50.014,False,-4.2254,-4.3977
INFY,2434,2025-09,4.5976,39.854,False,-1.5222,-1.2145
INFY,2603,2026-05,4.8966,33.876,False,-5.4454,-3.8816
INFY,2611,2026-06,4.2848,43.427,False,-19.063,-0.31886
INFY,2612,2026-06,5.2481,43.691,False,-24.88,-6.2833
INOXWIND,2566,2026-03,4.3406,31.706,True,19.607,-4.5611
INOXWIND,2572,2026-04,5.118,38.476,True,21.836,1.0138
INOXWIND,2580,2026-04,5.0633,53.204,True,6.5204,11.141
INOXWIND,2585,2026-04,5.3154,65.383,True,-6.3657,-1.6344
IOC,1454,2021-09,4.2206,64.31,True,3.5897,5.0475
IOC,1991,2023-11,4.1117,64.926,True,7.9414,3.7363
IOC,2045,2024-02,4.7712,66.511,True,-11.917,-1.8554
IOC,2118,2024-06,4.6891,43.149,False,-7.8797,-5.9256
IREDA,2354,2025-05,4.0908,53.061,True,-2.4659,-0.3549
IREDA,2370,2025-06,4.3859,58.222,True,-10.408,-7.9209
IREDA,2585,2026-04,9.8019,62.875,True,-6.1795,-1.6746
IREDA,2671,2026-08,4.0378,34.792,True,-4.5097,-4.3592
IRFC,2299,2025-02,4.2462,30.918,False,2.3268,-1.6451
IRFC,2317,2025-03,4.8596,41.979,False,-2.4104,-2.5001
IRFC,2354,2025-05,6.5954,56.828,False,0.81184,-0.89468
ITC,1446,2021-09,6.2005,65.358,True,6.969,3.8048
ITC,1503,2021-12,4.3759,41.688,False,-8.5919,-3.9676
ITC,1562,2022-03,4.312,43.017,False,1.962,2.251
ITC,1643,2022-07,4.1458,59.336,False,-2.5407,-0.10492
ITC,2065,2024-03,5.9638,42.364,False,-0.62256,-1.0668
JINDALSTEL,1455,2021-09,6.0486,38.031,True,7.2605,7.2767
JINDALSTEL,1522,2022-01,4.0143,52.332,True,4.5778,-5.7287
JINDALSTEL,1558,2022-02,5.5728,46.767,False,29.653,15.616
JINDALSTEL,1559,2022-02,5.4655,34.788,False,17.977,8.4939
JINDALSTEL,1560,2022-03,5.6619,47.782,False,14.609,2.6402
JINDALSTEL,1563,2022-03,4.2115,60.934,False,9.5888,0.777
JINDALSTEL,1746,2022-12,5.0776,61.512,False,7.5158,0.074987
JINDALSTEL,1764,2022-12,8.3558,45.39,False,3.8372,3.1724
JINDALSTEL,1881,2023-06,5.9426,50.474,False,4.8855,-1.0311
JINDALSTEL,2000,2023-12,4.6766,62.096,True,-1.5682,-0.028732
JINDALSTEL,2001,2023-12,4.4083,63.018,True,-5.8502,-5.2721
JINDALSTEL,2057,2024-03,4.384,49.17,True,8.2964,1.0797
JINDALSTEL,2068,2024-03,5.0957,48.531,True,14.155,3.6551
JINDALSTEL,2071,2024-03,4.2191,51.395,True,12.028,3.462
JINDALSTEL,2430,2025-09,4.9045,45.525,True,2.8834,-0.14012
JINDALSTEL,2560,2026-03,4.1554,51.087,False,-2.997,-4.5892
JIOFIN,2308,2025-03,4.0411,24.822,False,-0.3246,3.0967
JIOFIN,2361,2025-05,4.1248,69.347,False,2.1571,-1.621
JIOFIN,2534,2026-02,5.5638,18.371,False,-3.9067,1.3904
JSWENERGY,2301,2025-02,6.4983,37.772,False,7.8119,-1.8031
JSWENERGY,2308,2025-03,4.6338,46.11,False,-3.2594,0.41188
JSWENERGY,2499,2025-12,4.7568,22.591,True,4.2381,-0.69991
JSWENERGY,2560,2026-03,7.1631,53.075,True,-0.78486,0.11225
JSWENERGY,2609,2026-05,4.55,58.305,True,-5.5547,-0.13108
JSWSTEEL,1449,2021-09,4.6969,42.273,True,-1.7804,-2.4634
JSWSTEEL,1559,2022-02,4.0062,27.268,True,9.9756,4.8397
JSWSTEEL,2076,2024-04,4.4238,51.875,True,1.0913,-0.58345
JUBLFOOD,1427,2021-08,4.147,65.055,True,-4.7794,-5.8242
JUBLFOOD,1590,2022-04,4.026,51.382,False,-7.7741,-3.8919
JUBLFOOD,1593,2022-04,6.309,47.29,False,-11.738,-8.11
JUBLFOOD,1931,2023-08,4.6429,49.391,False,5.3479,4.9055
JUBLFOOD,1935,2023-09,5.8511,59.29,False,-0.62237,-3.3207
JUBLFOOD,2246,2024-12,5.0253,64.045,False,14.494,-2.4574
JUBLFOOD,2367,2025-06,4.2552,43.324,False,-0.29529,-2.3944
KALYANKJIL,2307,2025-03,4.5135,36.204,False,5.2935,-10.36
KALYANKJIL,2317,2025-03,4.0754,37.274,False,10.065,1.8564
KALYANKJIL,2326,2025-04,10.862,49.237,False,-6.41,0.47366
KALYANKJIL,2451,2025-10,5.5371,28.334,True,1.1344,-3.2443
KALYANKJIL,2516,2026-01,4.2637,61.286,True,-26.053,-6.1208
KALYANKJIL,2574,2026-04,5.4698,48.322,True,-7.2411,1.0702
KALYANKJIL,2621,2026-06,10.117,33.682,True,37.295,-1.7299
KAYNES,2428,2025-09,6.9789,55.479,True,6.5958,5.898
KAYNES,2496,2025-12,14.23,11.691,True,-12.893,-3.6056
KAYNES,2499,2025-12,4.9695,22.151,True,-12.57,-1.768
KAYNES,2569,2026-03,4.0737,38.347,False,7.0466,0.95448
KAYNES,2634,2026-07,5.1565,44.109,False,13.467,0.14248
KAYNES,2638,2026-07,6.4641,52.25,False,8.6918,-0.36596
KEI,2299,2025-02,4.9018,29.588,False,-21.018,-14.459
KEI,2300,2025-02,4.6776,28.367,False,-26.21,-14.493
KEI,2305,2025-02,4.2352,49.805,False,-12.737,2.8827
KEI,2380,2025-06,5.7182,53.648,True,5.0141,-1.4765
KEI,2504,2025-12,4.2507,49.938,True,-2.3702,2.4407
KEI,2623,2026-06,4.3687,62.063,True,-10.201,-3.9021
KFINTECH,2498,2025-12,4.1429,39.541,False,-0.54137,-0.33507
KOTAKBANK,1447,2021-09,5.5563,70.467,True,-5.0801,-0.71079
KOTAKBANK,2672,2026-08,4.281,60.368,True,1.7307,2.6535
KPITTECH,2308,2025-03,4.3711,29.279,False,-14.256,-4.5195
KPITTECH,2450,2025-10,4.141,42.153,False,-2.5859,-0.78333
KPITTECH,2504,2025-12,4.9119,40.994,False,-4.9825,-3.0688
KPITTECH,2564,2026-03,4.4514,12.962,False,4.6525,-0.33628
KPITTECH,2572,2026-04,4.6725,30.656,False,7.4385,1.1703
KPITTECH,2608,2026-05,4.205,56.716,False,-6.8412,0.603
LAURUSLABS,1567,2022-03,4.165,58.824,False,-2.4395,-0.63657
LAURUSLABS,1863,2023-05,6.8128,49.237,False,5.6305,-2.7764
LAURUSLABS,1877,2023-06,4.2468,58.905,False,-5.801,0.77235
LAURUSLABS,2010,2023-12,4.6109,59.963,False,-7.6275,-1.1909
LAURUSLABS,2540,2026-02,4.8226,45.715,True,11.999,2.6762
LAURUSLABS,2550,2026-02,4.4249,51.705,True,3.9841,-0.20688
LAURUSLABS,2627,2026-06,4.2976,63.84,True,5.6235,-0.12236
LICHSGFIN,1440,2021-09,4.8211,51.335,False,1.0879,-1.9101
LICHSGFIN,1550,2022-02,4.8938,54.261,False,-4.2442,-3.8194
LICHSGFIN,2014,2024-01,4.9787,62.321,True,10.465,0.6408
LICHSGFIN,2118,2024-06,4.3718,43.783,False,12.928,-1.1317
LICHSGFIN,2120,2024-06,4.4885,63.709,False,19.806,11.665
LICHSGFIN,2125,2024-06,4.9407,56.371,False,6.085,2.1603
LICHSGFIN,2133,2024-06,4.1191,62.558,False,-1.5233,1.4383
LICHSGFIN,2570,2026-03,4.0534,38.953,False,4.9446,-0.17867
LICHSGFIN,2672,2026-08,4.1574,33.742,True,12.138,4.2348
LODHA,2312,2025-03,5.0989,38.993,True,-2.5207,1.9718
LODHA,2317,2025-03,5.5553,37.769,True,5.8573,-1.0285
LODHA,2603,2026-05,4.1514,44.304,False,0.3628,-0.15306
LTF,1370,2021-05,5.1251,46.975,False,-1.0718,2.4568
LTF,1375,2021-06,4.5178,57.264,False,-5.8036,-0.65488
LTF,1564,2022-03,4.103,27.946,False,28.269,-0.64051
LTF,1571,2022-03,5.2959,41.84,False,14.814,17.194
LTF,1574,2022-03,16.582,58.687,False,1.8419,-9.2192
LTF,1576,2022-03,4.34,75.547,False,6.9833,-3.387
LTF,1680,2022-08,7.5353,47.526,False,-4.4315,-2.5286
LTF,1742,2022-11,5.3062,56.006,True,-1.555,3.9404
LTF,1879,2023-06,5.0852,75.434,True,8.3544,1.8757
LTF,2240,2024-11,4.0152,40.361,False,-4.1686,-0.67728
LTF,2304,2025-02,4.5058,38.896,False,5.3314,0.95859
LTF,2368,2025-06,4.1207,55.126,False,8.0354,1.6767
LTF,2474,2025-11,10.388,74.397,False,-0.93669,-4.9414
LTM,1563,2022-03,4.0568,47.484,False,-11.382,-5.586
LTM,1800,2023-02,4.2144,59.201,True,-0.54005,0.81081
LTM,2119,2024-06,5.5261,42.654,False,6.8824,-0.60409
LTM,2177,2024-08,6.3991,60.56,False,-4.3972,-1.6938
LTM,2603,2026-05,4.5576,34.615,False,-8.2575,-8.1262
LTM,2611,2026-06,4.0128,39.551,False,-17.94,-4.2846
LTM,2655,2026-08,5.9147,71.308,False,-0.58741,2.8177
LTM,2674,2026-08,4.3747,49.692,False,-6.9015,-1.6285
LUPIN,1494,2021-11,4.6975,40.74,False,-1.9794,-5.8166
LUPIN,1506,2021-12,6.9295,44.553,False,-4.0904,-4.1284
LUPIN,1706,2022-10,7.4255,47.846,False,-9.2981,-6.4583
LUPIN,1760,2022-12,4.5116,44.409,True,2.0983,-2.2247
LUPIN,1883,2023-06,5.227,67.805,True,1.9779,0.86158
LUPIN,2015,2024-01,6.5579,65.128,True,7.4942,0.5081
LUPIN,2119,2024-06,4.7172,42.535,True,-6.9575,-3.3468
LUPIN,2140,2024-07,7.8284,57.643,True,9.5933,3.05
LUPIN,2255,2024-12,4.0583,42.48,True,0.63715,3.3904
LUPIN,2261,2024-12,4.4579,60.055,True,-6.7926,2.0498
LUPIN,2327,2025-04,4.6318,40.253,True,-6.3572,-4.4107
M&M,1453,2021-09,4.082,49.489,False,7.7498,4.4006
M&M,1461,2021-10,4.4751,72.017,False,-3.8887,2.7804
M&M,1893,2023-07,4.4692,73.366,False,-4.7395,1.4072
M&M,2194,2024-09,4.0056,56.758,False,5.3301,6.1948
M&M,2431,2025-09,5.8716,47.188,False,-1.3968,1.9937
MANAPPURAM,1457,2021-10,6.6371,55.15,True,5.5622,5.2853
MANAPPURAM,1461,2021-10,4.4723,64.83,True,10.923,-2.6273
MANAPPURAM,1564,2022-03,4.295,28.559,False,-9.4433,-9.8088
MANAPPURAM,1581,2022-04,5.119,36.806,False,-2.3592,0.73957
MANAPPURAM,1712,2022-10,4.1149,54.783,False,-2.8354,-4.3329
MANAPPURAM,1767,2022-12,4.6882,45.088,False,-1.2855,3.1911
MANAPPURAM,1875,2023-06,4.5577,49.242,True,7.8223,5.1758
MANAPPURAM,1932,2023-08,4.3121,57.419,True,-5.2595,-8.9869
MANAPPURAM,1950,2023-09,4.621,46.714,True,-6.0413,-3.4711
MANAPPURAM,2076,2024-04,4.4483,50.839,True,9.4263,5.9923
MANAPPURAM,2078,2024-04,5.6311,59.209,True,-0.99888,-1.0199
MANAPPURAM,2135,2024-06,6.7536,61.065,True,-2.5195,-2.475
MANAPPURAM,2146,2024-07,4.6253,66.935,True,-5.9386,-4.2149
MANAPPURAM,2243,2024-12,4.3827,46.561,False,19.406,6.1158
MANAPPURAM,2319,2025-03,6.9709,61.37,False,-6.3047,-1.5157
MANAPPURAM,2369,2025-06,4.5145,52.586,False,9.7291,13.866
MANAPPURAM,2370,2025-06,6.5553,56.552,False,0.75149,5.733
MANAPPURAM,2428,2025-09,4.3712,49.269,False,2.5882,5.4268
MANAPPURAM,2507,2025-12,6.8334,63.476,False,-2.302,-0.35008
MANAPPURAM,2564,2026-03,4.2858,26.576,False,0.82093,-1.041
MANAPPURAM,2635,2026-07,4.7968,56.122,True,3.863,-3.4383
MANKIND,2550,2026-02,4.688,42.73,False,4.8371,5.9018
MANKIND,2551,2026-02,5.6971,44.083,False,0.20929,-0.15342
MANKIND,2626,2026-06,4.7665,55.321,True,1.0813,1.0815
MARICO,1392,2021-06,5.9434,65.09,False,-1.3462,-2.7534
MARICO,1629,2022-06,4.181,40.958,False,-1.4899,-0.5496
MARICO,2119,2024-06,9.3715,61.812,False,-12.313,-1.1683
MARICO,2184,2024-09,4.4808,44.244,False,2.0738,0.29093
MARUTI,1387,2021-06,5.1305,44.825,False,0.25165,3.021
MARUTI,1453,2021-09,6.4793,47.141,True,-3.9379,-2.4215
MARUTI,1487,2021-11,7.9025,50.371,False,-1.861,-1.676
MARUTI,1614,2022-05,4.4137,46.582,False,2.1473,-1.4704
MARUTI,1637,2022-06,5.3434,50.657,False,-0.57096,0.78774
MARUTI,2419,2025-08,7.7535,60.918,False,9.0523,2.1746
MARUTI,2631,2026-06,5.5777,60.337,False,-2.9086,0.5737
MAXHEALTH,2317,2025-03,6.6115,46.185,False,-1.8956,0.5091
MAXHEALTH,2331,2025-04,5.2365,49.534,False,-5.5696,-12.363
MAXHEALTH,2452,2025-10,5.857,34.305,True,-2.3776,-0.47107
MAXHEALTH,2624,2026-06,5.9244,55.883,False,-0.92854,3.2905
MAZDOCK,2437,2025-09,4.2252,50.715,False,-3.9066,1.0234
MAZDOCK,2505,2025-12,4.879,23.698,True,-4.698,-2.5356
MAZDOCK,2555,2026-03,7.4746,32.899,False,5.4039,8.2193
MAZDOCK,2556,2026-03,6.3492,29.752,False,-1.4478,-0.69722
MFSL,1578,2022-03,4.6559,31.271,False,3.8272,1.5467
MFSL,1883,2023-06,4.8634,54.387,False,4.4416,7.0619
MFSL,2055,2024-02,4.2085,46.077,False,2.0232,-0.56838
MFSL,2073,2024-03,5.0456,47.897,False,-0.95333,-0.19503
MFSL,2312,2025-03,4.2657,47.177,False,5.4582,-0.51935
MOTHERSON,1461,2021-10,4.6568,53.608,True,-0.65207,1.1989
MOTHERSON,1512,2021-12,4.5869,33.36,False,2.327,-0.41352
MOTHERSON,1523,2022-01,4.9051,54.915,False,-0.39557,-2.2372
MOTHERSON,1526,2022-01,4.4795,65.852,False,-6.7036,-8.1103
MOTHERSON,1569,2022-03,5.4858,27.138,False,-0.91434,-2.6392
MOTHERSON,1596,2022-04,4.3335,46.442,False,-8.1421,-4.4333
MOTHERSON,1708,2022-10,4.9922,32.2,False,-19.298,-4.6617
MOTHERSON,1763,2022-12,6.0079,38.023,False,1.4645,4.3738
MOTHERSON,1883,2023-06,4.227,54.616,True,6.4966,-0.85942
MOTHERSON,1892,2023-07,5.9992,64.709,True,6.3481,3.0393
MOTHERSON,1934,2023-09,4.1713,51.48,True,-9.0949,-3.8055
MOTHERSON,2013,2023-12,4.6207,56.381,False,13.955,1.9646
MOTHERSON,2060,2024-03,5.1113,65.21,False,-5.7167,-10.742
MOTHERSON,2192,2024-09,4.8534,54.364,True,1.6712,-2.0126
MOTHERSON,2333,2025-04,5.7604,31.585,False,4.9622,1.8682
MOTHERSON,2433,2025-09,4.0667,45.815,False,4.0876,7.989
MOTHERSON,2576,2026-04,5.139,40.363,False,10.851,2.9669
MOTHERSON,2629,2026-06,4.7885,55.61,True,-3.0509,-4.6491
MOTILALOFS,2617,2026-06,4.7398,53.55,False,2.2978,5.846
MOTILALOFS,2620,2026-06,4.8446,49.51,False,7.9457,5.4743
MOTILALOFS,2621,2026-06,4.7625,47.498,False,1.9119,-0.23859
MOTILALOFS,2665,2026-08,5.9982,50.181,False,8.372,3.7574
MPHASIS,1433,2021-08,5.1139,66.799,False,4.1017,-1.9072
MPHASIS,1746,2022-12,5.5584,50.921,False,-6.4218,-1.6743
MPHASIS,1800,2023-02,4.6998,62.888,False,-11.626,-0.79508
MPHASIS,1927,2023-08,4.9544,63.523,False,-0.77628,-0.92905
MPHASIS,1983,2023-11,4.2758,44.496,False,6.7789,2.7703
MPHASIS,2003,2023-12,6.004,64.996,False,-0.52861,1.1351
MPHASIS,2119,2024-06,5.2983,43.012,False,1.7522,-1.3821
MPHASIS,2169,2024-08,5.4195,48.294,False,4.5675,1.6393
MUTHOOTFIN,1396,2021-07,4.7828,57.223,False,-0.34239,0.69237
MUTHOOTFIN,1450,2021-09,4.4414,39.518,False,-4.5661,-5.9227
MUTHOOTFIN,1457,2021-10,6.2461,41.688,False,-5.144,-3.1839
MUTHOOTFIN,1643,2022-07,6.9748,30.212,False,-6.9112,-3.8407
MUTHOOTFIN,1702,2022-09,5.8931,37.803,False,-1.54,1.0073
MUTHOOTFIN,1703,2022-09,4.4913,29.385,False,-5.7959,-3.4451
MUTHOOTFIN,1992,2023-11,4.4038,56.283,False,-3.1817,-3.2205
MUTHOOTFIN,1993,2023-11,4.4832,60.746,False,-8.5063,-6.1201
MUTHOOTFIN,2071,2024-03,6.349,43.843,False,12.568,6.7759
MUTHOOTFIN,2073,2024-03,4.5448,61.92,False,11.731,7.7708
MUTHOOTFIN,2076,2024-04,5.0182,65.57,False,8.7751,5.967
MUTHOOTFIN,2078,2024-04,4.3992,73.37,False,2.4885,-0.43174
MUTHOOTFIN,2364,2025-05,7.6067,44.299,True,12.264,9.2084
MUTHOOTFIN,2369,2025-06,5.5881,60.165,True,6.833,7.1818
MUTHOOTFIN,2443,2025-09,4.3324,66.368,True,4.6182,2.6227
MUTHOOTFIN,2553,2026-03,4.7736,40.049,True,0.024841,-3.1956
MUTHOOTFIN,2561,2026-03,4.8143,33.877,True,2.6377,-0.55093
MUTHOOTFIN,2576,2026-04,4.3015,47.897,True,-0.20434,1.1114
MUTHOOTFIN,2670,2026-08,6.3238,51.881,True,-8.2788,-6.8129
NAM-INDIA,1371,2021-05,5.3137,53.725,True,-2.3125,0.48082
NAM-INDIA,1555,2022-02,4.498,32.768,False,6.0804,0.2626
NAM-INDIA,1557,2022-02,4.345,38.659,False,5.4793,-3.6701
NAM-INDIA,1570,2022-03,4.4101,53.454,False,-2.5795,-1.0218
NAM-INDIA,2614,2026-06,4.7129,57.256,True,4.053,-6.8508
NAM-INDIA,2667,2026-08,4.2809,56.938,True,-4.8881,-0.23461
NATIONALUM,1433,2021-08,7.4575,47.82,True,-1.1323,6.5787
NATIONALUM,1438,2021-09,4.3386,56.105,True,9.5621,6.922
NATIONALUM,1439,2021-09,5.3314,57.3,True,0.47795,-1.2611
NATIONALUM,1455,2021-09,6.2776,49.639,True,3.3821,2.5622
NATIONALUM,1458,2021-10,9.0919,54.031,True,-6.3527,-9.9115
NATIONALUM,1464,2021-10,5.0369,53.688,True,-1.6515,6.1691
NATIONALUM,1501,2021-12,5.5317,42.553,True,1.8443,4.4337
NATIONALUM,1511,2021-12,4.464,52.461,True,0.59301,-1.322
NATIONALUM,1560,2022-03,4.9526,53.556,True,-8.6566,-1.479
NATIONALUM,1563,2022-03,5.8543,65.431,True,-14.572,-13.902
NATIONALUM,1572,2022-03,6.1622,48.114,True,-3.1916,-0.88133
NATIONALUM,1580,2022-03,4.4723,51.799,True,-10.527,0.98482
NATIONALUM,1584,2022-04,4.3371,57.922,True,-18.08,-5.9795
NATIONALUM,1647,2022-07,4.3533,30.444,True,-2.8787,-3.8377
NATIONALUM,1764,2022-12,5.8287,35.536,False,6.4186,4.6471
NATIONALUM,1809,2023-03,4.7738,41.812,False,-4.8098,-1.1663
NATIONALUM,1934,2023-09,5.6196,59.493,False,-9.1547,-5.2195
NATIONALUM,2003,2023-12,4.1312,56.903,True,22.541,5.3677
NATIONALUM,2004,2023-12,4.8938,61.871,True,19.046,4.2846
NATIONALUM,2005,2023-12,4.5131,71.31,True,17.205,-0.42585
NATIONALUM,2008,2023-12,5.3525,74.116,True,19.141,17.089
NATIONALUM,2012,2023-12,8.5494,67.944,True,11.487,1.8389
NATIONALUM,2071,2024-03,4.9778,37.949,True,27.024,8.5716
NATIONALUM,2076,2024-04,5.2618,52.218,True,14.554,9.1172
NATIONALUM,2078,2024-04,5.2275,60.663,True,4.5238,2.9368
NATIONALUM,2196,2024-09,6.2309,54.302,True,22.6,17.467
NATIONALUM,2201,2024-10,6.683,70.116,True,6.7431,-1.4683
NATIONALUM,2208,2024-10,4.9318,65.186,True,10.243,4.3785
NATIONALUM,2253,2024-12,4.4027,39.28,True,-9.4403,-3.5367
NATIONALUM,2308,2025-03,4.5482,41.519,True,-19.418,0.40234
NATIONALUM,2336,2025-04,4.4243,32.755,True,8.4367,-1.9853
NATIONALUM,2429,2025-09,4.7416,45.745,True,6.3342,1.6712
NATIONALUM,2449,2025-09,4.9811,44.118,True,5.9829,2.6011
NATIONALUM,2499,2025-12,4.6673,57.655,True,26.645,0.24508
NATIONALUM,2508,2025-12,4.293,74.693,True,28.477,6.353
NATIONALUM,2510,2025-12,5.2302,81.894,True,37.269,8.3926
NATIONALUM,2550,2026-02,4.6704,43.496,False,13.373,12.669
NATIONALUM,2554,2026-03,4.4842,50.817,False,15.184,8.8093
NATIONALUM,2555,2026-03,4.8449,54.563,False,10.431,7.6934
NATIONALUM,2563,2026-03,5.4155,56.835,False,4.4582,-7.6033
NATIONALUM,2609,2026-05,4.0759,47.676,False,-24.112,-2.5369
NATIONALUM,2630,2026-06,5.0475,33.054,False,-2.7148,-1.1609
NAUKRI,1441,2021-09,8.6446,76.243,True,-4.4109,0.34828
NAUKRI,1702,2022-09,4.6747,34.756,False,-3.1913,0.053871
NAUKRI,2003,2023-12,5.8175,61.38,True,-0.52975,-3.3951
NAUKRI,2074,2024-03,4.4153,52.781,True,8.2971,0.83051
NAUKRI,2081,2024-04,9.0276,64.544,True,-1.4538,-5.594
NAUKRI,2119,2024-06,4.5174,37.957,False,9.7208,3.9104
NAUKRI,2636,2026-07,13.23,60.615,True,7.5961,3.6888
NBCC,2308,2025-03,4.7741,32.483,True,2.0057,-0.63439
NBCC,2317,2025-03,4.1942,42.23,True,14.556,-5.4307
NBCC,2331,2025-04,5.3496,44.069,True,6.9527,7.0089
NBCC,2334,2025-04,6.2514,62.067,True,9.0074,0.60452
NBCC,2443,2025-09,4.2285,60.441,False,-4.7736,-4.5674
NBCC,2500,2025-12,5.3871,40.621,True,-7.7922,0.093136
NBCC,2504,2025-12,4.4406,45.02,True,-11.365,7.2827
NBCC,2508,2025-12,5.461,56.233,True,-17.523,-0.78942
NBCC,2564,2026-03,5.5537,28.405,False,1.9232,-2.6401
NBCC,2572,2026-04,5.2399,38.023,False,5.2137,1.0664
NESTLEIND,2006,2023-12,4.5014,48.233,False,-0.97429,-0.22469
NESTLEIND,2119,2024-06,9.0163,33.585,False,-6.0685,-1.7935
NESTLEIND,2419,2025-08,4.0238,32.806,False,3.6073,0.22291
NHPC,2380,2025-06,4.0828,35.338,True,2.057,-1.6689
NHPC,2513,2026-01,4.407,56.143,False,-2.4517,0.83766
NHPC,2613,2026-06,4.2191,42.977,True,3.83,-2.6111
NMDC,1450,2021-09,4.7941,26.179,True,-2.8551,-2.304
NMDC,1463,2021-10,4.8332,44.272,True,-6.3368,-3.2819
NMDC,1499,2021-12,4.2498,45.127,True,-9.7724,-0.68335
NMDC,1560,2022-03,6.6728,45.943,False,2.2161,2.5044
NMDC,1563,2022-03,5.695,57.842,False,-3.2319,-4.4545
NMDC,1575,2022-03,4.1037,53.165,False,2.5165,1.874
NMDC,1775,2023-01,4.4508,56.773,False,-6.7974,-1.6968
NMDC,1933,2023-09,5.1118,67.944,False,12.777,6.9496
NMDC,1934,2023-09,5.266,66.15,False,5.9369,2.126
NMDC,1942,2023-09,5.461,63.533,False,11.677,-2.7172
NMDC,1958,2023-10,4.0502,61.443,False,9.1477,9.1423
NMDC,1960,2023-10,5.876,65.188,False,7.7731,3.4326
NMDC,2002,2023-12,4.6027,73.329,True,5.7313,-5.5642
NMDC,2008,2023-12,5.0929,74.347,True,6.9637,5.8312
NMDC,2076,2024-04,4.7728,34.869,True,20.571,4.3097
NMDC,2083,2024-04,5.2552,57.094,True,8.7419,0.21633
NMDC,2091,2024-04,5.5782,62.104,True,4.5218,2.9047
NMDC,2130,2024-06,4.0372,54.944,False,-20.562,-12.372
NMDC,2200,2024-09,5.5433,63.715,True,-2.6469,-7.6829
NMDC,2429,2025-09,4.7522,41.817,False,4.5582,1.1892
NTPC,1445,2021-09,6.359,46.779,False,13.978,-0.18423
NTPC,1581,2022-04,4.7111,56.626,False,16.412,5.5313
NTPC,1590,2022-04,7.7366,76.236,False,-2.6477,-3.2612
NYKAA,2392,2025-07,5.5029,50.697,True,1.124,1.9385
NYKAA,2452,2025-10,5.7392,58.489,True,-4.0298,1.6177
NYKAA,2624,2026-06,5.7626,55.415,True,7.4916,1.3637
OBEROIRLTY,1556,2022-02,4.749,45.564,False,-2.0024,-3.5936
OBEROIRLTY,1587,2022-04,5.1355,61.853,False,-7.2412,-0.84943
OBEROIRLTY,1684,2022-09,4.1142,60.924,False,-8.5204,-2.2475
OBEROIRLTY,1983,2023-11,4.4302,69.708,True,6.4774,4.8395
OBEROIRLTY,2244,2024-12,5.025,62.507,True,6.3774,-2.2977
OBEROIRLTY,2252,2024-12,6.8166,62.693,True,-6.4884,3.9089
OBEROIRLTY,2253,2024-12,4.1004,60.886,True,-8.9079,1.228
OBEROIRLTY,2369,2025-06,4.9453,61.945,False,-4.0497,0.68039
OBEROIRLTY,2665,2026-08,4.9261,55.255,True,-8.9706,-3.0665
OFSS,1877,2023-06,4.993,49.084,False,-3.4505,2.2787
OFSS,2039,2024-02,5.5976,71.248,True,8.2413,10.125
OFSS,2044,2024-02,6.3856,80.854,True,4.4812,-1.0378
OFSS,2066,2024-03,4.7635,70.528,True,-7.4186,-0.29015
OFSS,2121,2024-06,4.8402,35.835,False,20.804,15.466
OFSS,2126,2024-06,10.142,67.706,False,4.4018,0.21087
OFSS,2181,2024-09,4.7268,56.49,True,-2.3453,-0.9736
OFSS,2189,2024-09,6.0565,59.305,True,-3.6147,-9.1641
OFSS,2242,2024-12,4.273,53.504,True,6.6735,0.99379
OFSS,2287,2025-02,4.0617,28.773,False,-11.812,0.58644
OFSS,2435,2025-09,9.701,40.196,False,-0.51839,-3.1259
OFSS,2602,2026-05,4.3377,57.188,True,-0.64641,1.326
OFSS,2609,2026-05,4.2522,67.497,True,5.7411,-0.0943
OIL,2372,2025-06,6.2306,59.587,False,-5.7981,2.0549
OIL,2388,2025-07,4.1004,44.937,False,-0.54188,-3.404
OIL,2559,2026-03,4.2091,50.193,False,-1.2384,-2.3547
OIL,2565,2026-03,4.665,50.247,False,-7.7021,0.80276
ONGC,1449,2021-09,4.265,67.671,True,10.369,3.925
ONGC,1459,2021-10,10.133,79.838,True,-7.3476,-1.203
ONGC,1561,2022-03,5.1604,46.224,True,-8.6762,1.6011
ONGC,1563,2022-03,15.484,57.659,True,-21.469,-14.649
ONGC,1640,2022-06,5.4331,36.754,False,-18.349,-14.639
ONGC,1706,2022-10,5.6273,41.674,True,-4.2104,-1.7415
ONGC,1833,2023-04,4.2078,52.57,False,2.125,1.4824
ONGC,2085,2024-04,6.4219,55.186,False,-2.1539,-1.7086
ONGC,2124,2024-06,5.5323,45.768,True,4.2484,-2.0007
ONGC,2565,2026-03,4.8092,45.484,False,-0.76492,5.3788
ONGC,2570,2026-03,6.4375,49.804,False,0.75714,0.14455
PAGEIND,1401,2021-07,5.8671,56.015,True,-7.1288,-1.4999
PAGEIND,1699,2022-09,4.1614,60.059,True,0.079698,-1.9007
PAGEIND,2187,2024-09,4.0667,42.551,False,5.0884,0.90567
PAGEIND,2206,2024-10,4.0718,44.245,False,2.2991,5.9019
PAGEIND,2632,2026-07,4.8275,61.044,False,-8.8667,-4.7075
PATANJALI,2397,2025-07,6.5334,51.28,True,-1.1786,3.8389
PAYTM,2287,2025-02,4.7682,36.312,False,-4.5537,-0.20697
PAYTM,2312,2025-03,7.063,34.426,False,16.193,4.9631
PAYTM,2316,2025-03,6.1745,38.886,False,12.6,1.0117
PAYTM,2415,2025-08,4.6998,60.734,True,8.5346,7.4879
PAYTM,2420,2025-08,4.0473,72.137,True,-1.9238,3.079
PAYTM,2564,2026-03,4.489,34.269,True,4.8489,0.81684
PAYTM,2660,2026-08,9.8313,73.612,True,8.127,0.76846
PAYTM,2671,2026-08,5.3439,72.271,True,6.7759,-3.963
PERSISTENT,1509,2021-12,4.5557,59.75,True,-11.864,-0.77549
PERSISTENT,1561,2022-03,5.9781,43.543,False,8.094,3.7846
PERSISTENT,1563,2022-03,4.1281,50.048,False,5.2158,1.4315
PERSISTENT,1619,2022-05,4.0734,33.708,True,-3.212,-0.085814
PERSISTENT,1932,2023-08,4.0476,60.546,False,5.7449,7.9484
PERSISTENT,2004,2023-12,4.036,61.891,False,2.9406,3.168
PERSISTENT,2113,2024-05,5.2126,50.844,False,2.726,-9.9542
PERSISTENT,2298,2025-02,4.8699,36.751,True,-11.664,-3.4442
PERSISTENT,2350,2025-05,4.146,59.031,True,-2.3696,-3.7958
PERSISTENT,2435,2025-09,5.1927,33.651,True,-2.3857,0.5297
PERSISTENT,2556,2026-03,4.1994,24.331,False,14.147,2.221
PERSISTENT,2602,2026-05,5.1194,34.93,True,-0.15988,0.095065
PERSISTENT,2611,2026-06,4.7,54.533,True,-22.166,-5.3182
PERSISTENT,2633,2026-07,5.0751,30.492,True,19.617,6.1332
PETRONET,1558,2022-02,4.5961,33.607,False,-9.7422,11.257
PETRONET,1559,2022-02,4.442,22.588,False,-13.418,7.035
PETRONET,1563,2022-03,4.0539,51.752,False,-21.916,-12.343
PETRONET,1935,2023-09,4.3986,44.992,True,1.2899,0.095074
PETRONET,1936,2023-09,6.6886,44.098,True,-6.3272,-6.0419
PETRONET,2083,2024-04,4.3441,59.144,False,1.0457,1.6999
PETRONET,2124,2024-06,4.1045,50.695,False,0.8225,-2.7128
PETRONET,2448,2025-09,4.4452,37.375,False,-4.0833,1.1194
PETRONET,2493,2025-12,4.3558,41.033,False,2.2726,-3.1766
PFC,1454,2021-09,6.0108,55.076,True,-4.9963,-1.0595
PFC,1742,2022-11,5.577,78.197,False,0.18009,0.87088
PFC,1768,2023-01,5.5484,54.62,False,-2.7594,6.7517
PFC,1769,2023-01,4.0155,58.875,False,-9.4062,0.9794
PFC,1833,2023-04,5.61,55.771,True,-4.7721,-3.1893
PFC,1937,2023-09,4.9813,51.941,True,11.368,0.73618
PFC,1938,2023-09,11.76,47.071,True,2.8714,-10.492
PFC,1947,2023-09,4.1325,59.264,True,4.2169,5.6555
PFC,1950,2023-09,6.2428,64.554,True,-1.6427,-2.9693
PFC,1994,2023-12,8.3633,77.859,True,0.72583,1.6754
PFC,2002,2023-12,8.1417,88.227,True,-9.8699,-10.731
PFC,2071,2024-03,6.1933,30.028,False,1.9922,1.5017
PFC,2121,2024-06,4.7357,43.469,False,6.3431,3.896
PFC,2139,2024-07,4.9758,56.535,False,-0.95071,5.2558
PFC,2176,2024-08,4.258,50.722,False,-12.546,2.9379
PFC,2205,2024-10,5.3241,35.07,False,2.0739,1.9731
PFC,2272,2025-01,6.8278,27.124,False,-6.0721,2.9788
PFC,2306,2025-03,4.2517,41.234,True,3.8465,2.1003
PGEL,2455,2025-10,6.9288,36.509,False,-5.5182,1.0459
PGEL,2456,2025-10,5.5185,34.45,False,-11.495,-1.4763
PGEL,2496,2025-12,5.5356,43.041,False,10.497,2.3367
PGEL,2576,2026-04,5.6849,32.624,True,9.0162,14.59
PGEL,2580,2026-04,8.8557,44.056,True,-6.5341,4.9208
PGEL,2622,2026-06,6.4643,49.169,False,13.145,7.1242
PHOENIXLTD,2621,2026-06,4.1029,46.623,True,14.443,0.076449
PIDILITIND,1634,2022-06,4.9911,38.549,False,3.0399,-1.5968
PIDILITIND,1684,2022-09,4.2889,73.3,True,-0.17554,0.10081
PIDILITIND,2061,2024-03,4.3572,51.356,True,6.4646,2.3069
PIDILITIND,2119,2024-06,8.5294,49,False,-9.5412,-2.8007
PIIND,1377,2021-06,4.7335,62.382,True,4.7637,1.1511
PIIND,1507,2021-12,5.175,47.786,False,-12.935,-3.2027
PIIND,2332,2025-04,7.5722,43.842,False,-7.0356,-3.5025
PIIND,2617,2026-06,6.4082,35.833,False,-13.204,-2.9995
PNB,1446,2021-09,7.2428,51.081,True,-2.4177,-9.182
PNB,1558,2022-02,6.6926,38.507,True,-4.1934,2.4379
PNB,1680,2022-08,5.5357,52.783,False,9.1504,-0.28702
PNB,1687,2022-09,4.2594,60.66,False,-0.046474,3.7798
PNB,1738,2022-11,4.6236,63.406,False,16.128,9.7768
PNB,1740,2022-11,4.3342,72.524,False,5.7441,-0.99163
PNB,1742,2022-11,5.2531,77.937,False,-3.6528,-0.43413
PNB,1763,2022-12,6.4789,52.278,False,5.4012,5.6174
PNB,1941,2023-09,8.1424,70.435,True,5.0518,4.8195
PNB,1944,2023-09,4.0011,73.033,True,-1.4054,5.3234
PNB,1982,2023-11,4.0218,58.708,True,4.3836,-3.2653
PNB,2046,2024-02,4.475,67.562,True,-7.6306,-1.4734
PNB,2078,2024-04,6.7524,56.366,True,-6.1822,-0.76167
PNB,2385,2025-06,4.383,54.741,True,-0.27064,1.8475
PNB,2662,2026-08,4.4871,61.465,True,1.0881,0.012906
PNBHOUSING,2596,2026-05,4.3844,76.501,True,-6.9317,0.015404
POLICYBZR,2301,2025-02,4.0737,37.112,True,-1.0046,-4.3184
POLICYBZR,2316,2025-03,5.8758,31.186,True,10.09,6.8748
POLICYBZR,2317,2025-03,6.6769,34.248,True,3.1976,0.84235
POLICYBZR,2330,2025-04,4.2809,46.408,True,0.048905,1.873
POLICYBZR,2367,2025-06,5.5171,55.939,True,-4.6549,0.16942
POLICYBZR,2480,2025-11,4.0355,47.154,True,5.8536,-1.8772
POLYCAB,1482,2021-11,4.1336,53.846,False,-0.78078,2.4615
POLYCAB,1496,2021-11,4.5492,36.115,False,2.258,-0.25605
POLYCAB,1504,2021-12,4.1582,51.447,False,-1.6826,-3.0845
POLYCAB,1583,2022-04,8.0342,56.6,False,-0.47063,1.8833
POLYCAB,2000,2023-12,4.3716,62.664,True,-17.29,-2.4296
POLYCAB,2046,2024-02,4.4863,40.187,False,5.8572,1.7323
POLYCAB,2071,2024-03,4.3135,45.345,False,10.214,0.70233
POLYCAB,2317,2025-03,4.3481,38.962,False,-4.4458,-8.006
POLYCAB,2534,2026-02,4.1105,37.305,True,15.037,2.1676
POWERGRID,1454,2021-09,5.1135,49.969,True,0.62985,2.6565
POWERGRID,1455,2021-09,6.2444,49.57,True,-5.7052,-3.6408
POWERGRID,1506,2021-12,4.0901,54.952,False,-8.3661,0.34604
POWERGRID,1559,2022-02,5.1927,32.42,False,-0.58298,5.9872
POWERGRID,2327,2025-04,4.6594,62.194,False,-1.1857,3.2948
POWERGRID,2567,2026-03,4.1159,52.283,False,-1.6099,-4.0091
POWERINDIA,2577,2026-04,6.3284,55.068,True,20.525,3.2712
POWERINDIA,2586,2026-04,5.4068,76.052,True,13.777,6.3052
PREMIERENE,2559,2026-03,7.0232,41.697,False,23.5,10.524
PREMIERENE,2564,2026-03,6.3653,59.991,False,10.951,7.2316
PREMIERENE,2637,2026-07,4.0111,43.289,True,-3.2899,3.4706
PRESTIGE,2306,2025-03,5.1194,27.319,True,-6.2147,-6.8034
PRESTIGE,2317,2025-03,5.7055,30.183,True,2.9016,-3.0643
PRESTIGE,2333,2025-04,4.5471,37.091,True,10.769,5.9764
PRESTIGE,2342,2025-04,4.8485,56.582,True,3.3014,-3.6283
PRESTIGE,2455,2025-10,4.0231,42.689,True,8.8519,5.4096
PRESTIGE,2576,2026-04,4.2979,37.201,True,13.185,0.27374
PRESTIGE,2621,2026-06,5.1636,42.862,True,13.995,1.4826
RBLBANK,1373,2021-06,4.653,65.053,False,-5.9386,-3.9159
RBLBANK,1558,2022-02,6.1819,41.841,False,-7.4277,-3.7651
RBLBANK,1564,2022-03,4.469,36.758,False,-2.5582,-3.6235
RBLBANK,1581,2022-04,4.0449,42.788,False,-9.3523,-7.3309
RBLBANK,1635,2022-06,5.9563,25.115,True,5.1126,5.3051
RBLBANK,1636,2022-06,4.2047,23.077,True,-0.47913,-4.1542
RBLBANK,1678,2022-08,5.4579,58.735,False,21.343,16.259
RBLBANK,1679,2022-08,16.799,54.977,False,4.4738,0.49157
RBLBANK,1680,2022-08,5.6021,63.607,False,-2.9828,-5.0526
RBLBANK,1742,2022-11,5.5512,58.708,False,4.4564,0.45239
RBLBANK,1755,2022-12,5.9313,68.975,False,11.935,-0.58326
RBLBANK,1867,2023-05,5.827,49.848,True,5.6961,7.6657
RBLBANK,1869,2023-06,4.1999,65.735,True,3.9989,1.9536
RBLBANK,1941,2023-09,4.1843,56.834,True,9.566,0.82783
RBLBANK,1999,2023-12,4.1825,61.895,True,3.4933,6.7318
RBLBANK,2120,2024-06,5.5582,59.547,True,1.3636,2.7564
RBLBANK,2171,2024-08,4.3479,27.45,True,-4.2195,4.2431
RBLBANK,2244,2024-12,6.5279,35.187,False,-7.2858,2.3558
RBLBANK,2299,2025-02,6.7507,42.66,False,2.4717,2.6125
RBLBANK,2369,2025-06,4.1724,58.741,False,14.617,2.1423
RBLBANK,2370,2025-06,5.4167,52.102,False,8.9484,-5.276
RBLBANK,2377,2025-06,4.6393,54.974,False,16.02,1.2574
RBLBANK,2427,2025-08,4.3684,49.188,False,3.2059,4.2508
RBLBANK,2617,2026-06,4.1378,61.14,True,-3.2758,-0.99424
RECLTD,1393,2021-06,4.0522,41.657,True,1.3663,-4.2589
RECLTD,1441,2021-09,4.491,55.802,False,-2.3265,-2.5739
RECLTD,1454,2021-09,5.6756,49.424,False,-4.7724,0.86996
RECLTD,1496,2021-11,4.7981,25.817,False,-3.4089,-1.3294
RECLTD,1742,2022-11,5.4113,51.241,False,3.3482,0.60777
RECLTD,1833,2023-04,4.3217,51.746,True,1.8543,-1.0397
RECLTD,1919,2023-08,4.1424,82.658,False,17.461,6.4977
RECLTD,1922,2023-08,5.8676,80.038,False,0.84882,3.2722
RECLTD,1937,2023-09,4.0537,68.344,False,15.091,-1.7094
RECLTD,1938,2023-09,9.5474,60.563,False,8.1473,-11.416
RECLTD,1947,2023-09,4.8992,61.329,False,4.5366,6.0835
RECLTD,1950,2023-09,6.1154,68.564,False,-0.76986,-1.1002
RECLTD,1994,2023-12,6.5862,69.312,True,6.1337,4.758
RECLTD,2002,2023-12,8.8708,82.479,True,-8.5583,-10.331
RECLTD,2071,2024-03,5.6506,39.23,False,-4.2847,0.053047
RECLTD,2113,2024-05,4.6106,61.282,True,-13.552,2.7688
RECLTD,2118,2024-06,9.1586,57.235,True,-14.689,-15.604
RECLTD,2121,2024-06,5.7706,38.512,True,11.661,3.6863
RECLTD,2176,2024-08,4.6336,48.83,False,-15.055,0.71423
RECLTD,2265,2025-01,4.5408,39.964,False,-14.515,-12.429
RECLTD,2306,2025-03,4.8815,34.059,False,6.7001,2.6093
RECLTD,2560,2026-03,4.0917,40.828,False,-0.031199,-0.43564
RELIANCE,1370,2021-05,5.3691,50.357,True,-2.4808,2.8586
RELIANCE,1493,2021-11,5.3239,34.53,True,-2.6685,0.17241
RVNL,2429,2025-09,5.3002,20.385,False,1.972,-1.2
RVNL,2508,2025-12,12.603,68.783,False,-13.371,-6.9858
SAIL,1449,2021-09,4.155,36.43,True,3.217,-2.0169
SAIL,1558,2022-02,5.2385,37.087,False,3.6669,11.571
SAIL,1559,2022-02,4.3722,25.453,False,-2.931,4.1978
SAIL,1560,2022-03,4.2328,39.156,False,-6.1669,-1.8919
SAIL,1574,2022-03,4.0215,51.993,False,-1.4115,-6.8439
SAIL,1584,2022-04,5.3256,61.84,False,-12.187,-1.9455
SAIL,1635,2022-06,4.1288,28.636,False,1.7181,1.8013
SAIL,1764,2022-12,4.7609,27.556,False,12.511,8.6012
SAIL,1768,2023-01,7.1135,47.724,False,4.6066,-1.0102
SAIL,1933,2023-09,5.9482,59.174,False,-6.086,-0.15778
SAIL,1934,2023-09,5.5014,56.511,False,-12.854,-5.3092
SAIL,2003,2023-12,6.2326,72.381,True,0.0096369,-2.2891
SAIL,2008,2023-12,4.6149,73.526,True,2.7606,11.009
SAIL,2012,2023-12,5.8373,68.043,True,-1.286,-3.0573
SAIL,2057,2024-03,8.1168,46.164,False,10.463,3.5907
SAIL,2076,2024-04,4.2366,56.64,False,16.53,2.8436
SAIL,2077,2024-04,5.0831,57.267,False,13.304,1.3335
SAIL,2120,2024-06,6.0325,55.687,False,-3.8461,0.45524
SAIL,2136,2024-06,4.1793,40.757,False,-4.2402,3.1875
SAIL,2272,2025-01,5.3945,30.659,False,-1.738,4.2411
SAIL,2430,2025-09,4.8027,43.275,True,3.3601,-1.2033
SAIL,2510,2025-12,5.1807,50.575,False,13.274,2.7288
SAIL,2559,2026-03,4.3233,39.475,False,9.0094,0.53403
SAIL,2563,2026-03,5.3734,41.44,False,8.9793,-2.4345
SAIL,2571,2026-03,5.5189,48.598,False,14.275,0.92866
SAIL,2672,2026-08,6.1064,61.061,True,-1.0542,1.8425
SBICARD,1564,2022-03,6.0815,31.76,True,-2.1604,0.51776
SBICARD,1635,2022-06,4.9037,28.662,True,14.382,6.0945
SBICARD,2184,2024-09,5.4571,69.958,False,-8.6685,-1.6511
SBICARD,2294,2025-02,4.2013,60.021,False,4.2696,5.3808
SBICARD,2295,2025-02,5.3822,54.039,False,0.11965,-0.84538
SBICARD,2369,2025-06,4.1435,62.977,False,-10.43,2.3473
SBICARD,2438,2025-09,5.306,63.147,False,1.2778,-4.1654
SBILIFE,1560,2022-03,6.8731,29.792,False,-5.3349,-7.1789
SBILIFE,1985,2023-11,4.1397,56.067,False,-6.405,-0.80935
SBILIFE,2171,2024-08,4.8557,55.262,False,0.1806,2.9275
SBIN,2118,2024-06,5.8142,56.925,False,-12.665,-8.3242
SHREECEM,1437,2021-09,5.554,62.375,True,-5.9541,0.17406
SHREECEM,1688,2022-09,7.227,51.389,False,-6.5529,1.7571
SHREECEM,1689,2022-09,4.5213,56.013,False,-10.45,-2.8636
SHREECEM,1934,2023-09,5.8662,45.969,False,-0.51231,-2.0939
SHREECEM,2119,2024-06,4.2444,37.807,True,-1.1143,2.2679
SHREECEM,2123,2024-06,4.5896,52.997,True,-3.2675,-0.65777
SHRIRAMFIN,1552,2022-02,4.7591,45.751,False,-14.065,-10.433
SHRIRAMFIN,1614,2022-05,4.0252,42.159,True,5.3398,0.15631
SHRIRAMFIN,1687,2022-09,4.8995,42.225,True,-11.383,-6.3034
SHRIRAMFIN,1738,2022-11,4.7149,55.636,False,3.921,-5.1308
SHRIRAMFIN,1745,2022-11,5.5205,49.818,False,6.0589,-0.23157
SHRIRAMFIN,1767,2022-12,5.3978,58.945,False,-7.3325,-4.8057
SHRIRAMFIN,1881,2023-06,5.2517,56.398,False,15.894,16.039
SHRIRAMFIN,1882,2023-06,5.7829,52.698,False,8.905,8.5582
SHRIRAMFIN,1883,2023-06,10.988,65.73,False,-3.3452,-2.7241
SHRIRAMFIN,2003,2023-12,4.9395,50.047,True,4.6872,-5.3208
SHRIRAMFIN,2126,2024-06,4.2459,58.085,True,-0.80334,4.49
SHRIRAMFIN,2192,2024-09,4.5443,70.22,False,-6.5593,-4.076
SHRIRAMFIN,2300,2025-02,4.2184,50.526,True,13.972,9.5263
SHRIRAMFIN,2304,2025-02,5.6794,57.221,True,3.5965,5.9998
SHRIRAMFIN,2369,2025-06,4.6302,47.074,False,-3.7797,-2.1181
SHRIRAMFIN,2538,2026-02,5.3293,53.394,False,6.0363,2.6595
SHRIRAMFIN,2558,2026-03,6.6962,43.864,False,-2.6461,-2.8704
SHRIRAMFIN,2620,2026-06,5.7601,39.702,True,7.0749,3.0747
SIEMENS,1644,2022-07,4.2259,55.975,False,-0.28128,3.5136
SIEMENS,2071,2024-03,4.1517,53.166,False,12.738,8.2979
SIEMENS,2126,2024-06,4.3635,54.862,True,-1.9719,-0.09004
SIEMENS,2127,2024-06,5.0363,58.333,True,-6.8983,-3.0171
SIEMENS,2205,2024-10,4.4675,59.113,False,-2.6148,6.3871
SIEMENS,2206,2024-10,4.2626,49.322,False,-6.3588,3.8788
SIEMENS,2306,2025-03,4.6356,28.545,False,3.5501,1.1184
SIEMENS,2322,2025-03,6.6119,53.629,False,-9.049,-2.314
SIEMENS,2580,2026-04,5.3267,63.209,False,5.3368,6.704
SIEMENS,2585,2026-04,4.1019,71.934,False,-0.44033,-1.1236
SOLARINDS,2311,2025-03,4.1046,56.704,True,10.618,0.6715
SOLARINDS,2505,2025-12,5.1591,22.959,False,3.0459,-3.9886
SOLARINDS,2553,2026-03,4.8344,59.988,True,2.1762,7.465
SOLARINDS,2554,2026-03,5.3664,54.394,True,-2.4131,2.2616
SOLARINDS,2556,2026-03,4.5523,67.977,True,-8.1705,-0.82219
SOLARINDS,2572,2026-04,4.495,34.9,True,14.168,3.7318
SOLARINDS,2579,2026-04,4.0765,57.23,True,10.302,-0.3492
SOLARINDS,2631,2026-06,5.3817,48.202,True,-3.1088,-4.7124
SONACOMS,2298,2025-02,4.0122,33.763,False,-0.87433,2.0074
SONACOMS,2308,2025-03,6.1961,36.468,False,-19.859,-1.6212
SRF,1377,2021-06,4.7329,64.77,True,7.0609,1.1602
SRF,1445,2021-09,4.3323,78.996,True,3.3013,-4.7454
SRF,1491,2021-11,4.1723,51.964,False,3.1349,-5.698
SRF,1512,2021-12,5.0272,43.897,False,4.8931,2.0039
SRF,1558,2022-02,4.2318,46.406,True,3.9039,-6.6166
SRF,1684,2022-09,6.0532,52.341,False,-0.65326,-2.3203
SRF,2560,2026-03,6.483,40.28,False,-7.485,-3.1116
SUNPHARMA,1455,2021-09,4.8805,45.773,True,-1.4701,-1.1402
SUPREMEIND,2306,2025-03,6.1464,32.172,False,-10.703,-7.7708
SUPREMEIND,2355,2025-05,4.5748,60.672,False,18.504,4.7125
SUPREMEIND,2361,2025-05,4.768,68.446,False,5.4188,0.76943
SUPREMEIND,2415,2025-08,4.0097,44.484,False,-3.4264,3.7903
SUPREMEIND,2501,2025-12,4.7316,21.568,False,2.8934,-3.028
SUPREMEIND,2540,2026-02,4.2279,63.428,False,13.776,2.5468
SUPREMEIND,2559,2026-03,4.2655,49.021,False,-6.0346,-0.49049
SUZLON,2580,2026-04,5.5003,61.544,False,10.879,10.277
SUZLON,2582,2026-04,4.6853,71.258,False,3.3037,3.5323
SUZLON,2665,2026-08,4.3555,31.094,False,-7.8256,-3.8871
SWIGGY,2554,2026-03,4.5768,33.519,True,-2.728,-2.0998
SWIGGY,2609,2026-05,6.6245,35.95,True,-11.86,-4.4191
TATACONSUM,1569,2022-03,4.883,52.725,True,4.1502,-3.66
TATACONSUM,1684,2022-09,4.77,56.436,False,-1.5217,-3.951
TATACONSUM,1878,2023-06,4.9834,59.218,False,-6.6134,-1.0007
TATACONSUM,2013,2023-12,4.6168,82.856,False,4.7732,3.2311
TATACONSUM,2119,2024-06,7.5989,37.803,False,-5.7058,-2.0264
TATACONSUM,2561,2026-03,4.5036,31.171,True,-2.9532,-3.1142
TATAELXSI,2612,2026-06,4.8531,52.097,False,-23.218,-5.1901
TATAPOWER,1376,2021-06,4.2887,59.662,False,10.357,8.2942
TATAPOWER,1378,2021-06,7.1584,66.685,False,-2.3943,0.0074002
TATAPOWER,1445,2021-09,4.4984,53.072,True,56.229,-1.9161
TATAPOWER,1558,2022-02,5.1586,39.2,True,4.4884,2.8566
TATAPOWER,1564,2022-03,4.0248,44.588,True,16.299,-4.048
TATAPOWER,1687,2022-09,4.6676,55.607,False,-9.4716,-5.0844
TATAPOWER,1991,2023-11,4.4203,59.84,True,10.895,-1.0925
TATAPOWER,1997,2023-12,4.0977,70.908,True,11.223,14.823
TATAPOWER,1998,2023-12,10.934,70.837,True,0.52499,1.4095
TATAPOWER,2062,2024-03,7.5851,64.4,False,0.24017,-8.5641
TATAPOWER,2186,2024-09,6.1614,42.025,False,3.5266,-1.7535
TATAPOWER,2560,2026-03,5.2055,56.03,False,2.2037,1.5971
TATASTEEL,1390,2021-06,4.2377,48.675,True,11.424,-1.8292
TATASTEEL,1398,2021-07,4.0154,55.753,True,15.902,2.1095
TATASTEEL,1400,2021-07,4.4112,65.275,True,10.134,1.476
TATASTEEL,1558,2022-02,4.1172,42.386,True,12.334,17.379
TATASTEEL,1559,2022-02,5.7697,33.383,True,2.7673,8.4507
TATASTEEL,1560,2022-03,6.7387,46.753,True,-3.9772,-1.2577
TATASTEEL,1617,2022-05,4.394,30.811,True,-16.424,-0.21252
TATASTEEL,1764,2022-12,5.2038,34.792,False,8.2093,5.8248
TATASTEEL,1768,2023-01,5.3499,55.541,False,3.129,-1.0867
TATASTEEL,2057,2024-03,4.8416,50.899,True,9.1005,3.9853
TATASTEEL,2068,2024-03,5.4988,45.511,True,7.6793,1.8448
TATASTEEL,2076,2024-04,4.0789,57.928,True,1.5554,0.15698
TATASTEEL,2196,2024-09,4.2418,47.872,True,-1.7081,4.4123
TATASTEEL,2430,2025-09,5.4215,45.759,True,-0.88315,-0.29278
TCS,1549,2022-02,4.1117,48.622,False,-2.868,-2.7346
TCS,2119,2024-06,6.2575,31.551,False,-4.4296,-2.807
TCS,2612,2026-06,6.0756,33.484,False,-21.389,-11.255
TCS,2651,2026-07,4.5049,58.671,False,-5.8911,-0.22924
TECHM,1799,2023-02,5.3847,41.955,False,9.8547,7.44
TECHM,1800,2023-02,5.3818,46.077,False,4.7243,2.5904
TECHM,1816,2023-03,8.3214,44.936,False,-8.2582,-1.4102
TECHM,2119,2024-06,5.4436,37.35,False,8.2403,2.3906
TECHM,2602,2026-05,4.3142,35.87,True,-0.44943,-1.4196
TECHM,2611,2026-06,4.6976,53.741,True,-11.231,-1.6588
TIINDIA,2306,2025-03,7.2518,29.767,False,-2.1724,1.0902
TIINDIA,2312,2025-03,6.0011,44.283,False,-14.579,-2.797
TIINDIA,2383,2025-06,4.015,41.774,False,-0.63343,-1.3745
TIINDIA,2428,2025-09,5.2428,44.966,False,-1.5767,-2.9755
TIINDIA,2553,2026-03,4.301,66.049,False,-1.0588,-4.5797
TITAN,1374,2021-06,5.9204,63.257,True,2.7792,2.3136
TITAN,1635,2022-06,4.0532,26.856,False,3.1713,-6.8375
TITAN,1647,2022-07,4.7642,37.006,False,5.9875,1.0117
TITAN,2119,2024-06,5.2471,33.505,False,-7.4208,-1.1948
TITAN,2516,2026-01,4.0703,72.659,True,-2.3945,0.41779
TMPV,1453,2021-09,4.2982,66.069,False,50.865,3.8484
TMPV,1558,2022-02,4.9046,42.474,False,-9.8595,-9.7174
TMPV,1833,2023-04,5.2624,53.927,True,6.3377,2.1415
TMPV,2450,2025-10,4.6936,41.407,False,-8.3906,-6.7666
TMPV,2576,2026-04,4.6602,39.305,False,5.2486,5.4167
TORNTPHARM,1493,2021-11,5.446,44.35,False,8.2037,-0.071157
TORNTPHARM,1494,2021-11,4.4303,44.022,False,0.27599,-2.9784
TORNTPHARM,2516,2026-01,4.0923,63.946,False,-1.1149,-0.53499
TRENT,1526,2022-01,4.107,60.93,True,-1.2497,1.7399
TRENT,1565,2022-03,4.0214,48.117,True,6.226,-1.6444
TRENT,1571,2022-03,5.9162,60.504,True,0.63208,0.52601
TRENT,1628,2022-06,4.356,45.474,False,7.8634,-0.82653
TRENT,1641,2022-06,4.1604,43.995,False,7.5616,4.2599
TRENT,1763,2022-12,4.5244,26.325,False,-14.045,-2.3358
TRENT,1877,2023-06,5.0439,77.282,False,-3.6235,1.2779
TRENT,1948,2023-09,4.4106,61.352,True,-4.976,-3.9899
TRENT,2120,2024-06,4.6948,60.672,True,6.5203,-0.7623
TRENT,2127,2024-06,4.1279,68.463,True,3.2298,2.3655
TRENT,2177,2024-08,5.2795,76.232,True,1.1584,-2.1854
TRENT,2205,2024-10,7.0761,53.078,True,-10.342,0.65668
TRENT,2380,2025-06,4.3323,56.039,False,-12.823,-0.77992
TRENT,2621,2026-06,4.3138,44.197,True,-2.1237,8.4004
TRENT,2623,2026-06,6.6719,60.604,True,-7.955,4.7233
TVSMOTOR,1684,2022-09,4.2122,60.259,True,3.6258,1.2768
TVSMOTOR,1697,2022-09,4.2486,60.393,True,9.7684,-0.020972
TVSMOTOR,2002,2023-12,4.2652,78.83,False,-0.41807,-4.8742
TVSMOTOR,2119,2024-06,4.216,55.038,False,-6.5014,3.9482
TVSMOTOR,2306,2025-03,4.4436,42.141,False,1.7381,-4.5976
TVSMOTOR,2419,2025-08,5.6047,65.205,True,7.3845,1.7713
ULTRACEMCO,1688,2022-09,4.415,52.233,False,-5.6715,-0.79238
UNIONBANK,2294,2025-02,4.0659,51.714,False,1.5088,0.24534
UNIONBANK,2299,2025-02,4.7838,44.359,False,4.6028,1.684
UNIONBANK,2364,2025-05,4.3591,69.577,True,-2.2277,3.2117
UNIONBANK,2365,2025-06,4.4841,65.08,True,-3.1478,-0.30476
UNITDSPR,1427,2021-08,10.007,53.503,True,-3.9358,-6.129
UNITDSPR,1451,2021-09,5.6199,62.718,True,-1.2552,3.8476
UNITDSPR,1680,2022-08,5.6375,40.377,True,7.7135,0.74252
UNITDSPR,2083,2024-04,5.8684,52.939,True,1.8031,-3.9393
UNITDSPR,2253,2024-12,4.2497,52.323,False,-5.3249,2.4025
UNITDSPR,2556,2026-03,6.101,34.839,False,-8.4822,-0.30102
UNOMINDA,2621,2026-06,5.4512,44.346,False,-0.016862,-2.0334
UPL,1560,2022-03,4.7408,30.597,False,6.2474,6.5494
UPL,1561,2022-03,4.1593,34.081,False,2.2028,0.68706
UPL,1563,2022-03,4.8956,47.36,False,-4.9687,-6.7024
VBL,2306,2025-03,4.8174,30.854,True,14.011,3.7285
VBL,2307,2025-03,4.6191,28.929,True,8.6025,-0.41529
VEDL,1422,2021-08,6.4511,68.096,True,-13.832,-10.75
VEDL,1490,2021-11,8.0337,60.106,True,2.8484,7.5109
VEDL,1491,2021-11,7.4961,45.472,True,-1.0107,-1.6599
VEDL,1493,2021-11,5.6698,61.889,True,-3.9661,-7.5019
VEDL,1558,2022-02,4.7361,49.611,True,8.9754,11.423
VEDL,1559,2022-02,4.068,42.135,True,0.4542,4.7333
VEDL,1563,2022-03,6.102,66.303,True,-5.2609,-9.5396
VEDL,1572,2022-03,6.6877,52.639,True,5.1611,2.5372
VEDL,1610,2022-05,9.1561,19.673,True,-6.2466,-4.1936
VEDL,1693,2022-09,10.473,59.635,False,1.1825,-7.6689
VEDL,1952,2023-09,6.2277,19.935,False,-0.018606,-1.1663
VEDL,1953,2023-10,4.2424,19.633,False,-0.46048,-4.7419
VEDL,2109,2024-05,7.0974,73.391,True,-13.367,-9.258
VEDL,2130,2024-06,4.5774,55.886,True,-10.696,-7.887
VEDL,2246,2024-12,6.2402,57.854,False,-7.6745,3.0532
VEDL,2308,2025-03,4.3047,42.516,True,-9.14,2.9437
VEDL,2501,2025-12,4.3009,64.259,False,19.219,1.5515
VEDL,2550,2026-02,4.4768,53.303,False,-0.51227,0.34815
VEDL,2608,2026-05,4.2203,66.215,,-18.719,-2.9073
VEDL,2630,2026-06,4.5155,36.537,,-7.391,-3.1078
VEDL,2669,2026-08,4.0213,41.183,True,-3.3667,3.3327
VEDL,2672,2026-08,4.7029,54.342,True,-2.0933,-4.4932
VMM,2670,2026-08,9.8719,30.414,True,-4.8586,-2.1373
VOLTAS,1374,2021-06,6.7256,57.576,True,-8.99,-5.5616
VOLTAS,1436,2021-09,5.3424,44.594,True,13.107,13.562
VOLTAS,1440,2021-09,5.7928,71.84,True,1.7672,3.5278
VOLTAS,2007,2023-12,4.8622,64.178,True,9.9932,1.5254
VOLTAS,2120,2024-06,4.0277,60.514,False,-8.6525,-4.149
VOLTAS,2261,2024-12,4.5603,47.489,True,-16.63,0.21434
VOLTAS,2299,2025-02,4.7205,32.385,True,9.3126,3.7246
VOLTAS,2579,2026-04,4.3611,42.473,False,-5.9289,3.7528
VOLTAS,2614,2026-06,4.1233,39.038,False,-4.328,0.18364
VOLTAS,2640,2026-07,4.8638,43.35,False,-7.7765,0.28182
WAAREEENER,2549,2026-02,4.8151,47.207,True,13.248,-9.3589
WAAREEENER,2564,2026-03,9.6305,50.3,True,5.4935,1.5757
WIPRO,1439,2021-09,4.4727,73.895,True,-8.5167,-2.0965
WIPRO,2047,2024-02,4.1321,69.039,False,-4.8995,-2.2319
WIPRO,2119,2024-06,4.5896,32.455,False,11.851,2.1526
WIPRO,2189,2024-09,4.0046,47.309,False,0.52065,-3.992
YESBANK,2349,2025-05,10.914,57.582,True,-0.18881,3.2379
YESBANK,2365,2025-06,8.5177,70.253,True,-16.057,-11.462
YESBANK,2594,2026-05,6.816,55.861,True,6.4602,3.494
YESBANK,2623,2026-06,4.7043,63.803,True,-5.5524,-0.6011
ZYDUSLIFE,1494,2021-11,5.3092,27.296,False,-4.2621,-3.8843
ZYDUSLIFE,1706,2022-10,7.0135,60.105,False,-0.47801,0.84044
ZYDUSLIFE,2005,2023-12,5.5494,58.249,True,0.80186,-0.94247
