symbol,quarter,qn,cutoff,lag_pct,vol_ratio_5_60,three_day,tp3,X1_quality&rsi30,X2_prof4q&bullcandle,X3_cheapown&belowBB,X4_growing&macdup,X5_piohigh&oversold3,X6_large&rsi30,X7_goodfund&strongdown,X8_goodfund&oversold3,X9_prof4q&above200,X10_cheappeers&near52wlow,X11_goodfund&obvdiv,X12_loss4q&strongdown
BAJFINANCE,Q4 FY21,0,2021-04-23,-11.672,1.093,12.734,4.186,-1,0,-1,0,-1,0,0,0,1,0,0,0
AUBANK,Q4 FY21,0,2021-04-27,-11.717,1.465,-7.002,5.802,-1,1,-1,1,-1,0,0,0,1,0,0,0
LTF,Q4 FY21,0,2021-04-27,-10.986,1.047,-1.449,3.844,-1,0,-1,0,-1,0,0,0,1,0,0,0
BANDHANBNK,Q4 FY21,0,2021-05-06,-12.727,1.488,-1.278,-1.278,-1,0,-1,0,-1,0,0,0,0,0,0,0
ULTRACEMCO,Q2 FY22,2,2021-10-13,-10.939,1.177,-2.433,-2.433,-1,0,-1,1,-1,0,0,0,1,0,0,0
BIOCON,Q2 FY22,2,2021-10-19,-13.484,1.125,-5.964,-5.964,-1,0,-1,0,-1,0,0,0,0,0,0,0
CROMPTON,Q2 FY22,2,2021-10-20,-11.098,1.246,-0.676,3.041,-1,0,-1,0,-1,0,0,1,1,0,1,0
POLYCAB,Q2 FY22,2,2021-10-20,-12.592,1.180,2.002,2.002,-1,0,-1,0,-1,0,0,0,1,0,0,0
AMBUJACEM,Q2 FY22,2,2021-10-22,-13.584,1.669,1.525,1.525,-1,0,-1,0,-1,0,1,1,1,0,1,0
EICHERMOT,Q2 FY22,2,2021-11-01,-10.018,1.046,4.046,4.046,-1,0,-1,-1,-1,0,-1,-1,0,0,-1,0
PIIND,Q2 FY22,2,2021-11-10,-15.449,1.135,3.405,3.405,-1,0,-1,1,-1,0,1,0,1,-1,0,0
DIXON,Q3 FY22,3,2022-01-25,-20.085,1.243,-3.169,-3.169,-1,0,-1,0,0,0,0,1,0,0,0,0
NAUKRI,Q3 FY22,3,2022-01-25,-17.676,2.498,8.745,8.745,-1,0,-1,0,1,0,1,1,0,0,0,0
TECHM,Q3 FY22,3,2022-01-28,-20.405,1.666,5.140,4.845,-1,0,-1,0,1,1,1,1,1,0,0,0
PIIND,Q3 FY22,3,2022-02-01,-20.945,1.707,4.685,3.374,-1,0,-1,1,0,0,1,1,0,-1,0,0
ZYDUSLIFE,Q3 FY22,3,2022-02-01,-17.107,1.223,0.658,0.658,-1,0,-1,0,0,0,0,0,0,0,0,0
RBLBANK,Q4 FY22,4,2022-05-10,-10.367,1.197,-1.257,-1.257,-1,-1,-1,-1,-1,0,-1,-1,-1,-1,-1,-1
NMDC,Q4 FY22,4,2022-05-24,-18.170,1.123,-0.981,-0.981,-1,0,-1,0,1,0,0,0,0,-1,0,0
OBEROIRLTY,Q4 FY22,4,2022-05-24,-12.365,1.025,-4.014,-4.014,-1,0,-1,1,-1,0,1,1,0,0,0,0
JSWSTEEL,Q4 FY22,4,2022-05-25,-20.689,1.457,2.060,4.400,-1,0,-1,0,1,1,1,1,0,1,0,0
NAUKRI,Q4 FY22,4,2022-05-25,-19.561,1.136,12.242,5.169,-1,0,-1,1,0,0,1,0,0,1,0,0
AUROPHARMA,Q4 FY22,4,2022-05-26,-10.032,1.211,-0.939,-0.939,-1,0,-1,0,0,0,0,0,0,1,0,0
JINDALSTEL,Q4 FY22,4,2022-05-26,-18.934,1.708,-4.190,-4.190,-1,0,-1,0,0,0,0,0,0,0,0,0
NMDC,Q1 FY23,5,2022-08-03,-12.370,1.051,6.563,4.580,-1,0,-1,0,0,0,0,0,0,-1,0,0
GLENMARK,Q1 FY23,5,2022-08-05,-10.951,1.088,2.884,2.884,-1,0,-1,0,0,0,0,0,0,0,0,0
ZYDUSLIFE,Q1 FY23,5,2022-08-05,-10.533,1.385,6.639,6.639,-1,0,-1,0,0,0,0,0,0,0,0,0
HINDPETRO,Q2 FY23,6,2022-11-07,-10.305,1.035,-1.014,-1.014,-1,0,-1,0,0,0,0,0,0,-1,0,1
AUROPHARMA,Q2 FY23,6,2022-11-10,-15.332,2.523,3.013,3.013,-1,0,0,0,0,0,0,0,0,1,0,0
INDUSTOWER,Q3 FY23,7,2023-01-20,-10.200,1.596,-7.934,-7.934,1,0,1,0,0,0,0,0,0,-1,0,0
BANKBARODA,Q3 FY23,7,2023-02-01,-13.800,1.738,8.472,5.844,-1,-1,-1,0,-1,0,-1,-1,-1,-1,-1,-1
SBIN,Q3 FY23,7,2023-02-01,-10.666,2.776,3.411,3.191,-1,-1,-1,0,-1,1,-1,-1,-1,-1,-1,-1
ADANIPORTS,Q3 FY23,7,2023-02-03,-37.367,6.063,19.087,9.341,0,0,-1,1,0,1,1,1,0,-1,0,0
AMBUJACEM,Q3 FY23,7,2023-02-03,-26.948,5.567,2.935,2.935,-1,-1,-1,0,-1,1,0,0,-1,-1,0,-1
ADANIENT,Q3 FY23,7,2023-02-10,-48.982,3.304,-3.455,-3.455,-1,0,-1,1,-1,1,0,0,0,-1,0,1
PERSISTENT,Q4 FY23,8,2023-04-21,-10.601,1.405,3.950,3.277,-1,-1,-1,1,-1,0,-1,-1,-1,-1,-1,-1
INDUSTOWER,Q4 FY23,8,2023-04-24,-13.275,1.023,4.305,3.011,0,0,0,0,0,0,0,0,0,-1,0,1
LTM,Q4 FY23,8,2023-04-25,-14.302,1.038,5.518,3.219,0,0,0,1,0,0,0,0,0,0,0,0
MANAPPURAM,Q4 FY23,8,2023-05-10,-13.665,4.889,-3.706,-3.706,0,0,0,1,-1,0,1,0,1,0,0,0
BANDHANBNK,Q1 FY24,9,2023-07-12,-17.977,1.113,-2.794,-2.794,-1,-1,-1,0,-1,0,0,0,-1,-1,0,-1
SRF,Q1 FY24,9,2023-07-20,-12.967,1.122,-3.501,-3.501,-1,-1,-1,-1,-1,0,-1,-1,-1,-1,-1,-1
POLYCAB,Q3 FY24,11,2024-01-16,-26.125,5.867,1.895,1.895,0,0,0,1,0,0,1,0,0,0,0,0
IEX,Q3 FY24,11,2024-01-23,-10.036,2.269,2.953,2.953,0,0,1,0,1,0,1,1,0,0,0,0
AUROPHARMA,Q3 FY24,11,2024-02-08,-11.254,2.053,2.361,2.361,0,0,0,1,0,0,1,0,1,0,0,0
CROMPTON,Q3 FY24,11,2024-02-12,-12.470,1.096,-0.172,-0.172,0,0,0,0,1,0,0,0,0,0,0,0
INFY,Q4 FY24,12,2024-04-16,-12.905,1.628,1.299,1.299,1,0,0,0,1,1,0,0,0,0,0,0
WIPRO,Q4 FY24,12,2024-04-16,-11.795,1.021,3.041,3.041,1,0,1,0,1,1,0,0,1,0,0,0
LTM,Q4 FY24,12,2024-04-22,-10.779,1.233,-0.867,-0.867,1,0,0,1,0,1,1,0,0,0,0,0
KOTAKBANK,Q4 FY24,12,2024-05-02,-13.192,4.080,4.386,3.180,0,0,1,0,-1,1,0,1,0,0,0,0
JINDALSTEL,Q1 FY25,13,2024-07-22,-13.824,1.200,-1.480,-1.480,0,0,0,0,1,0,0,0,1,0,0,0
CUMMINSIND,Q1 FY25,13,2024-08-02,-13.072,1.316,6.752,6.752,0,0,0,0,1,0,1,1,1,-1,0,0
SAIL,Q1 FY25,13,2024-08-06,-11.587,1.056,-4.290,4.555,0,0,-1,0,1,0,0,0,1,0,0,0
BHEL,Q2 FY25,14,2024-10-24,-13.528,1.871,3.636,3.636,0,0,-1,-1,0,0,0,0,0,-1,0,1
MANAPPURAM,Q2 FY25,14,2024-11-01,-12.774,1.267,-1.504,-1.504,0,0,0,1,-1,0,1,0,0,0,0,0
JIOFIN,Q3 FY25,15,2025-01-15,-14.066,1.275,1.227,1.227,0,0,-1,1,-1,1,1,1,0,0,1,0
ETERNAL,Q3 FY25,15,2025-01-16,-14.289,1.173,-11.296,-11.296,0,0,-1,1,0,0,0,0,1,0,0,0
LODHA,Q3 FY25,15,2025-01-23,-20.660,1.565,4.445,4.445,0,0,0,1,1,0,1,1,0,0,0,0
CGPOWER,Q3 FY25,15,2025-01-24,-13.794,1.667,1.348,1.348,0,0,0,0,0,0,0,0,0,0,0,0
CAMS,Q3 FY25,15,2025-01-27,-20.325,1.359,-4.083,3.717,1,0,0,0,1,0,1,1,0,0,0,0
KALYANKJIL,Q3 FY25,15,2025-01-28,-38.246,2.794,14.809,14.809,0,0,-1,0,1,0,0,0,0,-1,0,0
POLICYBZR,Q3 FY25,15,2025-01-28,-19.098,1.037,5.136,4.072,0,0,-1,-1,0,0,-1,-1,1,0,-1,0
PRESTIGE,Q3 FY25,15,2025-01-28,-21.205,2.153,6.815,3.721,0,0,0,0,0,0,0,0,0,0,0,0
GODREJPROP,Q3 FY25,15,2025-02-01,-11.500,1.084,-2.393,-2.393,0,0,0,1,0,0,1,0,0,0,0,0
CUMMINSIND,Q3 FY25,15,2025-02-03,-13.891,1.160,9.533,5.658,0,0,0,0,0,0,1,0,0,-1,0,0
RECLTD,Q3 FY25,15,2025-02-04,-17.224,1.313,3.257,3.019,0,0,0,1,-1,0,1,0,0,0,0,0
TRENT,Q3 FY25,15,2025-02-04,-16.483,1.589,-4.870,-4.870,0,0,0,0,0,0,1,0,0,0,0,0
WIPRO,Q4 FY25,16,2025-04-11,-16.289,1.104,-1.072,3.269,0,0,0,1,0,0,1,0,0,0,1,0
INFY,Q4 FY25,16,2025-04-15,-17.871,1.724,1.767,1.767,0,0,0,1,0,0,1,0,0,0,0,0
TATAELXSI,Q4 FY25,16,2025-04-16,-11.370,1.607,11.014,8.431,0,1,0,0,0,0,0,0,0,0,0,0
HCLTECH,Q4 FY25,16,2025-04-17,-12.798,1.160,10.628,3.060,0,0,0,1,0,0,1,0,0,0,0,0
SONACOMS,Q4 FY25,16,2025-04-28,-10.543,1.210,7.282,6.174,0,0,0,0,0,0,0,0,0,0,0,0
COFORGE,Q1 FY26,17,2025-07-24,-10.127,1.419,2.646,2.646,0,0,0,0,0,0,1,1,1,0,0,0
GODREJCP,Q2 FY26,18,2025-10-29,-10.581,1.318,6.427,6.427,0,0,-1,0,1,0,1,1,0,0,0,0
WAAREEENER,Q3 FY26,19,2026-01-19,-10.165,1.460,3.618,3.618,1,0,-1,1,0,0,1,0,0,0,0,0
PREMIERENE,Q3 FY26,19,2026-01-20,-15.854,1.121,-6.571,-6.571,1,0,-1,1,0,0,1,0,0,1,0,0
CGPOWER,Q3 FY26,19,2026-01-22,-11.053,2.056,1.928,1.928,0,0,0,1,0,0,1,0,0,0,0,0
LODHA,Q3 FY26,19,2026-01-23,-12.543,1.556,5.581,3.180,1,0,1,0,0,0,0,1,0,1,0,0
DIXON,Q3 FY26,19,2026-01-27,-15.662,1.200,2.552,2.552,1,0,0,0,0,0,1,1,0,1,0,0
ITC,Q3 FY26,19,2026-01-27,-17.933,1.051,1.105,1.105,1,0,0,0,0,1,0,0,0,-1,0,0
PRESTIGE,Q3 FY26,19,2026-01-27,-10.270,2.249,4.924,4.924,0,0,0,1,1,0,1,1,0,0,0,0
SWIGGY,Q3 FY26,19,2026-01-27,-18.249,1.564,-0.577,3.603,0,0,-1,-1,0,0,0,0,0,-1,0,1
GODREJPROP,Q3 FY26,19,2026-02-03,-15.561,2.004,0.036,0.036,0,0,0,0,0,0,0,0,0,0,0,0
KALYANKJIL,Q3 FY26,19,2026-02-04,-21.398,1.271,13.253,13.253,0,0,0,1,0,0,1,0,0,-1,0,0
NAUKRI,Q3 FY26,19,2026-02-11,-11.389,1.916,-4.019,-4.019,0,0,0,1,0,0,0,0,0,0,0,0
INDIANB,Q1 FY27,21,2026-07-08,-11.658,1.179,9.231,12.464,0,0,1,0,-1,0,0,1,0,0,0,0
KPITTECH,Q1 FY27,21,2026-07-27,-20.946,1.374,1.302,8.973,0,0,0,0,0,0,0,0,0,0,0,0
