best_is_setting,best_is_avg_net,best_is_n,best_is_oos_wf,best_is_oos_wf_n,best_is_oos_split,best_is_oos_split_n,max_all_wf,max_all_wf_n20,max_all_wf_n30,max_oos_wf,max_oos_split,ENS+_top5_all_wf,ENS+_top5_oos_split,ENS-_top5_all_wf,ENS-_top5_oos_split,seed,meta_n_8_21_min10,meta_avg_net_8_21_min10,meta_n_14_21_min10,meta_avg_net_14_21_min10,meta_n_8_21_min20,meta_avg_net_8_21_min20,meta_n_14_21_min20,meta_avg_net_14_21_min20,meta_n_8_21_min30,meta_avg_net_8_21_min30,meta_n_14_21_min30,meta_avg_net_14_21_min30
HGBc+|top2,3.329298366579421,16.0,0.40762026457875206,16.0,0.12208409363162927,16,2.3469328620998895,1.8684593155790863,1.8684593155790863,0.6544946079009266,0.5811672161873794,-0.12895892493259767,-1.0698223701183727,-0.3912772770369298,-2.1816933251986534,1000,29,0.382676201107153,10,-2.1884672237448832,60,0.5461648575875835,22,0.6601049797705408,63,0.46446810465575517,23,0.4895485995470927
ETc+|top2,1.6744867906828171,16.0,0.5032220433084551,16.0,-1.538178313004682,16,2.493779343434279,1.4494642797037487,1.4494642797037487,1.688701693371932,1.5478216007080163,-1.244082629584038,0.314037755721108,-0.4989697755534411,-0.24298953892263564,1001,31,-1.1696737399512938,10,-0.3575636668435859,55,-1.3503570675671015,26,-1.5638729578064967,90,-0.2951791654231061,37,-0.9881078645925745
-HGBnet|top2,1.1343697691121608,16.0,0.7031161617032445,16.0,1.8208585976681428,16,2.903938225065552,1.6994236924563069,1.3881095915772856,3.101426019164573,3.579319103763056,-0.10024008425766576,0.4048956509823679,-0.5942436704387419,0.3058208531690293,1002,29,-0.9409366630739968,8,1.433327574931005,61,-0.9959954437957167,17,-0.5751213745629181,81,-0.4186798562539658,25,-0.6089080398874067
-HGBnet|T5,1.759267844721813,17.0,0.11543700389805632,46.0,-0.1388602659647927,40,3.2006601275360915,1.4348902545345823,1.4328334573514543,2.071135347184669,4.803929465673218,-0.40283176265700427,-0.4240796698865694,-0.14111335548145595,-0.19570373084670628,1003,31,-1.0465060516726012,12,-0.3908449500356485,60,-0.4628218784818565,22,1.6860578019104697,96,-0.9303309611937711,23,0.4229331159973966
HGBnet|top2,2.4661026036781553,16.0,-1.8062284922926652,16.0,-1.3396039719774109,16,2.6871750427459222,1.510651128350015,1.510651128350015,1.3555372184787502,1.6507016115328603,0.7448026453341692,-0.170403435834215,-0.31013709885412677,0.36234852487231617,1004,34,0.6967505294387073,10,0.8013639483782229,57,-0.12636368227869912,18,0.6469688177939167,99,0.12994096909130023,49,-1.1403161425993797
RIDGE|top3,1.6777366150375532,24.0,-1.1496589337806637,24.0,-1.3785960644689232,24,1.4938980398553894,1.3175448231167386,1.3175448231167386,2.07342664314749,2.132967586584179,-0.9265027889118884,-0.3766617823135499,-0.2765539608240111,0.7436621971997687,1005,34,-0.12667661459028912,11,0.03468842228952455,56,-0.991688892485325,18,-0.46406221928971675,71,-1.0098952579400944,31,-0.31544750083874484
RFc+|top2,2.324429818596827,16.0,-1.228785745238778,16.0,-0.8280384527091518,16,3.062086229662685,2.2156549536683947,2.2156549536683947,2.716987134264759,2.5298966391665627,0.026795161431791906,-1.3028563008170406,-0.25861127594426364,1.7015099603179766,1006,29,0.8111777590064307,10,-0.195091542205089,56,0.0759159397682919,20,0.7010900920631051,64,0.3579215475895599,29,1.458393830540746
ETc+|top2,2.0084290925876105,16.0,0.3788036977180968,16.0,-0.476762600780371,16,1.551165120256565,1.3502070407272229,1.3502070407272229,2.496471801275396,1.5470001191157763,0.895451290514471,-0.9023328651158082,-0.6620065385043702,0.10405123486974609,1007,61,0.004301085061482793,10,-0.580694047451853,57,0.25954610290199465,19,-0.28505358690526267,75,0.41303100083299815,35,0.33065153903302946
RFc-|top2,3.702528174057186,16.0,-1.1416394078176875,16.0,-0.16084366901341798,16,2.2479518161920504,1.2804443831197496,1.2804443831197496,2.4404670088228837,2.1467697610005243,-0.2501265999487647,-1.223080462731331,0.27031039264288287,0.9014806677257348,1008,24,-1.538918962252058,10,-2.25854493840971,56,-1.0013569679626086,18,-2.084449080626839,45,-0.14113388925302572,24,-0.8638219815742041
LR-|T5,2.2491198854342755,10.0,0.06105707679193521,39.0,-4.306289187223413,3,3.342385777197214,2.3698008880014263,2.3698008880014263,3.1809581555189252,2.816123949619532,0.48498748166153643,0.5694904925655786,-0.584389440348114,0.01304159394948441,1009,60,0.7214945953378185,21,1.5187465497261565,75,-0.3674351141289485,38,0.06722534119757032,120,0.1893383003434873,80,0.16636644398872635
ENS+|top2,2.187704899778768,16.0,-1.1250299527866212,16.0,-1.8339760072069846,16,3.5038080142423254,1.8654338502071637,1.8654338502071637,4.033741212351693,1.70872140541963,-0.27380751022493527,0.6874516039863794,0.24587730195704854,-0.1755990097629045,1010,43,0.44272462238639876,22,-0.32954066400029125,67,-0.20654302195306917,29,-0.13833371079454776,68,0.08438608711875899,28,0.46519706638337777
ETc+|top2,1.5274979836024696,16.0,-1.1187066857418135,16.0,-1.12337597704069,16,1.4268696803451502,1.4268696803451502,1.4268696803451502,2.224410690996994,3.2888446897605608,-0.10219753220972634,0.7575317147874625,-0.341434545506836,0.22291336845863785,1011,38,-1.5017290195437845,24,-1.695443593152967,68,-0.2748233279103402,36,0.9990188987788605,68,-0.47450937660458387,21,-1.539947821664951
ENS+|T5,2.414068644827083,14.0,-1.0102434018380122,42.0,-0.4845049630536448,36,2.410230717810908,2.410230717810908,1.7193659279280273,3.4836481199819005,2.9680410137686866,0.3977620941708828,-0.5352618047679881,0.9264570037007251,0.8731496733875573,1012,41,-1.6848756954476234,14,-2.265918782670981,57,-0.8713366486389729,19,-2.242450397542486,100,0.19590677046984142,60,-0.2868697386883994
RIDGE|T5,1.6538362239138356,28.0,1.142445937691821,11.0,0.8275452866364459,30,3.1397019626305673,1.5209246982321758,1.5209246982321758,2.8683786111938114,2.1746858271250864,0.9217781488011387,-1.3317086690392976,-1.4810813397561617,-0.8640225698164958,1013,27,-0.6192629881365325,8,4.019386901111518,38,0.07673223272487868,11,1.1424459376918212,51,-1.2245848695492523,11,0.38907645834804
ETc-|top2,1.070767076593267,16.0,0.5972505699183489,16.0,-0.0004477045929461316,16,0.8426596153985336,0.8426596153985336,0.8426596153985336,2.247565334208799,3.0211443473574193,-1.2011007752351743,-0.0580287098029253,-0.5151288135273493,1.36502112972449,1014,59,-1.2820846014336933,24,-0.9056337816640715,68,-0.4893516054898998,23,0.22496341481140344,67,-0.571432046710327,27,0.10376277612504432
HGBc-|top2,1.2951964780644594,16.0,1.462027783625771,16.0,-0.9558914091804461,16,2.9408275147907887,1.4046559639591527,1.4046559639591527,2.852355676932521,3.105894679622167,-0.974352657508922,-0.7812276345261967,-0.3168402258710215,0.9589502754900531,1015,29,1.1476566782735689,10,2.4043743604541548,78,0.6852309844910914,33,1.5790680785317888,77,0.5424249916103508,36,1.411552375749466
ETc-|top3,1.483604934804176,24.0,0.19801952439585171,24.0,-0.37600123244768946,24,0.840812229600014,0.840812229600014,0.840812229600014,1.7981813435374887,0.8142638977611394,-0.915963282125055,-1.2275110797207722,-0.8134142328697728,-1.190769962828708,1016,46,-0.537445719665777,14,-1.7144012855708373,61,0.2912930743667978,23,-0.38225612643802914,68,-0.6523863269511411,28,-0.044218255660679336
-HGBr|top2,1.8719057741118441,16.0,0.9168137566641801,16.0,-0.347419352211403,16,1.9538488339006281,1.394359765388012,1.394359765388012,1.1870876257727674,1.0425737533744306,-0.935659547547662,-0.755176966343971,0.0701712678155772,-1.7241832916378055,1017,37,-0.4053090716319264,12,0.14010907421327082,68,-1.0129234440586166,27,-0.8822676684542005,79,-1.1074623510210602,34,-1.5802464712393611
ENS+|top2,2.869475343411266,16.0,-0.15804496191149064,16.0,-1.5808352998182211,16,2.152265818966741,2.152265818966741,2.152265818966741,1.124600024643358,0.6099945366810503,0.46905543580400816,-0.8975519395705404,-0.33034674643521633,-1.4632995158609663,1018,38,0.9395254938289705,10,-1.046546737926057,50,0.8188911436383969,8,-2.5314714726789327,54,0.866211068847802,7,1.6953398163809117
ETc+|top2,2.3138646288966176,16.0,0.17256376890290234,16.0,-0.4879899842822017,16,2.004905914907333,1.284151432479947,1.284151432479947,2.2493906843432567,3.4781218137972463,-0.09396295505037348,0.7134815766800986,-0.9961534849321912,-0.3609159024385932,1019,38,0.8122135663525564,14,1.212254394735133,61,-0.7226030333583824,18,-0.5548960782518738,62,-0.6203754321900278,27,-0.5357354331207537
-HGBr|T5,2.206336717604796,11.0,1.315238584036086,24.0,0.9046876290996039,15,1.669666593948412,1.595297997443395,1.595297997443395,1.8972736575653317,2.7761715097127446,-0.8493451837067629,-0.4668334260419229,-0.6955126690775317,-0.9597175367632804,1020,49,0.5403590773796924,25,1.0846965641678872,51,-0.4032431357904763,11,-2.45937335822184,73,0.19546629520573064,27,-0.2937967067184671
ENS+|T5,2.8101146898956717,23.0,0.03766650843558696,138.0,-0.12535811472456335,172,2.3100101213767914,1.7528938770103655,1.7528938770103655,2.023987157188041,2.3414689209006525,-0.17042388269650316,0.2504952470407074,0.3699166580801748,-0.24005291429187461,1021,40,-0.2516120412064949,20,-1.0196381302053605,67,0.733386265073027,27,0.1471812050667596,75,0.3864934458192844,35,-0.9964474724828531
LR+|T2,3.203745556905206,17.0,-0.44531063211539246,46.0,0.11642747884193212,54,1.2473889478009625,0.6607074552331996,0.6607074552331996,1.6183099890630825,3.1313695889839392,0.3591399501814143,0.394395732743857,-1.7512308302838262,-1.4936835447858416,1022,63,-0.7935654867988066,57,-1.237202155811869,72,-1.3276737176204911,53,-1.785292522883755,72,-1.215268284125122,50,-1.6085804965272263
RFc+|top3,2.184247681008097,24.0,-0.829203571620428,24.0,-0.3224532155827594,24,1.7449824348375176,1.127762013536441,1.127762013536441,2.0144695092623732,1.5285132801446901,-0.74069274086821,-1.1345918616337145,-1.634744240085582,-0.7572264280826706,1023,34,0.21281563806491763,12,-0.28642967853028667,59,-0.08745224670111791,17,-0.6258949397402594,65,-0.10158400080563446,21,-0.7015828742909686
RFc+|T2,3.5766684361139305,12.0,0.037013999670441146,55.0,-1.7927490343100347,22,2.0210623478828458,1.528174045175576,1.528174045175576,2.1119405419073485,2.5471689759522276,-0.11963167369347841,-1.494946482473375,0.27847434142409333,-0.05600798150975153,1024,82,-0.38299505321595184,62,-0.05431363978020307,100,-0.2589200918216754,60,-0.4492296983352312,162,-0.6551158396631467,91,-1.158687223322246
