qn,setting,hist_avg,n,sum
8,ETc+|top5,5.200937903692495,5,0.0932870268139174
9,ETc+|top5,4.032538781221112,5,0.12373470224248571
10,HGBc+|top3,4.829150731593286,3,0.0830918254787065
11,HGBnet|top2,5.185212458817906,2,0.0569768575094338
12,HGBnet|top2,4.76748419492687,2,-0.0040156103764379045
13,HGBnet|top2,4.033446378677047,2,-0.014355135387346802
14,LR+|top5,4.253563068647933,5,0.009126559654586697
15,LR+|top5,3.782337304697245,5,0.0681559654565132
16,ETc+|top1,4.86507228971416,1,-0.0250291189899547
17,HGBnet|top2,4.512467546762726,2,0.011135481007848003
18,ETc+|top1,4.823714598864683,1,0.0430921926078635
19,ETc+|top1,4.771061111320196,1,0.0909107620582879
20,ETc+|top1,5.067490760927953,1,-0.0006237492451248
21,ETc+|top1,4.714166381898591,1,0.062770041802278
