field,n,max_build_vs_rebuild,n_gt_1e4,n_gt_1e3,max_build_vs_truth,max_rebuild_vs_truth
company,232,0.0,0,0,0.0,
quarter,232,0.0,0,0,0.0,
period / results_for,232,0.0,0,0,0.0,
reaction_day,232,0.0,0,0,0.0,
timing,232,0.0,0,0,0.0,
i_react,232,0.0,0,0,0.0,0.0
XN,232,5.499999999969418e-05,0,0,5.463903117863822e-05,4.988040753772793e-07
RSI14 at cutoff,232,5.7999999995672624e-05,0,0,0.0,5.7999999995672624e-05
RSI14 at reaction close,232,5.000000000165983e-05,0,0,,
stock 20-session %,232,4.999999999988347e-05,0,0,4.992696902661464e-05,4.985565744131115e-07
Nifty 20-session %,232,4.999999999988347e-05,0,0,4.981534535852816e-05,4.983719248397023e-07
vsN_net,232,9.499999999995623e-05,0,0,9.481283020074116e-05,4.988029740360389e-07
raw_net,232,4.999999999988347e-05,0,0,4.992696902661464e-05,4.985565744686227e-07
