qn,n,net_raw,net_vsN,net_vsS,variant
0,11,0.36092896537781666,-0.7113769565761068,-0.37275243028933247,B1 XN>4 H5
1,9,1.5305550992046077,0.32665054697127577,0.506665689821896,B1 XN>4 H5
2,17,0.0812961889418299,0.7529286014542163,1.028946822905401,B1 XN>4 H5
3,10,0.6135599560364549,-0.3235762645111448,-0.5407503708283209,B1 XN>4 H5
4,17,-0.8867429634518335,-0.9033314860922057,-0.9452535791614647,B1 XN>4 H5
5,11,1.196852934256099,-0.9277338169940239,-0.4627965923380526,B1 XN>4 H5
6,12,-2.243823019823876,-3.0283274971842093,-1.9612922608905723,B1 XN>4 H5
7,17,1.0098587365285634,0.6713067982937393,1.0658992531405382,B1 XN>4 H5
8,14,2.462210655848022,1.9513209724004408,1.2754433360093422,B1 XN>4 H5
9,11,2.102277747504945,2.922931340268952,2.611643310435888,B1 XN>4 H5
10,7,3.981626125133758,4.303827569579689,3.900230506064041,B1 XN>4 H5
11,18,0.13159861463038228,-0.27012985594148525,-0.32498750848456487,B1 XN>4 H5
12,21,1.4941576418614453,0.7094526641082975,-0.31605831633116793,B1 XN>4 H5
13,17,-0.024780407447705297,-0.26525729806545895,-0.5814940175136454,B1 XN>4 H5
14,20,-1.4981449171172536,-0.6799288859790668,-0.7288617733647098,B1 XN>4 H5
15,22,0.6203039863922021,0.01925111650186288,0.4641827470352949,B1 XN>4 H5
16,23,2.1901623906922287,1.260312148028059,1.4503210867296146,B1 XN>4 H5
17,19,-0.16143227436145755,-0.5603363890488087,-0.2991547933330077,B1 XN>4 H5
18,31,-0.15343514168881447,-0.48608299998243115,-0.34718630190497646,B1 XN>4 H5
19,32,-0.7335840965603526,-0.38076092217636154,-1.0095956039973164,B1 XN>4 H5
20,29,-0.49577130163572547,0.6918754210854847,0.931268693440261,B1 XN>4 H5
21,24,-0.7100221670625455,-0.816682459414995,-0.883596295043417,B1 XN>4 H5
0,11,2.4291519214559747,0.49340390530695116,1.6110620885962652,B2 XN>4 H10
1,9,2.41177261653802,-1.0612121019146559,0.040371420872780915,B2 XN>4 H10
2,17,-1.108572505450527,0.4408579910416789,1.392776704874772,B2 XN>4 H10
3,10,0.4605907554798265,0.07191127747166265,-0.43739169370392206,B2 XN>4 H10
4,17,-2.2435777853665453,-1.7249952862947466,-2.6496450305004555,B2 XN>4 H10
5,11,3.6871423504144207,0.17769904005200537,0.7235694688734886,B2 XN>4 H10
6,12,-2.2073254521979906,-3.5869104649775405,-2.20438221484998,B2 XN>4 H10
7,17,0.8929872098754381,0.7477264618921705,1.4619862676620612,B2 XN>4 H10
8,14,3.3950607022130797,2.5422283720616616,1.783955186493884,B2 XN>4 H10
9,11,4.517524994182243,5.384837545789142,4.60505092540017,B2 XN>4 H10
10,7,5.768478381787425,4.818472355927811,4.666326926279946,B2 XN>4 H10
11,18,1.3513199623626384,0.24372193698042163,-0.05002405666789528,B2 XN>4 H10
12,21,1.9091072216756475,0.6782460396769259,-0.9462659321182898,B2 XN>4 H10
13,17,0.5895240980519696,0.4976786256000477,0.24099784997821827,B2 XN>4 H10
14,20,-2.4390280673216123,-1.8109649135633628,-1.4909594350355628,B2 XN>4 H10
15,22,-0.6179654444005276,-0.37286793108635763,0.03546991799332621,B2 XN>4 H10
16,23,2.3969286304707844,1.2131138633970973,1.6552095048525899,B2 XN>4 H10
17,19,-0.9380414321105053,-0.6458516311788226,0.0075198181173977505,B2 XN>4 H10
18,31,0.3465442275981585,-0.3655010701894912,0.024648917332393747,B2 XN>4 H10
19,32,0.01926870964495996,0.5124141549536234,-0.3143345096332525,B2 XN>4 H10
20,29,-0.5730829393550704,0.4628755272512116,0.7966337573430569,B2 XN>4 H10
21,24,-0.25584428672626597,-0.28983253787519586,-0.3248166835479354,B2 XN>4 H10
0,11,4.034904164524188,0.39768732715497634,1.3318885416772877,B3 XN>4 H20
1,9,5.826896502380182,-0.3226079341023283,-0.582333115577037,B3 XN>4 H20
2,17,-5.6692183764342765,-1.8147237044889877,-1.1378446194441734,B3 XN>4 H20
3,10,-7.316598577946665,-4.089984886489568,-3.5568891614428164,B3 XN>4 H20
4,17,-2.4989066460759246,-0.5071161521618592,-1.4320042177527188,B3 XN>4 H20
5,11,4.34810626906737,0.6112992756494192,0.9910864018428599,B3 XN>4 H20
6,12,-0.13376694909401904,-2.709781763223521,-0.9008996442403128,B3 XN>4 H20
7,17,0.38543890429917765,2.330784741945434,2.7620551002312452,B3 XN>4 H20
8,14,7.770887152386506,5.980633989136032,3.7311329501944988,B3 XN>4 H20
9,11,9.183543096731329,9.661112635918935,7.96435180523471,B3 XN>4 H20
10,7,18.15615428397046,12.358046272135491,11.18648052444267,B3 XN>4 H20
11,18,3.645800827166469,1.7784734886906306,0.8346377930589668,B3 XN>4 H20
12,21,6.715097435733691,3.3126824800286876,1.496178071907647,B3 XN>4 H20
13,17,2.4675872581053064,0.7760427679958267,0.8408963047524057,B3 XN>4 H20
14,20,-0.008296968087211504,0.3784485386670819,-0.4588444648710835,B3 XN>4 H20
15,22,-3.4901131701701615,-0.9719388166547632,-0.33291302250940036,B3 XN>4 H20
16,23,5.430593840816029,3.424421907512307,3.5429032449896614,B3 XN>4 H20
17,19,3.9917961665914623,3.2257185106411423,2.746413640557906,B3 XN>4 H20
18,31,0.1759828295657527,-0.8520370461596218,-0.3935652480657397,B3 XN>4 H20
19,32,-1.4809306467544952,1.9146240783273512,1.0664545681004014,B3 XN>4 H20
20,29,-0.745512921922804,1.0405729279016562,1.4607337529232973,B3 XN>4 H20
21,24,1.0241194612083706,2.0659259715612297,1.464564060505138,B3 XN>4 H20
0,14,3.4168013549768332,-0.39435363767600945,0.5966517572441541,B4 XN>3 H20
1,13,3.8277881717323985,-2.184727357054091,-1.6658932649638474,B4 XN>3 H20
2,22,-2.9888579052939126,0.9914245074532374,1.3236282582417125,B4 XN>3 H20
3,17,-5.752143547867487,-2.731143099849175,-2.671459798065651,B4 XN>3 H20
4,24,-2.1216641052893452,0.40237425219359263,-0.09728021793656295,B4 XN>3 H20
5,13,4.539688816364348,1.1636751632151554,1.163353373150856,B4 XN>3 H20
6,19,3.4485727192175566,0.2590887767566803,1.458036019148349,B4 XN>3 H20
7,23,1.0673816481426475,3.059298996938876,2.9187941753160174,B4 XN>3 H20
8,19,8.486173356050172,6.5669388068601275,4.697951823900694,B4 XN>3 H20
9,18,5.769365956611057,6.288706062088361,5.1854862493837235,B4 XN>3 H20
10,16,12.792368699963234,7.145526409265224,5.435862461596589,B4 XN>3 H20
11,26,2.810908582714748,0.856754908183013,-0.28453988383121037,B4 XN>3 H20
12,28,6.889516349450667,3.715006983384641,2.2696196669667925,B4 XN>3 H20
13,27,2.6220641893637207,0.9127184091695802,0.5478085113441846,B4 XN>3 H20
14,31,-0.7802663247608206,-0.24313775260838508,-0.6282489831179666,B4 XN>3 H20
15,35,-6.015348695142491,-3.1990255362671576,-1.7643193174124747,B4 XN>3 H20
16,32,5.277566749037862,3.4382239222213395,3.2368915106598624,B4 XN>3 H20
17,30,1.7797659888641812,1.5037243836257066,1.8500754976218903,B4 XN>3 H20
18,47,0.2808295529526473,-0.7563035205808145,-0.31966639374292644,B4 XN>3 H20
19,47,-1.8862212048747884,1.5445839498479368,0.2670526797953695,B4 XN>3 H20
20,40,-0.7920709538827397,0.7976727267759536,1.1804021624349315,B4 XN>3 H20
21,36,0.6038584017040562,1.5517083573918748,0.909474043935783,B4 XN>3 H20
0,11,4.034904164524188,0.39768732715497634,1.3318885416772877,B5 XN>6 H20
1,7,6.553916685411895,0.09513302907996327,0.15811997305082803,B5 XN>6 H20
2,8,-3.3149305117916534,0.7252258187556296,1.2155719387836257,B5 XN>6 H20
3,9,-8.417097296216532,-5.0886505084460705,-4.416256109646028,B5 XN>6 H20
4,7,-1.6544959434603161,-0.040298841037080424,-2.559946527744883,B5 XN>6 H20
5,5,7.647805038800788,4.913229039685183,3.7191138394438275,B5 XN>6 H20
6,7,0.5455161223640385,-1.7476577636310644,-1.3848877618911566,B5 XN>6 H20
7,9,1.8473297966873206,3.9489283226323417,3.4014897044329646,B5 XN>6 H20
8,9,8.726588211727364,6.853725531143554,5.518971353438848,B5 XN>6 H20
9,7,7.086525981463857,7.867974846162968,6.449842116905058,B5 XN>6 H20
10,4,14.838924081615929,10.601539660261475,8.17315589212766,B5 XN>6 H20
11,10,5.830140761882189,4.374587520534607,3.72712289924371,B5 XN>6 H20
12,10,5.758682535795686,2.866698641621218,0.02966337824620552,B5 XN>6 H20
13,7,5.039811915599354,3.322769456609212,3.4918854937260067,B5 XN>6 H20
14,12,1.7535869322623268,1.6181838504691823,0.2050531616341856,B5 XN>6 H20
15,10,-5.1334769966661105,-3.3226305938800786,-1.7343190898138512,B5 XN>6 H20
16,13,7.08032495091708,5.263171724716022,5.291468485594179,B5 XN>6 H20
17,9,3.5241538381708883,2.5803933802840837,2.680983774548795,B5 XN>6 H20
18,17,0.012959927293482778,-1.1720350257628167,0.09986350117863008,B5 XN>6 H20
19,17,-3.7322883063683157,1.0141004303492602,0.18931414374787944,B5 XN>6 H20
20,14,0.06709530626281764,2.7864859630314958,2.7552742148745115,B5 XN>6 H20
21,9,0.3683796169076265,1.7259713384738837,1.2918587911172903,B5 XN>6 H20
0,11,3.0921043168733076,-0.5451125204959038,0.3890886940264075,B6 XN>4 H20 next-open
1,9,6.043837727651412,-0.10566670883109808,-0.36539189030580677,B6 XN>4 H20 next-open
2,17,-6.140616520371702,-2.2861218484264123,-1.6092427633815982,B6 XN>4 H20 next-open
3,10,-7.913047110383949,-4.686433418926853,-4.153337693880101,B6 XN>4 H20 next-open
4,17,-2.5527741900692043,-0.5609836961551387,-1.4858717617459982,B6 XN>4 H20 next-open
5,11,3.7896625193141493,0.05285552589619869,0.4326426520896393,B6 XN>4 H20 next-open
6,12,-0.5336770822372393,-3.109691896366741,-1.300809777383533,B6 XN>4 H20 next-open
7,17,0.30381638985434634,2.249162227500603,2.680432585786414,B6 XN>4 H20 next-open
8,14,7.706488858046383,5.916235694795909,3.6667346558543765,B6 XN>4 H20 next-open
9,11,8.37941109449623,8.856980633683836,7.1602198029996105,B6 XN>4 H20 next-open
10,7,17.59782195751344,11.799713945678473,10.628148197985652,B6 XN>4 H20 next-open
11,18,2.7223636340445174,0.8550362955686786,-0.08879940006298521,B6 XN>4 H20 next-open
12,21,6.006669113914084,2.604254158209081,0.7877497500880404,B6 XN>4 H20 next-open
13,17,2.432366081059378,0.7408215909498982,0.8056751277064773,B6 XN>4 H20 next-open
14,20,0.14020232152242768,0.5269478282767212,-0.3103451752614442,B6 XN>4 H20 next-open
15,22,-3.9258755692060276,-1.4077012156906292,-0.7686754215452665,B6 XN>4 H20 next-open
16,23,4.911477637319845,2.9053057040161216,3.0237870414934758,B6 XN>4 H20 next-open
17,19,3.7979200079871953,3.0318423520368754,2.552537481953639,B6 XN>4 H20 next-open
18,31,0.11350532286148005,-0.9145145528638945,-0.45604275477001227,B6 XN>4 H20 next-open
19,32,-1.6920552583360247,1.7034994667458212,0.8553299565188719,B6 XN>4 H20 next-open
20,29,-0.8644453799843531,0.9216404698401071,1.3418012948617482,B6 XN>4 H20 next-open
21,24,0.8072028572108105,1.8490093675636694,1.247647456507578,B6 XN>4 H20 next-open
0,11,0.36092896537781666,-0.7113769565761068,-0.37275243028933247,A1 XS>4 H5
1,9,1.5305550992046077,0.32665054697127577,0.506665689821896,A1 XS>4 H5
2,14,-0.007149235841282461,1.0464314372719201,1.4080301454022763,A1 XS>4 H5
3,13,0.7604814605636054,-0.22208903366622196,-0.6030858672419459,A1 XS>4 H5
4,14,-0.26636798448715954,-0.18666525761269506,-0.37541129389136313,A1 XS>4 H5
5,9,0.20332497077985745,-1.2910580351912748,-1.2174471971721412,A1 XS>4 H5
6,13,-0.6998000259415189,-1.5149319502874787,-0.4742209656561848,A1 XS>4 H5
7,17,0.9517888906599185,0.728277280816382,0.9961365453081239,A1 XS>4 H5
8,13,2.522232577497613,2.0782237580448286,1.5711980592369414,A1 XS>4 H5
9,10,2.4697313444730815,3.3243363436140205,2.9983908578544014,A1 XS>4 H5
10,5,3.6412458921781505,4.340846271870488,3.9841446542088823,A1 XS>4 H5
11,21,0.040463499962213934,-0.6783150041030391,-0.961617589322687,A1 XS>4 H5
12,18,1.576662917617338,0.859856524721402,-0.39578860067519644,A1 XS>4 H5
13,13,0.3095512546504526,0.32378812660432593,0.238654264546625,A1 XS>4 H5
14,21,-0.9474719295793697,-0.13515857116886404,-0.42805009681963024,A1 XS>4 H5
15,22,-0.1676917719188683,-0.9450231058148101,-0.5209045059831332,A1 XS>4 H5
16,18,2.2679567005548114,1.529503919780949,1.9749305294617467,A1 XS>4 H5
17,18,-0.82344600965466,-1.0532175135394273,-0.6731695291808669,A1 XS>4 H5
18,31,-0.15343514168881447,-0.48608299998243115,-0.34718630190497646,A1 XS>4 H5
19,26,-1.102924545680914,-0.8068911975204417,-1.3603634302230616,A1 XS>4 H5
20,28,0.30381557340407433,1.4036964998202517,1.6509124805308677,A1 XS>4 H5
21,22,0.1402683228575447,-0.2179797736996408,-0.3498881731996898,A1 XS>4 H5
3,3,1.2502198089874403,0.11620173581685413,-0.8108708552873622,A2 XS>4&XN<=4 H5
4,2,0.9852354751852456,0.8467013573715612,0.9776937961941525,A2 XS>4&XN<=4 H5
5,1,-7.196701399964063,-6.044544988135701,-5.073122419864561,A2 XS>4&XN<=4 H5
6,2,7.443677572332145,5.91370883707666,6.898485162639541,A2 XS>4&XN<=4 H5
7,2,0.5534612461465783,-0.0015401147486035494,2.064457191125975,A2 XS>4&XN<=4 H5
11,4,0.2977823580244992,-1.3622758217891149,-3.2883172201923925,A2 XS>4&XN<=4 H5
13,2,5.808017642862355,3.9744379365437634,3.9969297999757805,A2 XS>4&XN<=4 H5
14,3,0.013310563263705527,1.2946166380871738,1.1027141738223478,A2 XS>4&XN<=4 H5
15,4,-2.2821641806333552,-4.00854865765395,-2.9361907120643975,A2 XS>4&XN<=4 H5
17,1,-5.360743333301107,-4.208654801214805,-3.07222933886898,A2 XS>4&XN<=4 H5
20,4,2.796212062103318,2.9590308123171245,2.488510248927704,A2 XS>4&XN<=4 H5
21,3,-0.3471597213003573,-2.2519732016349217,-2.2182884044580966,A2 XS>4&XN<=4 H5
2,3,0.49404150459635393,-0.6167512990284012,-0.7401086820800156,A3 XN>4&XS<=4 H5
4,5,-1.875001529098089,-2.2099837884493287,-1.771633027775502,A3 XN>4&XS<=4 H5
5,3,1.3795853799447697,-1.543364886116163,0.26437994632204415,A3 XN>4&XS<=4 H5
6,1,-2.9411207559824812,-4.818396938319967,-3.573664251877383,A3 XN>4&XS<=4 H5
7,2,1.0470549360300598,-0.4857892161910669,2.6574402077014962,A3 XN>4&XS<=4 H5
8,1,1.681925674403332,0.30158475902340015,-2.5693680659494498,A3 XN>4&XS<=4 H5
9,1,-1.5722582221764223,-1.0911186931817352,-1.2558321637492476,A3 XN>4&XS<=4 H5
10,2,4.832576707522778,4.211280813852693,3.6904451357019377,A3 XN>4&XS<=4 H5
11,1,2.710170996238385,3.9331743920606246,1.1909253422846888,A3 XN>4&XS<=4 H5
12,3,0.9991259873260917,-0.192970499570328,0.16232338973300395,A3 XN>4&XS<=4 H5
13,6,1.1951003414429726,-0.12829063998025203,-0.8323406894810892,A3 XN>4&XS<=4 H5
14,2,-5.013028065693599,-3.4381989053868343,-1.1400204563074599,A3 XN>4&XS<=4 H5
15,4,2.0518124900775323,1.2949595650877512,2.481789179536957,A3 XN>4&XS<=4 H5
16,5,1.910102875186933,0.2912217697176546,-0.43827290710606176,A3 XN>4&XS<=4 H5
17,2,3.1970358138075397,2.0514345252837587,1.68044055652974,A3 XN>4&XS<=4 H5
19,6,0.8668911829620797,1.4658036043146523,0.51039830964758,A3 XN>4&XS<=4 H5
20,5,-2.3398711108673695,-1.4805983068438975,-1.8529432698771837,A3 XN>4&XS<=4 H5
21,5,-4.233582855253629,-4.31214872189451,-4.032727296804625,A3 XN>4&XS<=4 H5
0,11,4.034904164524188,0.39768732715497634,1.3318885416772877,A1 XS>4 H20
1,9,5.826896502380182,-0.3226079341023283,-0.582333115577037,A1 XS>4 H20
2,14,-6.221815847714178,-2.182847793132971,-1.206247799768907,A1 XS>4 H20
3,13,-7.022509093973024,-3.531815326073823,-3.5252721163708243,A1 XS>4 H20
4,14,-3.051855090012786,-1.6063680699449083,-1.743799803449359,A1 XS>4 H20
5,9,3.9222876582865656,0.10245899034355564,0.0669266362777273,A1 XS>4 H20
6,13,2.259437726945645,-0.29337365788430586,1.1301367810626315,A1 XS>4 H20
7,17,0.7474430166453742,2.8763773157226225,3.314541458577649,A1 XS>4 H20
8,13,7.8081020755063,6.079677269336703,4.060189411293893,A1 XS>4 H20
9,10,9.843945181746747,10.193302568750303,8.400443262513196,A1 XS>4 H20
10,5,19.57605026229142,14.558965976201652,12.515051458512804,A1 XS>4 H20
11,21,2.8892849686401805,0.7201545389320817,-0.26106311778054775,A1 XS>4 H20
12,18,7.021436847777967,3.4808165775222695,1.480125073221191,A1 XS>4 H20
13,13,4.001728559001968,2.2415251837967167,2.178289229155174,A1 XS>4 H20
14,21,-0.1584905570705706,0.7574686911493499,-0.37211466903553997,A1 XS>4 H20
15,22,-4.697402168079248,-2.1839971547690475,-1.7264469268090599,A1 XS>4 H20
16,18,6.410725835151163,4.424239336099062,4.794130844499648,A1 XS>4 H20
17,18,2.930018373446615,2.320255459139832,2.4687636884995108,A1 XS>4 H20
18,31,0.1759828295657527,-0.8520370461596218,-0.3935652480657397,A1 XS>4 H20
19,26,-1.555281437508487,2.0301304982264132,1.0143765654423849,A1 XS>4 H20
20,28,0.813386874933246,2.4532344620783646,2.9668336879987356,A1 XS>4 H20
21,22,2.301066540137781,3.4366437800668956,2.663651208731936,A1 XS>4 H20
3,3,-6.042210814060889,-1.671250124688005,-3.4198819661308506,A2 XS>4&XN<=4 H20
4,2,-8.465040477792247,-9.570628268470225,-4.729243160612988,A2 XS>4&XN<=4 H20
5,1,-6.960793760383317,-9.082143336468949,-6.060395750433077,A2 XS>4&XN<=4 H20
6,2,12.732639144183636,9.404201638153587,10.570610170013406,A2 XS>4&XN<=4 H20
7,2,3.0041756217419704,5.7573064870130874,7.899804225959463,A2 XS>4&XN<=4 H20
11,4,-0.2358346364623863,-2.907794857496886,-5.1404920194341495,A2 XS>4&XN<=4 H20
13,2,8.599389018903219,6.063802490868599,5.127174891236376,A2 XS>4&XN<=4 H20
14,3,-1.2471105871191752,2.5964303097247785,1.8572329840320918,A2 XS>4&XN<=4 H20
15,4,-7.562213831175743,-5.440624979269897,-4.160088276642769,A2 XS>4&XN<=4 H20
17,1,-3.6938856111270644,-2.947788596112365,-1.790723539165172,A2 XS>4&XN<=4 H20
20,4,6.956655608022279,7.146937798320849,7.539230845880965,A2 XS>4&XN<=4 H20
21,3,-0.1647412162607516,0.10837756004472333,-0.08372569588337292,A2 XS>4&XN<=4 H20
2,3,-3.0904301771280744,-0.09681129081706569,-0.8186297779287499,A3 XN>4&XS<=4 H20
4,5,-3.3371045357392424,-1.0546156288926685,-1.877872154946235,A3 XN>4&XS<=4 H20
5,3,1.8559287582595543,-1.0933274058057796,1.413071647779612,A3 XN>4&XS<=4 H20
6,1,-5.512615551054342,-9.895120329879102,-4.361353544671152,A3 XN>4&XS<=4 H20
7,2,-0.07285933320069979,1.1197696099069856,3.203670180015035,A3 XN>4&XS<=4 H20
8,1,7.287093151829187,4.693071346527302,-0.5466010440976263,A3 XN>4&XS<=4 H20
9,1,2.579522246577163,4.339213307605274,3.6034372324498367,A3 XN>4&XS<=4 H20
10,2,14.606414338168053,6.855747011970083,7.8650531892673365,A3 XN>4&XS<=4 H20
11,1,4.006092001703102,5.258098048870087,-0.056162329283691956,A3 XN>4&XS<=4 H20
12,3,4.877060963468035,2.303877895067198,1.5924960640263806,A3 XN>4&XS<=4 H20
13,6,1.1875483597618417,-0.6365825586151772,-0.6280288359589349,A3 XN>4&XS<=4 H20
14,2,-0.28948471230988637,-0.274290405810189,2.1046088522104727,A3 XN>4&XS<=4 H20
15,4,-0.9221243426757724,1.2256958803586668,3.5043481970053594,A3 XN>4&XS<=4 H20
16,5,1.9021186612095498,-0.17492083540001285,-0.9615161132462934,A3 XN>4&XS<=4 H20
17,2,9.704955416035824,8.288132420776185,2.9766946192219215,A3 XN>4&XS<=4 H20
19,6,-1.158743886820531,1.4140962587647474,1.292125912951806,A3 XN>4&XS<=4 H20
20,5,-3.313616960360618,-1.9852397671525566,-2.1106282091330217,A3 XN>4&XS<=4 H20
21,5,-5.307764092562509,-5.139761432773605,-4.740393245525879,A3 XN>4&XS<=4 H20
0,4,-2.574072629377313,-3.714111759266407,-3.2697993785373898,BC1 PS>0 H5
1,1,4.3812800729094805,1.3469522619845586,1.6603330600272872,BC1 PS>0 H5
2,6,-1.2765414865955136,-0.9225538677286136,-0.8341793257105589,BC1 PS>0 H5
3,4,3.4666345489632837,1.9775780410797015,1.3544894615351424,BC1 PS>0 H5
4,7,-0.49048251844526414,-1.083139207158246,-0.047759599343739516,BC1 PS>0 H5
5,3,0.4183253413488758,-2.113725726849671,-2.4797813819194605,BC1 PS>0 H5
6,1,-3.3566242472836425,-4.768098609788461,-1.6118169556950654,BC1 PS>0 H5
7,7,1.391399889358531,1.4370011436235997,0.2353178163781125,BC1 PS>0 H5
8,3,3.3944417539821137,2.669831147326005,1.0736286203202416,BC1 PS>0 H5
9,1,-0.5346494256360655,0.8606680480031671,0.27878073327852876,BC1 PS>0 H5
10,2,4.832576707522778,4.211280813852693,3.6904451357019377,BC1 PS>0 H5
11,5,1.3434212029870976,1.680058949240925,1.7967260032223369,BC1 PS>0 H5
12,5,2.1898781753498406,1.1576411988537685,1.3026776371048603,BC1 PS>0 H5
13,8,-2.0515745044002878,-1.559958967359143,-1.720566171200466,BC1 PS>0 H5
14,7,-1.459894067917877,-1.4455109389648464,-1.6208646197404017,BC1 PS>0 H5
15,6,1.3815332541116776,0.02779588661295194,0.5138889638208424,BC1 PS>0 H5
16,7,2.1004808925249114,1.0623239747879691,1.7546650972076892,BC1 PS>0 H5
17,8,0.12272684105451787,-0.4963472603226757,-0.5072931341484288,BC1 PS>0 H5
18,15,0.5379146506049232,0.21504087426485416,0.27154737748644214,BC1 PS>0 H5
19,16,-1.404053304084197,-0.7294240511662089,-1.357622066001906,BC1 PS>0 H5
20,7,-1.3554780616350606,-1.2539989649638827,-0.96399871903669,BC1 PS>0 H5
21,8,0.695307737077442,1.5650139897826265,1.5110989218948183,BC1 PS>0 H5
0,4,1.9651777204239256,0.33506824432108645,1.199612100140228,BC2 PS<=0 H5
1,4,-1.6472404671997114,-2.992909848427187,-2.6416287873311557,BC2 PS<=0 H5
2,7,-0.47940035445587653,-0.28194005343235357,0.5315794590797608,BC2 PS<=0 H5
3,4,-0.930936401608206,-1.4417973774557156,-1.5758816665240858,BC2 PS<=0 H5
4,9,-0.8623626361156187,-0.7706293086878954,-1.5995282198426497,BC2 PS<=0 H5
5,5,2.2728486510824477,0.7272362432966908,1.2420541557811506,BC2 PS<=0 H5
6,9,-2.8218336818143968,-3.370182705134629,-2.4811030365559996,BC2 PS<=0 H5
7,7,1.3925349976518482,0.488122583379418,2.5972741524789673,BC2 PS<=0 H5
8,9,2.323156059168078,1.7607887088530536,1.2193007032140462,BC2 PS<=0 H5
9,6,0.7022593799924072,1.535671117993614,1.4761035881911646,BC2 PS<=0 H5
10,3,4.98795936834803,5.249765838826565,4.9261299774422636,BC2 PS<=0 H5
11,7,-1.6555051531620397,-2.4015057067492407,-2.1895443965267614,BC2 PS<=0 H5
12,13,1.4554298564649908,0.8399840153841641,0.284456661897185,BC2 PS<=0 H5
13,4,-0.5096238906998001,-1.0548071152349083,-0.9141293616896904,BC2 PS<=0 H5
14,10,-1.1594890824095503,-0.3610468867377046,-0.4523218471944044,BC2 PS<=0 H5
15,10,-0.4965641563522501,-0.7316146687709324,-0.4703637063835452,BC2 PS<=0 H5
16,9,2.92340752520598,2.0454256188554947,2.2355742912564827,BC2 PS<=0 H5
17,8,-0.3089710867537116,-0.6503291413145306,-0.17458904632445138,BC2 PS<=0 H5
18,11,-0.7402018469960091,-1.0723227852460306,-0.8902125439678628,BC2 PS<=0 H5
19,11,-0.49767411703899667,-0.7095341337457348,-1.4320886750942519,BC2 PS<=0 H5
20,15,-0.4587436207540904,1.028308891534521,1.7466338750548365,BC2 PS<=0 H5
21,8,-1.2897800353748914,-2.5018441878399855,-2.2409820051691636,BC2 PS<=0 H5
0,1,-0.5695196107893451,-1.413373729262245,-0.8666311307111029,BC3 PS>2 H5
2,2,-1.2620151404600675,-1.260953428218957,-0.13865886749605416,BC3 PS>2 H5
3,2,8.28403188025038,5.496013509110466,4.757765399654625,BC3 PS>2 H5
4,2,3.815028343441166,2.895331055187912,2.8905679549566146,BC3 PS>2 H5
7,3,0.7235154972869008,0.2719887064203725,-1.4287475416087274,BC3 PS>2 H5
11,2,-1.2550094729703385,-1.2318700425574802,-0.7572695503713798,BC3 PS>2 H5
12,1,2.945909354418922,0.893118736179145,1.8056573363747233,BC3 PS>2 H5
14,1,-4.180210245171087,-2.787671187726591,-3.4610447647135265,BC3 PS>2 H5
15,1,6.620897784182449,6.196999603106758,7.160531208829814,BC3 PS>2 H5
17,1,4.4384417245478405,2.5321205990916487,1.1825667557602293,BC3 PS>2 H5
18,8,3.130606576092152,2.354089810936592,2.2110834014532106,BC3 PS>2 H5
19,4,-2.156609938834882,-0.5395587731222409,-1.2081840235809147,BC3 PS>2 H5
20,1,-2.0541225501313174,-3.1265473128659114,-1.3873495961333127,BC3 PS>2 H5
21,1,1.348627159049868,3.6580551680741604,4.45209993994712,BC3 PS>2 H5
0,2,4.926935147096749,4.094377309320942,5.340944589689074,BC4 PS<-2 H5
1,1,1.2835852430848762,-1.7507425678400454,0.6244304248141943,BC4 PS<-2 H5
2,3,1.400482319057224,1.7371016813854643,1.2820758230942286,BC4 PS<-2 H5
3,1,-3.7550853870766807,-1.6209746839117454,-0.977988382915339,BC4 PS<-2 H5
4,5,-2.6402819166692395,-0.14897469333015145,-1.204596723465617,BC4 PS<-2 H5
5,2,-2.686475820464631,-4.100848789735971,-3.622560466094153,BC4 PS<-2 H5
6,3,-1.8649741176843375,-2.060242663795444,-1.2680693310346514,BC4 PS<-2 H5
7,1,1.2360621651601713,-0.3912267095956588,1.8908980504228525,BC4 PS<-2 H5
8,2,6.03991234217686,5.131042792868991,4.167021903892699,BC4 PS<-2 H5
11,1,0.728024594574287,-0.2764053861262981,-0.5828018391129217,BC4 PS<-2 H5
12,5,0.7086684070469698,-0.7925057233395014,-1.258145533697922,BC4 PS<-2 H5
13,1,4.935528814947635,2.7132636747587937,0.6324389164782631,BC4 PS<-2 H5
14,2,-3.610137389981795,-3.2054978779763306,-2.318902474656147,BC4 PS<-2 H5
15,4,0.5504455326559363,-0.2620512861796036,-0.9540215493675474,BC4 PS<-2 H5
16,2,1.983139945889382,1.5049006474590967,1.645778101849328,BC4 PS<-2 H5
18,2,-5.643718885083161,-4.924439459257777,-3.9299529650740723,BC4 PS<-2 H5
19,2,1.4992955388944997,1.8516806360407159,3.054932880533852,BC4 PS<-2 H5
20,3,5.9581064342942005,7.857622100793359,8.053346578309032,BC4 PS<-2 H5
0,4,-1.503372295388721,-3.3898355072795385,-1.7535498097339688,BC1 PS>0 H20
1,1,17.16291542407267,9.733181901689637,5.23627485097651,BC1 PS>0 H20
2,6,-5.949058802506429,-1.63873418706743,0.1442213685926355,BC1 PS>0 H20
3,4,-6.164297206585282,-2.787887763981746,-1.2670642121307598,BC1 PS>0 H20
4,7,-2.1889515313762242,0.9345171176075582,0.35148984237335984,BC1 PS>0 H20
5,3,1.3413047514042153,-0.4357607328934814,-2.046767681964118,BC1 PS>0 H20
6,1,-0.9485905763055712,-3.1908739931695838,2.559899687085078,BC1 PS>0 H20
7,7,2.155288938423763,3.354807898989059,2.128284149419757,BC1 PS>0 H20
8,3,12.077170394780516,9.704982099262809,5.117153770338435,BC1 PS>0 H20
9,1,-1.6435958083176958,0.3409922109499654,0.22802684239211626,BC1 PS>0 H20
10,2,14.606414338168053,6.855747011970083,7.8650531892673365,BC1 PS>0 H20
11,5,9.686339692404475,8.3177389363686,6.3781020342127706,BC1 PS>0 H20
12,5,13.888945929333998,10.510769149180998,9.503902100103504,BC1 PS>0 H20
13,8,1.2167360453949416,-1.0729039580971182,-0.5181666643941901,BC1 PS>0 H20
14,7,-0.47984328991326597,0.08782527948761708,-2.031045657440903,BC1 PS>0 H20
15,6,-1.519012395181217,2.0954514063187615,2.382254164168697,BC1 PS>0 H20
16,7,5.0557673262862375,2.870786476806714,4.304125246779327,BC1 PS>0 H20
17,8,1.3315477927970703,0.6605393562940196,0.744346941678349,BC1 PS>0 H20
18,15,1.8945531203691166,0.916671232382499,0.7310672327523137,BC1 PS>0 H20
19,16,-3.480246616384823,0.9197958265876556,-0.4557374131826907,BC1 PS>0 H20
20,7,-3.886507759841492,-2.5438296568552725,-0.910212643970056,BC1 PS>0 H20
21,8,3.3976607653237267,5.321929948105143,4.80125370609046,BC1 PS>0 H20
0,4,7.305940023947631,1.86318981097527,3.8412855910801693,BC2 PS<=0 H20
1,4,3.2948312712432934,-3.0637191306592055,-1.9062020466116782,BC2 PS<=0 H20
2,7,-8.618238068127884,-5.030703547948984,-4.780460649632434,BC2 PS<=0 H20
3,4,-13.011385678463263,-9.204445915998665,-9.344437161494785,BC2 PS<=0 H20
4,9,-3.5430743715445217,-2.311111377801235,-3.261455672635305,BC2 PS<=0 H20
5,5,4.812600605841851,1.7762787049503082,2.694999073939431,BC2 PS<=0 H20
6,9,0.2768437677648745,-2.061431396425182,-0.9493534845138039,BC2 PS<=0 H20
7,7,-0.08770036133777843,2.111035089417698,4.5371301524730665,BC2 PS<=0 H20
8,9,5.456062932774158,3.8498402234743025,2.204477560465025,BC2 PS<=0 H20
9,6,11.627118562470686,11.432342414100082,9.582374343870516,BC2 PS<=0 H20
10,3,25.73124475212249,20.194360556209176,17.44684378728801,BC2 PS<=0 H20
11,7,-2.549014594920651,-4.403111728086256,-3.556853632101546,BC2 PS<=0 H20
12,13,4.629380611286173,0.9619603775343643,0.14278612125789986,BC2 PS<=0 H20
13,4,3.5251200441964765,2.1600544345237185,1.8495905474611232,BC2 PS<=0 H20
14,10,-0.16981973668376144,0.013584452764047461,0.19728066204713707,BC2 PS<=0 H20
15,10,-5.642201169602651,-3.0136436756901133,-2.646741541580392,BC2 PS<=0 H20
16,9,6.206702002822306,4.788681731143065,4.277236359252217,BC2 PS<=0 H20
17,8,6.483841352372913,5.65470596860745,4.453617013219326,BC2 PS<=0 H20
18,11,-1.8649204685037717,-2.661537802113324,-1.1271186815881358,BC2 PS<=0 H20
19,11,-0.8713651769416291,2.264388996041724,2.356710547989015,BC2 PS<=0 H20
20,15,0.34248889552973144,2.032541946627525,1.9762170078831958,BC2 PS<=0 H20
21,8,0.5029874652379872,1.2679053688818025,0.9198788450980502,BC2 PS<=0 H20
0,1,2.626643937029564,2.275124018712994,3.0747062521915183,BC3 PS>2 H20
2,2,-9.097284991976213,-4.35436754365026,-0.3297642852095038,BC3 PS>2 H20
3,2,-5.256540954864522,-2.13567171504047,-1.2338497039995664,BC3 PS>2 H20
4,2,-1.1411258729899807,1.5420102906679791,-0.16642076036112868,BC3 PS>2 H20
7,3,1.79827120043774,3.0628369038557604,2.246895124192214,BC3 PS>2 H20
11,2,3.156803937895151,2.0166528468783267,0.5790291625146007,BC3 PS>2 H20
12,1,16.044371746508105,12.089952982987652,8.233196796324084,BC3 PS>2 H20
14,1,-0.07279687782714911,0.17118111647421846,0.4279917940188351,BC3 PS>2 H20
15,1,4.666450073031018,10.532431254225829,10.704713787141808,BC3 PS>2 H20
17,1,11.051171749557458,9.02197979282422,7.646612241691943,BC3 PS>2 H20
18,8,3.8747116333429754,2.712854969440467,1.5009156857599208,BC3 PS>2 H20
19,4,-4.4937489010153895,-0.5337292904236721,-3.720699298350959,BC3 PS>2 H20
20,1,-6.424774644380989,-5.372702341432999,-0.6878599205109346,BC3 PS>2 H20
21,1,0.4890150866112809,0.3387462890703587,2.229567636618636,BC3 PS>2 H20
0,2,7.8643911851804456,4.361966633053928,7.301627429420378,BC4 PS<-2 H20
1,1,1.5420050940791832,-5.887728428303849,2.9278684036810567,BC4 PS<-2 H20
2,3,-6.5267724232432585,-2.663640019095509,-4.544554451936258,BC4 PS<-2 H20
3,1,-26.496009857898343,-19.54390640481475,-19.328152371617524,BC4 PS<-2 H20
4,5,-8.320058347679092,-4.5768348311339055,-4.3803364295661025,BC4 PS<-2 H20
5,2,-1.4881142162892622,-5.0110938325088545,-3.492176077987989,BC4 PS<-2 H20
6,3,0.3457966272278047,-2.3992608300720386,0.2282908199801384,BC4 PS<-2 H20
7,1,-4.080959006314729,-2.4627225096990877,-1.6000646258512483,BC4 PS<-2 H20
8,2,8.831866860113095,6.972482153829531,3.1846700811409403,BC4 PS<-2 H20
11,1,-12.838363105120063,-13.58020211189891,-9.970670719281681,BC4 PS<-2 H20
12,5,3.614520813792774,-0.8162087610280974,-1.537180662984293,BC4 PS<-2 H20
13,1,8.557898824581605,6.907653263723891,4.4711663328130165,BC4 PS<-2 H20
14,2,-0.27616770598211315,-3.1045400299815658,-1.3041830142617992,BC4 PS<-2 H20
15,4,-6.0037826871657005,-2.778596786547987,-2.4684391199577624,BC4 PS<-2 H20
16,2,6.9712782074992905,5.133733083888694,5.226464114136233,BC4 PS<-2 H20
18,2,-10.149978583132887,-10.74438405616217,-5.012194452989198,BC4 PS<-2 H20
19,2,-0.6937226760106343,2.2025063057561147,4.032134847713865,BC4 PS<-2 H20
20,3,9.654196010446396,12.391236891597428,10.818055000206016,BC4 PS<-2 H20
0,3,7.057891631843476,3.4937144613072713,2.099943611021787,BC5 n<2 H20
1,4,5.524957003093948,-0.09544419649344243,-0.7131161761807823,BC5 n<2 H20
2,4,-0.08867327686223822,3.5492567454336696,3.313634451330068,BC5 n<2 H20
3,2,1.7683728803637702,3.5347429275129807,3.4385569400370035,BC5 n<2 H20
4,1,4.728917080243548,5.637407990206602,2.5486004553080046,BC5 n<2 H20
5,3,6.580750558773056,-0.2832730979758285,1.189086032155552,BC5 n<2 H20
6,2,-1.574103361353265,-5.386812298843018,-2.4132570286722985,BC5 n<2 H20
7,3,-2.6402195555052894,0.45414656474169524,0.09901219689380468,BC5 n<2 H20
8,2,11.72817127705106,9.98268376942365,8.52205097376123,BC5 n<2 H20
9,4,8.224964624384551,9.334298074889455,7.471399237991647,BC5 n<2 H20
10,2,10.34325852754482,6.105874106190369,5.117362965349994,BC5 n<2 H20
11,6,5.839303098569772,3.5409350351986904,1.3384909214513956,BC5 n<2 H20
12,3,3.796789519005761,1.5023338089169054,-5.985330188936542,BC5 n<2 H20
13,5,3.622922969568955,2.6271481965222256,2.2084416612199855,BC5 n<2 H20
14,3,1.630387011495415,2.2727830964292814,1.022541228064427,BC5 n<2 H20
15,6,-1.8744006127716244,-0.636487607902705,0.8083006559308209,BC5 n<2 H20
16,7,4.807567004194896,2.2240089935497815,1.837538667719567,BC5 n<2 H20
17,3,4.4403380012926394,3.5888963676566514,3.5327158438062716,BC5 n<2 H20
18,5,-0.48974078709138474,-2.1772602186878407,-2.1536451367706286,BC5 n<2 H20
19,5,3.5758364224742474,4.328591664922755,3.0989057524513455,BC5 n<2 H20
20,7,0.06404945002616529,2.499327615388867,2.727073174902583,BC5 n<2 H20
21,8,-0.8282898469366022,-0.39205740230325614,-1.3274403696730954,BC5 n<2 H20
0,11,0.36092896537781666,-0.7113769565761068,-0.37275243028933247,C1 above200 H5
1,9,1.5305550992046077,0.32665054697127577,0.506665689821896,C1 above200 H5
2,17,0.0812961889418299,0.7529286014542163,1.028946822905401,C1 above200 H5
3,9,0.9952673458261982,-0.2186656095181475,-0.33806122812907663,C1 above200 H5
4,2,0.17633440918500137,0.9390699846913222,-1.1273394235649479,C1 above200 H5
5,5,1.041472214868428,-0.9780695440211037,-0.9927016017896658,C1 above200 H5
6,11,-1.4265014528111983,-2.3644263126631517,-1.311310292270706,C1 above200 H5
7,14,0.9524372243755713,0.7116427319891877,0.6160066210746874,C1 above200 H5
8,12,1.4934432038920658,1.143555202569974,0.6215622241618382,C1 above200 H5
9,11,2.102277747504945,2.922931340268952,2.611643310435888,C1 above200 H5
10,7,3.981626125133758,4.303827569579689,3.900230506064041,C1 above200 H5
11,18,0.13159861463038228,-0.27012985594148525,-0.32498750848456487,C1 above200 H5
12,21,1.4941576418614453,0.7094526641082975,-0.31605831633116793,C1 above200 H5
13,17,-0.024780407447705297,-0.26525729806545895,-0.5814940175136454,C1 above200 H5
14,17,-1.0816445792777203,-0.29687588140698695,-0.45230507602006204,C1 above200 H5
15,4,-1.8120719250177184,-1.7057359631193245,0.2556844267892003,C1 above200 H5
16,15,2.8168589261543553,2.2488105087115797,2.8521352197721077,C1 above200 H5
17,16,-0.659978742903019,-0.9117503058870533,-0.5523859481085359,C1 above200 H5
18,30,-0.21769077739048995,-0.4860142599836108,-0.3535033618127101,C1 above200 H5
19,27,-0.6589980797409041,-0.06431705326557674,-0.8147596728001256,C1 above200 H5
20,7,-0.690834248338737,0.21615952094811924,0.5009687278383133,C1 above200 H5
21,15,-1.0746187062715093,-0.30741937120770824,-0.7740106960965633,C1 above200 H5
3,1,-2.821806552071234,-1.2677721594481206,-2.3649526551215203,C2 below200 H5
4,15,-1.028486613136745,-1.1489850155300094,-0.9209754665743334,C2 below200 H5
5,6,1.3263368670791587,-0.8857873778047907,-0.021209084461708272,C2 below200 H5
6,1,-11.234360256963335,-10.33124052691584,-9.1110939157091,C2 below200 H5
7,3,1.277825793242526,0.48307244104831326,3.1653982027811756,C2 below200 H5
8,2,8.27481536758376,6.7979155913832425,5.198730007094367,C2 below200 H5
14,3,-3.8583134982079437,-2.8505625785541855,-2.296016391651048,C2 below200 H5
15,18,1.1608319667055178,0.4025815786399045,0.5105157070899826,C2 below200 H5
16,8,1.015106386700742,-0.5931222782535426,-1.1780804127250604,C2 below200 H5
17,3,2.49748222452687,1.3138711674218295,1.0514113654698098,C2 below200 H5
18,1,1.7742339293614497,-0.4881451999470419,-0.15767450467296534,C2 below200 H5
19,5,-1.136348587385375,-2.089557814294599,-2.0617096324621462,C2 below200 H5
20,22,-0.43370581859385826,0.843239571129192,1.0681823188590625,C2 below200 H5
21,9,-0.10236126838093888,-1.6654542730938064,-1.0662389599548399,C2 below200 H5
0,4,0.03382509652586994,-0.7195297389026425,-0.16190469446843575,C3 sec3m>0 H5
1,9,1.5305550992046077,0.32665054697127577,0.506665689821896,C3 sec3m>0 H5
2,16,0.19181281263516026,0.9466200468988168,1.230299143377548,C3 sec3m>0 H5
3,2,-1.7412939924372892,-2.850111498945439,-1.9451282988722494,C3 sec3m>0 H5
4,4,-1.7360483110301683,-1.1699000958900017,-1.8297359809685845,C3 sec3m>0 H5
5,7,2.239760448347871,0.25264012345457254,0.44676723130760015,C3 sec3m>0 H5
6,12,-2.243823019823876,-3.0283274971842093,-1.9612922608905723,C3 sec3m>0 H5
7,4,2.3056686541658276,2.2131079324061846,3.1224146528443115,C3 sec3m>0 H5
8,12,2.2214658907931506,1.773753079707247,1.0909857413138957,C3 sec3m>0 H5
9,11,2.102277747504945,2.922931340268952,2.611643310435888,C3 sec3m>0 H5
10,5,3.229335885307371,3.9289362649997086,3.463797524506468,C3 sec3m>0 H5
11,18,0.13159861463038228,-0.27012985594148525,-0.32498750848456487,C3 sec3m>0 H5
12,17,1.8010909220257043,1.016892257990075,-0.10051850859130143,C3 sec3m>0 H5
13,17,-0.024780407447705297,-0.26525729806545895,-0.5814940175136454,C3 sec3m>0 H5
14,10,-1.2520058040545234,-0.829747454266103,-1.0342714567955678,C3 sec3m>0 H5
15,5,-1.8421871769033211,-1.6584325090023975,-0.19971657922396385,C3 sec3m>0 H5
16,20,2.5820516155807027,1.7792355093355292,2.2073585498902837,C3 sec3m>0 H5
17,13,-0.3178755050315651,-0.057423857263042964,0.013708047047097832,C3 sec3m>0 H5
18,30,-0.21769077739048995,-0.4860142599836108,-0.3535033618127101,C3 sec3m>0 H5
19,21,-1.0490334788889009,-0.22454952131251393,-1.0532624643904278,C3 sec3m>0 H5
20,11,-1.927208927387496,-0.5502661204316575,-0.3724036926697696,C3 sec3m>0 H5
21,20,-0.6438292112300064,-0.6393416201165516,-0.5823686585624291,C3 sec3m>0 H5
0,7,0.5478454618646432,-0.7067182238180864,-0.49323685075841633,C4 sec3m<=0 H5
2,1,-1.6869697901514566,-2.346134525659392,-2.1926903046489463,C4 sec3m<=0 H5
3,8,1.2022734431548907,0.3080575440974287,-0.1896558888173389,C4 sec3m<=0 H5
4,13,-0.6254182411200382,-0.8213103753851915,-0.6731051478361969,C4 sec3m<=0 H5
5,4,-0.6282352154045011,-2.9933882127790676,-2.054533283717945,C4 sec3m<=0 H5
7,13,0.6111479926401742,0.19690644933606388,0.43312528400091566,C4 sec3m<=0 H5
8,2,3.906679246177251,3.016728328559605,2.3821889041820214,C4 sec3m<=0 H5
10,2,5.862351724699725,5.241055831029641,4.991312959957973,C4 sec3m<=0 H5
12,4,0.18969120116334517,-0.5971656098892566,-1.2321024992256,C4 sec3m<=0 H5
14,10,-1.7442840301799842,-0.5301103176920304,-0.4234520899338521,C4 sec3m<=0 H5
15,17,1.3445660932438266,0.5126874769442924,0.6594472547586063,C4 sec3m<=0 H5
16,3,-0.42243244189759876,-2.1991769273550754,-3.5965953343415147,C4 sec3m<=0 H5
17,6,0.17752805875710906,-1.6499802079179675,-0.977024280823236,C4 sec3m<=0 H5
18,1,1.7742339293614497,-0.4881451999470419,-0.15767450467296534,C4 sec3m<=0 H5
19,11,-0.1313625484785788,-0.678982687461889,-0.9262315977922856,C4 sec3m<=0 H5
20,18,0.37899613632368984,1.4509619186792937,1.7279573738408351,C4 sec3m<=0 H5
21,4,-1.0409869462252412,-1.7033866559072117,-2.389734477448356,C4 sec3m<=0 H5
0,11,4.034904164524188,0.39768732715497634,1.3318885416772877,C1 above200 H20
1,9,5.826896502380182,-0.3226079341023283,-0.582333115577037,C1 above200 H20
2,17,-5.6692183764342765,-1.8147237044889877,-1.1378446194441734,C1 above200 H20
3,9,-8.417097296216532,-5.0886505084460705,-4.416256109646028,C1 above200 H20
4,2,-2.9326961427573037,1.7500985014809691,-0.47911901357169245,C1 above200 H20
5,5,4.705597110933933,2.696910206949029,1.0126658099071306,C1 above200 H20
6,11,0.5176496785416365,-2.2074053203625983,-0.5606868668464025,C1 above200 H20
7,14,0.633909792018203,2.3708428124686063,2.4188132915601037,C1 above200 H20
8,12,5.73437221741036,4.110192293842279,2.3744014115367906,C1 above200 H20
9,11,9.183543096731329,9.661112635918935,7.96435180523471,C1 above200 H20
10,7,18.15615428397046,12.358046272135491,11.18648052444267,C1 above200 H20
11,18,3.645800827166469,1.7784734886906306,0.8346377930589668,C1 above200 H20
12,21,6.715097435733691,3.3126824800286876,1.496178071907647,C1 above200 H20
13,17,2.4675872581053064,0.7760427679958267,0.8408963047524057,C1 above200 H20
14,17,-0.29286151463557264,0.6599065082842261,-0.778934627457491,C1 above200 H20
15,4,-5.9962220641940975,-4.796729262316503,-0.9997723271461436,C1 above200 H20
16,15,7.133158506848256,5.260019203345804,5.91425439815737,C1 above200 H20
17,16,3.3406201096226584,2.656303705995107,2.3967911580793393,C1 above200 H20
18,30,-0.03165563515605976,-1.0160753070183972,-0.5348323146615575,C1 above200 H20
19,27,-1.4084291329046332,2.309825438982835,1.3369461846785085,C1 above200 H20
20,7,-2.349134202704196,-1.6759062154411732,-0.17261969959030424,C1 above200 H20
21,15,1.7306637880547315,3.4479431134259895,1.8362137235328666,C1 above200 H20
3,1,2.5878898864821567,4.898005711118948,4.177413372386087,C2 below200 H20
4,15,-2.4410680465184074,-0.808078105980903,-1.559055578310189,C2 below200 H20
5,6,4.050197234178567,-1.1267098337669224,0.9731035617893008,C2 below200 H20
6,1,-7.29934985308623,-8.235922634693669,-4.643240195573327,C2 below200 H20
7,3,-0.7740919050562736,2.143847079503963,4.363850207363242,C2 below200 H20
8,2,19.989976762243383,17.203284160898548,11.871522182140748,C2 below200 H20
14,3,1.6042354623535018,-1.2164799558300692,1.354999789785225,C2 below200 H20
15,18,-2.9332000826092868,-0.12198538428548761,-0.1847220659234574,C2 below200 H20
16,8,2.2382850920056074,-0.017323022175501357,-0.9033801671997937,C2 below200 H20
17,3,7.464735137091749,6.2625974687533335,4.611066880443595,C2 below200 H20
18,1,6.405136771220126,4.069110779603637,3.8444467498087955,C2 below200 H20
19,5,-1.87243882154375,-0.21946326921226195,-0.39420016142137726,C2 below200 H20
20,22,-0.23526978712872476,1.9049072007834653,1.9804371241776249,C2 below200 H20
21,9,-0.15345441686889738,-0.23743593154670323,0.8451479554589237,C2 below200 H20
0,4,3.0098283989350616,-0.03256421979820484,0.6514706912532628,C3 sec3m>0 H20
1,9,5.826896502380182,-0.3226079341023283,-0.582333115577037,C3 sec3m>0 H20
2,16,-4.880184262192358,-1.0494165822866375,-0.5129543979519599,C3 sec3m>0 H20
3,2,-4.165951409537529,-1.990375368156204,-1.8982137721588452,C3 sec3m>0 H20
4,4,-1.6825064600559123,1.5907179426603648,-0.26435120248216176,C3 sec3m>0 H20
5,7,4.796275345338443,2.369157296605412,1.7482659754068577,C3 sec3m>0 H20
6,12,-0.13376694909401904,-2.709781763223521,-0.9008996442403128,C3 sec3m>0 H20
7,4,2.6311051091521773,3.844970931946841,5.016250889938085,C3 sec3m>0 H20
8,12,8.061580368210173,6.251814508224738,3.818813229900094,C3 sec3m>0 H20
9,11,9.183543096731329,9.661112635918935,7.96435180523471,C3 sec3m>0 H20
10,5,15.46518077783392,10.448096491744153,10.049705584126915,C3 sec3m>0 H20
11,18,3.645800827166469,1.7784734886906306,0.8346377930589668,C3 sec3m>0 H20
12,17,8.296040092291532,4.902602199377206,2.2539095074736024,C3 sec3m>0 H20
13,17,2.4675872581053064,0.7760427679958267,0.8408963047524057,C3 sec3m>0 H20
14,10,-1.419890563931114,-0.29447448990302133,-2.563338086433984,C3 sec3m>0 H20
15,5,-5.069134227862478,-3.6596813412063947,-1.296708011039983,C3 sec3m>0 H20
16,20,5.699623262635497,3.7026045522006017,4.094441171864099,C3 sec3m>0 H20
17,13,4.696083229794146,4.505157231966595,3.4230825832655998,C3 sec3m>0 H20
18,30,-0.03165563515605976,-1.0160753070183972,-0.5348323146615575,C3 sec3m>0 H20
19,21,-0.43153294716022594,3.1894831126937278,2.4825601867664226,C3 sec3m>0 H20
20,11,-4.61485282734542,-2.841017606070119,-1.2910018832152315,C3 sec3m>0 H20
21,20,0.20978415946017936,1.1395962954903527,0.6915326893349947,C3 sec3m>0 H20
0,7,4.620661744860831,0.6435453539853655,1.7206987419195872,C4 sec3m<=0 H20
2,1,-18.29376420430498,-14.059637659726587,-11.13608816331959,C4 sec3m<=0 H20
3,8,-8.104260370048948,-4.614887266072909,-3.971558008763809,C4 sec3m<=0 H20
4,13,-2.7501067033128512,-1.152603565953313,-1.7912820686051982,C4 sec3m<=0 H20
5,4,3.563810385592993,-2.464952261023569,-0.33397785189413637,C4 sec3m<=0 H20
7,13,-0.30553531257866823,1.864881298868078,2.0684563957060638,C4 sec3m<=0 H20
8,2,6.026727857444507,4.353550874603797,3.2050512719609308,C4 sec3m<=0 H20
10,2,24.883588049311804,17.132920723113834,14.028417875232059,C4 sec3m<=0 H20
12,4,-0.003908854637129505,-3.444476327202513,-1.724180529247664,C4 sec3m<=0 H20
14,10,1.4032966277566907,1.051371567237185,1.6456491566918166,C4 sec3m<=0 H20
15,17,-3.025695212025363,-0.18142630943369514,-0.049443908235699635,C4 sec3m<=0 H20
16,3,3.6370643620195855,1.5698709429236766,-0.13401626750658938,C4 sec3m<=0 H20
17,6,2.4658408629856465,0.45360128110266085,1.280297598024569,C4 sec3m<=0 H20
18,1,6.405136771220126,4.069110779603637,3.8444467498087955,C4 sec3m<=0 H20
19,11,-3.484326255070827,-0.5191977145539142,-1.637019794807458,C4 sec3m<=0 H20
20,18,1.6190836869465726,3.412656031995519,3.142349975007954,C4 sec3m<=0 H20
21,4,5.095795969949327,6.697574351915614,5.329720916355855,C4 sec3m<=0 H20
0,18,1.1893672921332943,0.007715280964445106,0.7409868648352252,D1 reported-weak peers H5
1,15,-1.3321068942800658,-2.3450325955987106,-2.2933346891834625,D1 reported-weak peers H5
2,21,0.0947467079307582,0.6435091608797836,0.8737283261884622,D1 reported-weak peers H5
3,17,-0.31982150300026313,-0.9106354300763407,-0.9417602164804629,D1 reported-weak peers H5
4,31,0.06104953294001596,0.020252888809120653,-0.48009005080526734,D1 reported-weak peers H5
5,17,1.3237828023052254,-0.34019287509684265,-0.4014714197836356,D1 reported-weak peers H5
6,35,-0.49805993720002134,-1.1025337997243665,-0.14258968300340383,D1 reported-weak peers H5
7,24,-0.14080395266133147,-0.7270722120464975,0.3179599019051043,D1 reported-weak peers H5
8,24,1.7021031064826435,0.7126873382045733,-0.07959474870627249,D1 reported-weak peers H5
9,28,-1.8787369418335693,-1.0789934253914553,-1.16611016174261,D1 reported-weak peers H5
10,13,0.4585843730760935,-0.016432558030970896,0.1459877371924832,D1 reported-weak peers H5
11,21,-0.2517343386316528,-0.7758596788450766,-0.7768629776365549,D1 reported-weak peers H5
12,37,0.44534734265345033,0.03778618674419142,0.11512760515338322,D1 reported-weak peers H5
13,24,-1.114074062487518,-0.9661168944665405,-0.8131896441669175,D1 reported-weak peers H5
14,31,-0.709072551839999,-0.586413179330156,-0.5336017790203852,D1 reported-weak peers H5
15,41,-0.40625408678185887,-0.4494636050658322,-0.5044987504043182,D1 reported-weak peers H5
16,41,0.6178626020583613,-0.28342502498830846,0.3094082902320968,D1 reported-weak peers H5
17,42,0.01001977889254717,-0.6224331600757678,-0.2606726023347822,D1 reported-weak peers H5
18,54,-0.7414103014192158,-1.0249890944872584,-0.7298851319865473,D1 reported-weak peers H5
19,39,0.6796921075656632,0.7640084357726327,0.3147656753463369,D1 reported-weak peers H5
20,60,-1.5237724121236322,-0.11207910097628035,0.7090873695288624,D1 reported-weak peers H5
21,51,0.6349287944174804,0.18136690333672117,0.15131648630865746,D1 reported-weak peers H5
0,27,-1.716907594008938,-1.6054727738677426,-1.1206362969154702,D2 not-yet-reported peers H5
1,25,-1.0294475936109686,-2.069003359797474,-1.369050391813619,D2 not-yet-reported peers H5
2,47,-1.5818065397001095,-0.2727049894353746,-0.4101044204772918,D2 not-yet-reported peers H5
3,40,3.147778648778105,1.8047071592911257,1.483475265568831,D2 not-yet-reported peers H5
4,40,-3.823374289416162,-0.8420785224824312,-0.9545561747735893,D2 not-yet-reported peers H5
5,43,0.6292860165110064,-1.9773375181745323,-1.1847943362931375,D2 not-yet-reported peers H5
6,30,0.2009849296628406,-1.455338103302462,-0.1649153686453714,D2 not-yet-reported peers H5
7,44,0.4025778319833317,0.22808490798096034,0.5895662356196605,D2 not-yet-reported peers H5
8,29,0.5370537736039599,-0.22990688247311544,-1.2685946779161628,D2 not-yet-reported peers H5
9,36,0.02507273606361702,0.6498510005221187,0.7510627242951688,D2 not-yet-reported peers H5
10,21,-2.153091833139942,-0.5840416218977613,-0.9184599099210257,D2 not-yet-reported peers H5
11,47,2.562601313994763,1.5522058873894216,0.7789127064287027,D2 not-yet-reported peers H5
12,61,0.18187876515223642,-0.024034931332896966,-0.5719409097129117,D2 not-yet-reported peers H5
13,41,0.7716571194369203,0.11289756687740754,-0.14407191387163643,D2 not-yet-reported peers H5
14,37,-2.515977296619266,-1.078266785701461,-1.3173855103770524,D2 not-yet-reported peers H5
15,70,-1.8266510758369332,-1.767236471454069,-1.2446110980432084,D2 not-yet-reported peers H5
16,77,1.5274272704145961,0.3261978979265797,0.30836924732559423,D2 not-yet-reported peers H5
17,40,-2.775000504957994,-1.9912369515975765,-1.8399910366823053,D2 not-yet-reported peers H5
18,68,-0.1636772707645319,0.052944886460960794,-0.10583855687819213,D2 not-yet-reported peers H5
19,84,1.2937566586430207,1.6063411634955787,0.8109759835189492,D2 not-yet-reported peers H5
20,103,-2.0188299657572495,-0.6575902592131543,-0.4240471966862426,D2 not-yet-reported peers H5
21,81,-0.6238166089988068,-1.0423673726967932,-1.6050600218018518,D2 not-yet-reported peers H5
0,18,1.5154377254803373,-2.4994271813744424,-0.9625674310945185,D1 reported-weak peers H20
1,15,3.696139298557434,-2.3609398238580175,-2.1712467519646044,D1 reported-weak peers H20
2,21,-3.5357316279277975,0.5743571468150911,1.1205479616400846,D1 reported-weak peers H20
3,17,-4.570850450270831,-0.40687072005763075,0.6793608782079352,D1 reported-weak peers H20
4,31,-2.488500857220275,-0.13405767490604015,-0.8965073657078347,D1 reported-weak peers H20
5,17,6.3483006229842545,3.8829916741400003,2.710383560475104,D1 reported-weak peers H20
6,35,2.062037081645153,-0.47801498884517185,0.9788726781993659,D1 reported-weak peers H20
7,24,-2.386468480782453,-0.43996045821809204,0.5241521539884081,D1 reported-weak peers H20
8,24,7.070379770983822,5.067413415812248,2.7491170304637436,D1 reported-weak peers H20
9,28,1.7141981602009793,1.4845588921218382,-0.4185338525089433,D1 reported-weak peers H20
10,13,5.162468701850937,-1.149744479960199,-2.1936093448435043,D1 reported-weak peers H20
11,21,1.5105799918945586,0.013223177215714562,0.6304569216392472,D1 reported-weak peers H20
12,37,2.837980736249679,-0.7546208821464345,-0.9215232712416918,D1 reported-weak peers H20
13,24,0.9176416925714428,-0.9114519847824049,-0.7435492327107708,D1 reported-weak peers H20
14,31,0.18114229738191787,-0.491782299069342,-0.5420188922161974,D1 reported-weak peers H20
15,41,-2.579962254382889,0.22376110221122228,0.037624238222671726,D1 reported-weak peers H20
16,41,5.304570693842774,3.6986310741185293,3.6972102962888247,D1 reported-weak peers H20
17,42,2.3600225167436593,1.353327168970094,0.311009949774478,D1 reported-weak peers H20
18,54,-2.195556506933677,-3.1474476599524306,-2.0711869014636934,D1 reported-weak peers H20
19,39,-3.1901834380897305,0.750901630851113,0.7830406835852507,D1 reported-weak peers H20
20,60,-1.9915279641482038,-0.45963680834312204,0.18810862307873452,D1 reported-weak peers H20
21,51,-0.2840528612178558,0.8837223239356308,0.11618285913622291,D1 reported-weak peers H20
0,27,4.79812389178851,0.699945994084623,0.36986510617648793,D2 not-yet-reported peers H20
1,25,-0.08580665322599143,-5.8580256837896965,-4.573848111986253,D2 not-yet-reported peers H20
2,47,-3.5914191028340134,-0.1657014863060835,-0.32200734455294006,D2 not-yet-reported peers H20
3,40,-2.0803901039601254,-0.2797088807428326,-0.6537167995306946,D2 not-yet-reported peers H20
4,40,-4.340125106164218,-2.3956142435927466,-3.240970414646797,D2 not-yet-reported peers H20
5,43,3.815041530259717,-1.5151400870355227,-0.5658225707659428,D2 not-yet-reported peers H20
6,30,3.2435629453679145,-0.48306932435276445,2.0159824690586676,D2 not-yet-reported peers H20
7,44,0.25582310402156316,1.6790140315912823,2.375696032408101,D2 not-yet-reported peers H20
8,29,3.7305818352439744,1.8633694588955647,-0.8123288756610513,D2 not-yet-reported peers H20
9,36,-0.6535532730071311,1.0742242192518576,0.2633379303736623,D2 not-yet-reported peers H20
10,21,4.6452298910115255,1.3014076127227991,0.5738739798959956,D2 not-yet-reported peers H20
11,47,7.077452926558064,4.818587451324715,1.7871743789243733,D2 not-yet-reported peers H20
12,61,2.9145638445457136,0.16860879232935908,-0.8080343841694775,D2 not-yet-reported peers H20
13,41,1.1523195395401815,0.12695661990254306,-0.14598989706398255,D2 not-yet-reported peers H20
14,37,-3.1601211281517925,0.17891030215513007,-1.319980798597,D2 not-yet-reported peers H20
15,70,-5.304328967838069,-3.197503285705969,-2.1373978634189053,D2 not-yet-reported peers H20
16,77,4.351551003450117,1.7028685508293655,1.9947217792226235,D2 not-yet-reported peers H20
17,40,-2.3274591972046927,-1.8597763359606316,-2.5388598174179657,D2 not-yet-reported peers H20
18,68,1.0479801821124912,-0.22977664852578022,0.12915621664238405,D2 not-yet-reported peers H20
19,84,1.515675526852097,1.6525155710934214,1.2608471461731334,D2 not-yet-reported peers H20
20,103,-2.2169178455233247,0.36947154442918917,0.3745315493450594,D2 not-yet-reported peers H20
21,81,0.8083939175507124,0.26375754833788373,-1.1631169690263006,D2 not-yet-reported peers H20
0,3,8.395583250487034,5.581823480346476,5.868098788481707,"E2 B3 Bank/FinServ sector, short index fut"
1,1,5.072668267355621,-2.797745483852275,-4.2048387385786405,"E2 B3 Bank/FinServ sector, short index fut"
2,3,-14.92684767235795,-11.015684633172086,-6.409636691436223,"E2 B3 Bank/FinServ sector, short index fut"
3,5,-7.2543571837710115,-4.0385168513208045,-2.6110625682968522,"E2 B3 Bank/FinServ sector, short index fut"
4,5,-1.481967371426832,-1.3962151004720031,-2.6503416948627176,"E2 B3 Bank/FinServ sector, short index fut"
5,5,7.647805038800788,4.913229039685183,3.7191138394438275,"E2 B3 Bank/FinServ sector, short index fut"
6,4,1.0551384114675357,-1.7569992824961398,-2.3787107107098344,"E2 B3 Bank/FinServ sector, short index fut"
7,4,2.1099992283145776,3.126147570017944,2.3569968350299217,"E2 B3 Bank/FinServ sector, short index fut"
8,2,7.2645586288879,5.405173922604336,7.544258677696154,"E2 B3 Bank/FinServ sector, short index fut"
9,2,7.009815466574669,6.251279154297819,6.871088560304785,"E2 B3 Bank/FinServ sector, short index fut"
11,2,7.487281338423904,5.711208207547504,6.737058959027009,"E2 B3 Bank/FinServ sector, short index fut"
12,3,2.3536275847184025,-0.1698826854317349,-0.3384313420991867,"E2 B3 Bank/FinServ sector, short index fut"
13,4,-0.9552301527006022,-1.9254077809075634,-1.0142845543090764,"E2 B3 Bank/FinServ sector, short index fut"
14,8,-3.458569633307862,-2.247978160363716,-3.8988766274580007,"E2 B3 Bank/FinServ sector, short index fut"
15,7,-2.6554306178349845,-0.9022203058039158,-2.957465147717558,"E2 B3 Bank/FinServ sector, short index fut"
16,9,9.236249911399513,6.97996048315318,7.971043022591068,"E2 B3 Bank/FinServ sector, short index fut"
17,6,0.5161781386567827,-0.3238385163295688,2.1511930115232665,"E2 B3 Bank/FinServ sector, short index fut"
18,11,2.895915293275542,2.12255065665217,1.349890620853575,"E2 B3 Bank/FinServ sector, short index fut"
19,12,-0.9632498764721803,1.3075638546748374,0.03223941714889143,"E2 B3 Bank/FinServ sector, short index fut"
20,7,0.15346767264557534,2.6876083470881458,3.045955383335235,"E2 B3 Bank/FinServ sector, short index fut"
21,7,0.7232150428210923,0.085088096183759,1.3190768512159625,"E2 B3 Bank/FinServ sector, short index fut"
