,size,size,size,size,size,size,size,size,size,size,size,size,size,size,size,size,size,size,size,size,size,size,size,size,size,size,size,size,mean,mean,mean,mean,mean,mean,mean,mean,mean,mean,mean,mean,mean,mean,mean,mean,mean,mean,mean,mean,mean,mean,mean,mean,mean,mean,mean,mean
cand,C01,C02,C03,C04,C05,C06,C07,C08,C09,C10,C11,C12,C13,C14,C15,C16,C17,C18,C19,C20,C21,C22,C23,C24,C25,C26,C27,R0,C01,C02,C03,C04,C05,C06,C07,C08,C09,C10,C11,C12,C13,C14,C15,C16,C17,C18,C19,C20,C21,C22,C23,C24,C25,C26,C27,R0
qn,,,,,,,,,,,,,,,,,,,,,,,,,,,,,,,,,,,,,,,,,,,,,,,,,,,,,,,,
0,8,8,8,8,8,8,8,8,8,8,8,8,8,8,8,8,8,8,8,8,8,8,8,8,8,8,8,8,1.96,1.87,-5.72,-0.06,0.9,-3.81,-1.18,1.2,-3.71,1.38,0.99,-3.12,-3.73,1.99,2.77,1.57,0.23,-5.62,-3.01,-0.12,0.69,-6.89,-0.24,1.67,-5.64,-0.13,-0.86,1.08
1,6,6,6,6,6,6,6,6,6,6,6,6,6,6,6,6,6,6,6,6,6,6,6,6,6,6,6,6,-2.4,-3.16,1.27,-2.18,0.75,1.13,-3.37,-0.76,1.13,0.17,0.17,1.27,1.27,-3.16,1.43,1.82,0.78,0.87,0.87,0.36,-2.93,1.51,-1.36,-2.94,-0.51,-0.29,-1.98,0.17
2,11,11,11,11,11,11,11,11,11,11,11,11,11,11,11,11,11,11,11,11,11,11,11,11,11,11,11,11,-3.05,-3.68,-3.84,-1.62,-0.28,-2.86,-2.46,-2.01,-3.5,-1.41,-1.91,-4.86,-5.39,-3.97,-2.24,-2.47,0.48,-2.51,-3.53,-2.53,-3.75,-3.91,-2.66,-2.51,-3.49,0.99,-1.74,-2.47
3,4,4,4,4,4,4,4,4,4,4,4,4,4,4,4,4,4,4,4,4,4,4,4,4,4,4,4,4,-7.85,-4.6,0.25,-0.43,-0.15,-2.27,0.86,-0.32,-2.98,-0.42,0.25,-5.8,-5.6,-5.6,-0.08,-0.08,0.25,0.25,-5.8,0.08,-4.49,0.44,-2.43,-6.37,-2.18,-2.15,-2.43,-0.08
4,3,3,3,3,3,3,3,3,3,3,3,3,3,3,3,3,3,3,3,3,3,3,3,3,3,3,3,3,-0.6,1.41,12.88,-3.05,-3.82,1.14,-1.46,-1.46,11.56,-1.61,-1.61,1.14,1.14,-1.61,-0.13,-0.13,11.88,10.81,1.14,-0.27,1.33,12.81,2.93,3.46,14.3,-0.4,0.76,-0.13
5,9,9,9,9,9,9,9,9,9,9,9,9,9,9,9,9,9,9,9,9,9,9,9,9,9,9,9,9,1.18,4.97,3.57,1.9,1.0,1.59,2.19,0.68,1.56,-0.28,0.31,3.41,2.77,3.65,0.35,0.54,1.31,0.49,0.33,-0.02,4.63,3.24,1.64,5.29,4.1,1.67,1.32,0.31
6,9,9,9,9,9,9,9,9,9,9,9,9,9,9,9,9,9,9,9,9,9,9,9,9,9,9,9,9,0.03,0.38,-4.94,-2.81,-3.57,-2.79,-2.46,-1.41,-2.79,-2.83,-2.47,-3.5,-3.59,0.49,-2.47,-2.47,-4.18,-3.19,-1.75,-3.08,-0.24,-5.52,-1.57,0.41,-8.09,-4.07,-1.16,-2.47
7,9,9,9,9,9,9,9,9,9,9,9,9,9,9,9,9,9,9,9,9,9,9,9,9,9,9,9,9,2.25,0.12,4.99,1.88,1.38,1.01,1.29,1.79,1.01,1.38,2.13,1.12,4.7,0.16,1.73,2.16,4.6,5.35,1.48,2.05,0.03,4.88,1.15,-0.82,4.95,0.64,0.17,2.13
8,13,13,13,13,13,13,13,13,13,13,13,13,13,13,13,13,13,13,13,13,13,13,12,12,12,12,12,13,5.28,3.4,8.25,5.4,3.49,6.31,5.4,3.4,6.31,5.89,5.89,8.24,8.01,3.45,4.2,4.63,4.74,5.92,5.9,5.76,3.28,8.11,5.53,3.13,8.59,3.35,3.21,5.89
9,9,9,9,9,9,9,9,9,9,9,9,9,9,9,9,9,9,9,9,9,9,9,9,9,9,9,9,9,12.25,13.32,15.29,14.48,7.84,15.17,15.39,9.59,15.17,9.15,9.15,15.29,15.29,13.32,6.91,7.81,7.45,7.78,7.78,8.33,12.47,14.44,9.28,13.66,14.64,6.8,8.43,9.15
10,5,5,5,5,5,5,5,5,5,5,5,5,5,5,5,5,5,5,5,5,5,5,4,4,4,4,4,5,16.59,22.98,31.83,28.41,24.12,31.83,28.41,24.12,31.83,16.34,16.34,31.83,31.83,22.98,7.91,11.35,9.13,12.63,12.63,15.76,22.36,31.18,12.57,16.62,30.63,18.42,18.42,16.34
11,13,13,13,13,13,13,13,13,13,13,13,13,13,13,13,13,13,13,13,13,13,13,13,13,13,13,13,13,1.11,4.34,8.41,-0.43,-0.17,2.79,3.83,-0.91,2.63,0.41,0.22,0.23,4.11,1.15,-0.52,-0.08,1.06,2.93,-2.04,-0.53,3.7,7.74,1.71,6.39,10.67,0.68,-0.06,0.06
12,14,14,14,14,14,14,14,14,14,14,14,14,14,14,14,14,14,14,14,14,14,14,13,13,13,13,13,14,4.93,2.62,3.96,2.41,3.07,2.22,2.86,4.08,1.95,4.87,5.06,2.52,3.11,2.43,5.56,5.16,4.68,5.52,4.98,4.88,1.69,3.04,5.71,1.06,4.04,2.43,2.49,5.81
13,9,9,9,9,9,9,9,9,9,9,9,9,9,9,9,9,9,9,9,9,9,9,9,9,9,9,9,9,4.14,2.11,0.61,1.59,0.61,0.37,1.22,1.61,0.65,1.4,1.24,-0.37,-0.52,1.52,1.96,2.3,1.5,1.09,0.12,2.24,2.14,0.67,2.29,3.51,0.15,0.97,2.41,2.16
