quarter,qn,group,metric,symbol,cutoff,value,peer_median,group_size,three_day,tp3,excess_nifty
Q4 FY21,0,Consumer brands,pe,CROMPTON,2021-05-19,51.17570634700961,160.36310347236778,8.0,0.0391755322424867,0.0391755322424867,0.0278930512504193
Q4 FY21,0,FMCG,pe,GODFRYPHLP,2021-06-23,15.455352398812314,62.702767043497325,14.0,0.0601381644971777,0.0773467639219329,0.0519918440328943
Q4 FY21,0,Pharma,pe,AUROPHARMA,2021-05-27,11.101926994267329,37.05361272141707,12.0,-0.0605421996871736,-0.0605421996871736,-0.0759415306447588
Q1 FY22,1,Consumer brands,pe,CROMPTON,2021-07-20,46.7830580542839,115.18123666146116,9.0,0.0201258020751395,0.0201258020751395,0.0078172735944124
Q1 FY22,1,FMCG,pe,GODFRYPHLP,2021-08-11,13.605960001062387,58.219075789449214,14.0,0.0617968875812197,0.0623696526043688,0.0446330324350116
Q1 FY22,1,IT services,pe,OFSS,2021-07-26,20.211336023679586,39.33138784153711,12.0,0.0591961453415372,0.0565665521281744,0.062082680399356
Q1 FY22,1,Pharma,pe,AUROPHARMA,2021-08-10,9.704459765872178,40.82958999948557,12.0,-0.1400801633024571,-0.1400801633024571,-0.1553221281887384
Q2 FY22,2,Consumer brands,pe,CROMPTON,2021-10-20,44.79299861923364,102.92737701412229,9.0,-0.0067616384453366,0.030409906096428,0.000980347394646
Q2 FY22,2,FMCG,pe,GODFRYPHLP,2021-10-28,16.421652027572215,58.279376694524416,14.0,-0.0722344930565022,-0.0722344930565022,-0.0741706278367714
Q2 FY22,2,IT services,pe,OFSS,2021-10-25,21.221668816609,46.70505983244652,12.0,-0.0025950026018152,0.047249534762825,0.0120826714127487
Q2 FY22,2,Pharma,pe,AUROPHARMA,2021-11-03,7.670798254355519,28.96287062100658,12.0,-0.0125199066026521,-0.0125199066026521,-0.0245580210723962
Q3 FY22,3,Consumer brands,pe,CROMPTON,2022-01-25,40.37185076889424,98.66108834113538,9.0,0.0104304348608248,0.0104304348608248,0.0067107884647128
Q3 FY22,3,FMCG,pe,GODFRYPHLP,2022-01-27,13.070183096326584,51.631088533386325,14.0,0.0417522234488458,0.0378850196508546,0.0146528384483864
Q3 FY22,3,IT services,pe,NAUKRI,2022-01-25,6.838956662301105,38.132890456272726,12.0,0.0874539709546939,0.0874539709546939,0.0837343245585819
Q3 FY22,3,Pharma,pe,AUROPHARMA,2022-02-07,7.422362612937565,31.60680465417398,11.0,0.0529042765331033,0.0529042765331033,0.0302705260348503
Q4 FY22,4,Consumer brands,pe,KALYANKJIL,2022-05-09,27.007181721713756,90.77058119131188,9.0,0.043501381343489,0.0369920241425125,0.0739961191324795
Q4 FY22,4,FMCG,pe,GODFRYPHLP,2022-05-26,14.71707248940826,57.24954151400484,14.0,-0.0518814966931117,-0.0518814966931117,-0.0774360920810728
Q4 FY22,4,IT services,pe,NAUKRI,2022-05-25,3.497494836913258,30.3468253968254,12.0,0.1224237526048419,0.0516850603658987,0.0832493490332175
Q4 FY22,4,Pharma,pe,ZYDUSLIFE,2022-05-18,7.459531548155759,31.77319378643388,11.0,0.0443654657802514,0.0443654657802514,0.0451701976669575
Q1 FY23,5,Consumer brands,pe,KALYANKJIL,2022-08-02,30.28892248528624,87.20800000689486,9.0,0.0782847843539755,0.0654825083938048,0.0752850057433216
Q1 FY23,5,FMCG,pe,GODFRYPHLP,2022-07-28,13.024630766772434,61.13025898138797,14.0,0.0601096802061458,0.0398268398268397,0.0356968458412361
Q1 FY23,5,IT services,pe,NAUKRI,2022-08-10,4.282432393834339,31.533638916875343,13.0,0.0442764761830213,0.0381009657904978,0.0277920054105272
Q1 FY23,5,Pharma,pe,ZYDUSLIFE,2022-08-05,8.160417177367236,34.10067217919098,11.0,0.0663868950435144,0.0663868950435144,0.0514159397520359
Q2 FY23,6,Consumer brands,pe,KALYANKJIL,2022-11-07,29.23959792533245,66.82356248527542,9.0,-0.016622180689223,-0.016622180689223,-0.0248455738616049
Q2 FY23,6,FMCG,pe,GODFRYPHLP,2022-11-10,17.781842268327598,56.98860316403972,14.0,0.0986251080975808,0.05083104223944,0.0778609205933816
Q2 FY23,6,IT services,pe,NAUKRI,2022-11-09,3.9195250355212994,30.33931231796273,8.0,0.1208623559078603,0.0572922861551652,0.1112427756280711
Q2 FY23,6,Pharma,pe,ZYDUSLIFE,2022-11-09,10.392033315227232,28.921262179750283,10.0,-0.055744239401462,-0.055744239401462,-0.0653638196812511
Q3 FY23,7,Banks,pb,PNB,2023-01-25,0.5987342237429953,1.3328108126644889,16.0,0.0002407894196855,0.0002407894196855,0.0130336728682564
Q3 FY23,7,Consumer brands,pe,KALYANKJIL,2023-02-03,28.729329940056736,54.39552316393579,8.0,0.0291943631102464,0.0522158841597191,0.0281550237454625
Q3 FY23,7,FMCG,pe,GODFRYPHLP,2023-01-24,17.7179627892156,56.3515055174048,14.0,-0.0460230971992181,-0.0460230971992181,-0.0199893999777975
Q3 FY23,7,IT services,pe,NAUKRI,2023-02-08,8.867151325896735,32.20674916074635,8.0,-0.0847746478965606,-0.0847746478965606,-0.0791328817768378
Q3 FY23,7,NBFCs,pb,PFC,2023-02-09,0.5015778930952717,1.675110098963479,16.0,-0.0115073525646735,-0.0115073525646735,-0.0135929764137102
Q3 FY23,7,Pharma,pe,AUROPHARMA,2023-02-07,11.947736726741354,29.13139023276546,11.0,0.1171198670179771,0.0630598351845217,0.1094922800523366
Q4 FY23,8,Banks,pb,PNB,2023-05-17,0.549675926080627,1.4120100969484568,16.0,0.0256664276810063,0.0256664276810063,0.0183663690411471
Q4 FY23,8,Consumer brands,pe,KALYANKJIL,2023-05-11,25.954056782192517,61.805173696125394,9.0,0.0181963597872334,0.0181963597872334,0.018740697915399
Q4 FY23,8,FMCG,pe,GODFRYPHLP,2023-05-25,14.283908454513144,55.21058518579473,14.0,-0.0173646628723155,-0.0173646628723155,-0.0343514931991163
Q4 FY23,8,IT services,pe,HCLTECH,2023-04-18,19.973395684945714,28.830153449689583,8.0,-0.0137596965179003,-0.0137596965179003,-0.0117162588034784
Q4 FY23,8,NBFCs,pb,PFC,2023-05-25,0.5887113076164662,1.8377238280668704,16.0,0.0610080766592697,0.0610080766592697,0.0440212463324689
Q4 FY23,8,Pharma,pe,AUROPHARMA,2023-05-25,17.743791641429436,38.04648599319997,10.0,0.0750418241732194,0.0750418241732194,0.0580549938464186
Q1 FY24,9,Consumer brands,pe,BLUESTARCO,2023-08-01,37.71345203016531,63.06133356050138,9.0,-0.0279278603352443,-0.0279278603352443,-0.0170008545012328
Q1 FY24,9,FMCG,pe,GODFRYPHLP,2023-07-24,12.410126435616318,59.916872529644266,14.0,0.152528694220708,0.0454241715784868,0.1531314031290357
Q1 FY24,9,IT services,pe,HCLTECH,2023-07-10,20.55765605009764,32.72335157966159,7.0,-0.0140146186084415,-0.0140146186084415,-0.0170133698550492
Q1 FY24,9,NBFCs,pb,PFC,2023-08-09,0.6366721330565253,1.608650072047926,16.0,-0.0223429052176118,-0.0223429052176118,-0.012234195931648
Q1 FY24,9,Pharma,pe,DRREDDY,2023-07-24,19.92938454029109,49.51277881737041,11.0,0.0212376853317179,0.0212376853317179,0.0218403942400456
Q2 FY24,10,Consumer brands,pe,CROMPTON,2023-11-01,38.43339268266203,63.00044238004125,9.0,0.0234509559241963,0.0353162499392025,0.0013545277905381
Q2 FY24,10,FMCG,pe,GODFRYPHLP,2023-11-01,15.294784580498868,56.48280182655182,14.0,-0.1050490829100192,-0.1050490829100192,-0.1271455110436774
Q2 FY24,10,IT services,pe,WIPRO,2023-10-16,19.31615665079569,29.48591317467938,12.0,-0.0364955687309004,-0.0364955687309004,-0.0310916948277539
Q2 FY24,10,NBFCs,pb,PFC,2023-11-06,0.7684329693320169,2.033420149431235,16.0,0.0628937521390131,0.0628937521390131,0.0637366290763595
Q2 FY24,10,Pharma,pe,DRREDDY,2023-10-25,19.448835746951215,37.49178598918881,12.0,-0.0308386378379628,-0.0308386378379628,-0.0319780136594225
Q3 FY24,11,Banks,pb,BANKINDIA,2024-01-31,0.9364983494100884,1.6317864408217058,15.0,0.0032663403832878,0.0464195753868299,0.0011175115253717
Q3 FY24,11,Consumer brands,pe,CROMPTON,2024-02-12,42.04142668642066,77.38901897505264,10.0,-0.0017167684536829,-0.0017167684536829,-0.0152904132503364
Q3 FY24,11,FMCG,pe,GODFRYPHLP,2024-01-24,14.311204663212436,65.73317576777964,14.0,0.0197522854105587,0.039979790467435,0.0163594640034756
Q3 FY24,11,IT services,pe,WIPRO,2024-01-10,20.343008296260678,30.433472925157883,12.0,0.0892100852807359,0.0892100852807359,0.0671982157096263
Q3 FY24,11,NBFCs,pb,LICHSGFIN,2024-01-31,1.1780633286005098,2.0265730656584915,17.0,0.0234759230796366,0.0234759230796366,0.0213270942217205
Q3 FY24,11,NBFCs,pb,PFC,2024-02-06,1.2111638404742977,2.006324471543669,17.0,-0.0526493252759161,0.0330396475770924,-0.0459797005704404
Q3 FY24,11,Pharma,pe,DRREDDY,2024-01-25,19.184031269641736,45.5997760398442,11.0,0.045485856800653,0.045485856800653,0.027908920205342
Q4 FY24,12,Banks,pb,RBLBANK,2024-04-25,1.1220865384819652,1.909990025346582,15.0,-0.0099920749660642,-0.0099920749660642,-0.0115925525170312
Q4 FY24,12,Consumer brands,pe,CROMPTON,2024-05-14,49.28883111480866,77.23900544696849,10.0,0.1735221581485961,0.1735221581485961,0.1623648402687111
Q4 FY24,12,FMCG,pe,GODFRYPHLP,2024-05-28,24.70570357116596,65.37100229836987,14.0,0.0014345858625304,0.0014345858625304,0.0170954692557145
Q4 FY24,12,IT services,pe,WIPRO,2024-04-16,20.7546268974134,34.65540736055129,13.0,0.0304131169461949,0.0304131169461949,0.0218546284906847
Q4 FY24,12,Pharma,pe,DRREDDY,2024-05-03,20.25754447037221,40.70954726277106,12.0,-0.0466925627824885,-0.0466925627824885,-0.0389706261830152
Q1 FY25,13,Banks,pb,BANKINDIA,2024-08-01,0.8336599151837518,1.6803789609828963,20.0,-0.0577360708540427,-0.0577360708540427,-0.0166056978583633
Q1 FY25,13,Consumer brands,pe,ASIANPAINT,2024-07-15,51.93691108250019,86.0687018883355,11.0,-0.0034052774255836,-0.0034052774255836,-0.0012223994752582
Q1 FY25,13,FMCG,pe,GODFRYPHLP,2024-08-05,23.493159992752314,70.67716335851344,13.0,0.0348006451765774,0.049892688746651,0.0321402088573987
Q1 FY25,13,IT services,pe,WIPRO,2024-07-16,26.47695378988158,43.53423439607666,13.0,-0.096040352959127,-0.096040352959127,-0.091905230630002
Q1 FY25,13,NBFCs,pb,LICHSGFIN,2024-07-31,1.3414663123259614,2.446208896146733,18.0,-0.1078793447261516,-0.1078793447261516,-0.0717646622574018
Q1 FY25,13,NBFCs,pb,PNBHOUSING,2024-07-23,1.3136513151743905,2.260156531519353,18.0,0.0474500190764906,0.0313220190764906,0.0328636005773853
Q1 FY25,13,Pharma,pe,DRREDDY,2024-07-25,20.46904964233852,42.48773691931541,12.0,-0.0071464722188118,-0.0071464722188118,-0.0256177303709227
Q2 FY25,14,FMCG,pe,ITC,2024-10-22,29.420397099871096,67.9970057748722,14.0,0.001454659865495,0.001454659865495,0.0133868360105304
Q2 FY25,14,IT services,pe,WIPRO,2024-10-15,24.935173505810365,51.223609492768574,13.0,0.0297456789214717,0.0297456789214717,0.0378378551907109
Q2 FY25,14,NBFCs,pb,LICHSGFIN,2024-10-24,1.049482116616042,2.4556095444362334,18.0,0.0611551695322823,0.0304332033264452,0.0583191312035892
Q2 FY25,14,Pharma,pe,DRREDDY,2024-11-01,18.87600668427578,42.9171402556052,12.0,0.0334845307802478,0.0334845307802478,0.0259334232869818
Q3 FY25,15,Banks,pb,RBLBANK,2025-01-16,0.6227128838727072,1.23545349035907,20.0,-0.000967535892374,-0.000967535892374,0.0113024597786212
Q3 FY25,15,Consumer brands,pe,CROMPTON,2025-02-10,44.826932750464096,90.60714617013812,11.0,-0.0190412940325475,-0.0190412940325475,-0.0040398122030669
Q3 FY25,15,IT services,pe,WIPRO,2025-01-15,26.07996857113655,41.87888231101046,13.0,0.0280098110175038,0.0280098110175038,0.0223203610067346
Q3 FY25,15,NBFCs,pb,PFC,2025-02-10,0.9015365768790684,2.143663560256561,18.0,-0.0289896193946069,-0.0289896193946069,-0.0139881375651264
Q3 FY25,15,Pharma,pe,AUROPHARMA,2025-02-04,18.99384192716186,36.66581178683337,12.0,0.0174172817427676,0.0174172817427676,0.024987797070366
Q4 FY25,16,Banks,pb,BANKINDIA,2025-05-07,0.6923826669971772,1.3286586539725669,20.0,0.0085201532110609,0.0085201532110609,-0.0129539781696513
Q4 FY25,16,Consumer brands,pe,CROMPTON,2025-05-13,40.60695809991997,95.91642797161956,11.0,0.0618339068125968,0.0618339068125968,0.0438974800102683
Q4 FY25,16,FMCG,pe,ITC,2025-05-20,27.017823554442668,60.6197880448388,14.0,0.0036338874215119,0.0036338874215119,-0.0032956411157397
Q4 FY25,16,IT services,pe,WIPRO,2025-04-11,20.2408208606174,29.362920715358637,13.0,-0.0107222203918806,0.0326858151421391,-0.0549654286064136
Q4 FY25,16,NBFCs,pb,PFC,2025-05-19,0.9530307957778188,2.599400420670033,18.0,-0.0297959648774713,-0.0297959648774713,-0.0163481746253749
Q4 FY25,16,Pharma,pe,DRREDDY,2025-05-07,18.02114453794028,37.37948466556,12.0,0.030285391593143,0.030285391593143,0.0088112602124307
Q1 FY26,17,Banks,pb,BANKINDIA,2025-07-25,0.6554241339598867,1.3595072666631651,20.0,0.0090762812252895,0.0090762812252895,0.0083129654137719
Q1 FY26,17,Consumer brands,pe,CROMPTON,2025-08-05,37.433598949526925,88.7592540792146,11.0,-0.0109545635991002,-0.0109545635991002,0.000676002897286
Q1 FY26,17,FMCG,pe,ITC,2025-07-30,14.679832720468143,61.863051238862894,15.0,0.0225563829173784,0.0225563829173784,0.0278331522181639
Q1 FY26,17,IT services,pe,WIPRO,2025-07-15,20.52082768701372,33.32275027428969,13.0,0.0369744816359057,0.0369744816359057,0.0460162929126186
Q1 FY26,17,NBFCs,pb,LICHSGFIN,2025-07-30,0.8933907243632294,2.4959120431409425,18.0,0.0027359866609253,0.0027359866609253,0.0080127559617108
Q1 FY26,17,Pharma,pe,DRREDDY,2025-07-21,18.57184134674895,41.95578840865787,13.0,0.0051519483644559,0.0051519483644559,0.0062520584790469
Q2 FY26,18,Banks,pb,BANKINDIA,2025-10-15,0.7318922139339941,1.5308602481579652,20.0,0.028397908411161,0.028397908411161,0.008008866927876
Q2 FY26,18,Consumer brands,pe,CROMPTON,2025-11-03,34.741559514539134,76.06579491426058,11.0,-0.0246110475244577,-0.0246110475244577,-0.014061474763542
Q2 FY26,18,FMCG,pe,ITC,2025-10-28,14.989046323071792,58.78971579676882,15.0,0.0059147262464431,0.0059147262464431,0.0141524739812012
Q2 FY26,18,IT services,pe,WIPRO,2025-10-14,19.342940071011547,32.37899201596806,14.0,-0.0292713669824169,-0.0292713669824169,-0.0515564150050444
Q2 FY26,18,NBFCs,pb,LICHSGFIN,2025-10-27,0.8847603928169699,2.6691880408256745,18.0,-0.0232177463572453,-0.0232177463572453,-0.0198490813623667
Q3 FY26,19,Banks,pb,BANKINDIA,2026-01-19,0.9071754788482714,1.536232340031935,20.0,0.0223202204454373,0.0223202204454373,0.0338266105797605
Q3 FY26,19,Consumer brands,pe,CROMPTON,2026-02-04,33.23961123566987,66.79393810769199,12.0,0.0770542146386455,0.0770542146386455,0.0734803296826255
Q3 FY26,19,FMCG,pe,ITC,2026-01-27,11.394455702251165,58.13636527784825,15.0,0.011047882196936,0.011047882196936,0.0052609500909807
Q3 FY26,19,IT services,pe,WIPRO,2026-01-13,20.517576296296298,32.01540991811723,14.0,-0.0676657209829897,-0.0676657209829897,-0.0619574845124203
Q3 FY26,19,NBFCs,pb,LICHSGFIN,2026-01-28,0.7416555263355351,2.8276026397336027,18.0,-0.0215146695733439,-0.0215146695733439,-0.0010970797043062
Q3 FY26,19,Pharma,pe,DRREDDY,2026-01-19,16.88458473372371,44.13103411539021,13.0,0.0435375377538137,0.0435375377538137,0.0550439278881369
Q4 FY26,20,Banks,pb,BANKINDIA,2026-05-06,0.7919494489988529,1.550812861251523,20.0,0.0111478408139339,0.0111478408139339,0.0324143184925492
Q4 FY26,20,Consumer brands,pe,KALYANKJIL,2026-05-06,38.03522525536177,73.80117418218288,12.0,-0.0709212786499476,-0.0709212786499476,-0.0496548009713323
Q4 FY26,20,FMCG,pe,ITC,2026-05-19,11.098698587764892,54.51498229690768,15.0,-0.0278501760875434,-0.0278501760875434,-0.0321353494950721
Q4 FY26,20,IT services,pe,WIPRO,2026-04-13,16.046093462593852,26.86750880023365,14.0,0.0075846801713089,0.0334039513228556,-0.0137703081106137
Q4 FY26,20,NBFCs,pb,LICHSGFIN,2026-05-11,0.8368275071716558,2.840937277465437,18.0,-0.0420571303191791,-0.0420571303191791,-0.0369822626211772
Q1 FY27,21,Banks,pb,BANKINDIA,2026-07-22,0.7451345227912829,1.4663194165210898,20.0,-0.042783119126689,-0.042783119126689,-0.0428396980393264
Q1 FY27,21,Consumer brands,pe,KALYANKJIL,2026-07-31,46.84973833582026,66.22592877129703,11.0,-0.0718423841385151,-0.0718423841385151,-0.081827463432718
Q1 FY27,21,FMCG,pe,ITC,2026-07-29,17.335240462902142,53.76382655822582,15.0,0.0029521397509663,0.0029521397509663,-0.0185643662147368
Q1 FY27,21,IT services,pe,WIPRO,2026-07-14,14.078022110415688,24.30464973730298,14.0,-0.0061537307063634,-0.0061537307063634,-0.0178796090073071
Q1 FY27,21,NBFCs,pb,LICHSGFIN,2026-07-28,0.7249844009970811,2.783298926189798,18.0,-0.0413821154630608,-0.0413821154630608,-0.0579177137292695
Q1 FY27,21,Pharma,pe,LUPIN,2026-08-04,20.661636201348628,43.579273313675344,13.0,-0.0193995871648402,-0.0193995871648402,-0.0176039867908988
