symbol,quarter,qn,results_date,cutoff,industry,sector_index,r1m,r3m,r1y,r3y,r5y,sector_1m,sector_3m,prev_two_sums,pat_q4,pat_q1,profit_rising,no_div_365,no_div_180,c_1m,c_3m,order_a,order_b,cond_a,cond_b,pb,three_day,excess_nifty,in_fo,pb_above_peers
ADANIPORTS,Q4 FY21,0,2021-05-04,2021-04-30,Shipping,Nifty Services Sector,0.0384040964369534,0.3941564021770269,1.5165460186142763,0.7924134544561718,2.07819983288592,-0.0016917946734175,0.0181404593418996,,500.29,1561.47,True,True,True,True,True,False,True,False,True,,0.0127256158208587,0.0135522506414759,True,False
BAJAJHLDNG,Q4 FY21,0,2021-04-29,2021-04-27,Finance,Nifty Financial Services,-0.0165519240524675,0.0447924365607292,0.7880049540172347,0.2822048791549367,1.2954448851743383,-0.0222742781164546,-0.0047085488092958,,361.41,1149.58,True,True,True,True,True,False,True,False,True,,0.009009806877216,0.0102449413471724,False,False
ICICIBANK,Q4 FY21,0,2021-04-24,2021-04-22,Banks,Nifty Bank,0.0010369858278607,0.0666666666666664,0.7240660812620903,1.052808789650892,1.531970427258122,-0.0612639115332814,-0.0143952268132031,,1221.36,4939.59,True,True,True,True,True,True,True,False,True,,0.0340801870171447,0.0169601182994907,True,False
RADICO,Q4 FY21,0,2021-06-01,2021-05-28,Brew/Distilleries,Nifty 500,0.0768145339095158,0.0884293100374404,0.8485995457986386,0.3863971840581326,6.344428290918444,0.0478592740824175,0.0740631563432698,,32.6728,84.0854,True,False,True,True,True,False,True,False,True,,0.0291299023330282,0.0200202757821205,False,False
ZYDUSLIFE,Q4 FY21,0,2021-05-27,2021-05-25,Pharmaceuticals,Nifty Pharma,0.090471185846908,0.3425706275609232,0.8402305645876453,0.6288592360020908,0.9343250871257016,0.0578351695790086,0.1196525843607336,,391.9,527.2,True,True,True,True,True,False,True,False,True,,-0.0019289751431121,-0.0167992388553934,True,False
APOLLOHOSP,Q1 FY22,1,2021-08-13,2021-08-11,Miscellaneous,Nifty 500,0.0744382772055287,0.259513568467975,1.299785806083107,3.2656531412226064,1.912052941814624,0.024175215883091,0.1067638649061448,,-208.19,167.85,True,False,True,True,True,False,True,False,True,,0.0789603552635165,0.0617965001173084,True,False
ASTRAL,Q1 FY22,1,2021-08-06,2021-08-04,Plastic And Plastic Products,Nifty 500,0.0956411134484611,0.4252259131984208,2.163947163947162,2.499101632684948,6.768296912937921,0.0282354673094971,0.1253806493192621,,19.9,174.6,True,False,True,True,True,True,True,False,True,,-0.0391876706667577,-0.0391630285741505,False,False
HINDALCO,Q1 FY22,1,2021-08-06,2021-08-04,Aluminium,Nifty Metal,0.1364394814529586,0.2059384363933534,1.7268247613181384,1.0921550094517878,2.2290299051786997,0.1098928626483735,0.1588986247899964,,-709.0,1928.0,True,False,True,True,True,False,True,False,True,,-0.0180899246053428,-0.0180652825127356,True,False
OBEROIRLTY,Q1 FY22,1,2021-07-29,2021-07-27,Construction,Nifty Infrastructure,0.1670115037656214,0.3114769345238086,0.848584163607762,0.4677839075673997,1.4178669410150908,0.0101795722292119,0.0930693069306931,,29.27,287.47,True,True,True,True,True,False,True,False,True,,-0.0469280988502462,-0.0479946303016142,False,False
SOLARINDS,Q1 FY22,1,2021-07-29,2021-07-27,Chemicals - Speciality,Nifty Commodities,0.0351542741527568,0.3436743403504458,0.6225162281353742,0.4164467707747563,1.471431806174055,0.0224554222217931,0.1460648624081548,,42.1,91.02,True,False,True,True,True,False,True,False,True,,0.0415678811077476,0.0405013496563797,False,False
ULTRACEMCO,Q1 FY22,1,2021-07-22,2021-07-19,Cement And Cement Products,Nifty Commodities,0.0923900864966613,0.123291985099273,0.8918915422628102,0.8957417849504197,1.0846268975839202,0.0327953935643081,0.1741124606187449,,797.43,1775.23,True,False,True,True,False,True,True,False,True,,0.0241804059651784,0.0175158788562652,True,False
ADANIENSOL,Q2 FY22,2,2021-10-29,2021-10-27,Power,Nifty Energy,0.1874366447034972,1.0799578293197216,5.38912561786262,11.041439126244766,42.38541666666657,0.0990091361239295,0.2651527635010187,0.1578477077937821,206.76,435.42,False,True,True,True,True,True,True,True,False,,-0.0615041700846671,-0.0462879073352622,False,False
GMRAIRPORT,Q2 FY22,2,2021-11-12,2021-11-10,Travel And Transport,Nifty Services Sector,0.0609137055837556,0.4796460176991148,0.7308488612836441,1.4880952380952293,2.370967741935468,0.013942477733835,0.1058814762211615,0.0783838508366703,-750.03,-317.91,False,True,True,True,True,True,True,True,False,,-0.030185377401388,-0.0354059096190676,True,False
HINDALCO,Q3 FY22,3,2022-02-10,2022-02-08,Aluminium,Nifty Metal,0.0674772036474165,0.133878605251829,1.0118388390299793,1.5585235551238434,1.7873015873015785,0.0335540955346227,0.019786170508192,-0.0035874567037769,1877.0,3417.0,True,False,True,True,True,True,True,False,True,,0.0302364211836619,0.0238166643559512,True,False
SBIN,Q3 FY22,3,2022-02-05,2022-02-03,Banks,Nifty Bank,0.117063081695967,0.0235951862029752,0.7383327969101985,0.8990857946554054,0.9459556836605998,0.0588990544283885,-0.0099499899116924,0.0453781039885939,5196.22,7626.57,True,False,True,True,True,True,True,False,True,,-0.0161449557990417,0.0005483876621538,True,False
DIVISLAB,Q4 FY22,4,2022-05-23,2022-05-19,Pharmaceuticals,Nifty Pharma,-0.0481026431518336,-0.0183968769723462,0.0435517339927185,1.5719360568383665,5.872667757774152,-0.0681533302027369,-0.0491467422267329,-0.0473755421320702,502.02,902.92,True,False,True,True,True,True,True,False,True,,-0.1299714780096578,-0.1501767408386101,True,False
ICICIBANK,Q4 FY22,4,2022-04-23,2022-04-21,Banks,Nifty Bank,0.0725993668659867,-0.0695105577932382,0.3619472979008482,0.8851384767556822,2.115678989411101,0.0221441759096019,-0.036635035188003,0.0883284961815774,4402.61,6193.81,True,False,True,True,False,True,True,False,True,,-0.0111361243207923,-0.0003146012569412,True,False
SBIN,Q4 FY22,4,2022-05-13,2022-05-11,Banks,Nifty Bank,-0.0745703466355958,-0.101357722044126,0.3302163293789228,0.5469891251420156,0.598624622609851,-0.0762620365920384,-0.1056011508313492,0.012201285465884,6450.75,8431.88,True,False,True,True,True,True,True,False,True,,-0.0447975443254333,-0.0247617883759343,True,False
ADANIENSOL,Q1 FY23,5,2022-08-03,2022-08-01,Power,Nifty Energy,0.358694520234103,0.1719002622785881,2.650735911354861,15.028255528255542,24.928060413354505,0.1087599516640862,-0.0515914103555142,0.0275450091752004,435.42,229.59,False,True,True,True,True,True,True,True,False,,0.0806436974243103,0.078224228100495,False,False
ADANIPOWER,Q1 FY23,5,2022-08-03,2022-08-01,Power,Nifty Energy,0.2226020892687545,0.2083724422752011,2.357850808555033,4.41835016835018,8.650674662668699,0.1087599516640862,-0.0515914103555142,0.0494857924778336,278.22,4645.47,False,True,True,True,True,True,True,True,False,,0.0769762808283356,0.0745568115045203,False,False
ICICIBANK,Q1 FY23,5,2022-07-23,2022-07-21,Banks,Nifty Bank,0.1447713370230123,0.051294054704742,0.2244897959183669,0.915671459907382,1.6022181757987082,0.10216682447717,0.0043348892695884,-0.0217451332884432,4616.02,7018.71,True,False,True,True,True,True,True,False,True,,0.0131942131448918,0.0204550505074831,True,False
INDIGO,Q1 FY23,5,2022-08-03,2022-08-01,Travel And Transport,Nifty Services Sector,0.1460252060106637,0.0497571805189396,0.1481470240082545,0.2189997422016003,0.4659174578570064,0.1072054020056441,0.0428715834539077,0.1699434101307949,-3174.176,-1681.798,False,True,True,True,True,True,True,True,False,,0.0493899678591054,0.0469704985352901,True,False
PHOENIXLTD,Q1 FY23,5,2022-08-11,2022-08-08,Construction,Nifty Infrastructure,0.072260498687664,0.2390294758790641,0.4786788824793595,1.0221191028615682,1.5553166536356664,0.0653046802222865,0.039917218023894,-0.0322056670771526,-26.2018,104.7889,True,False,True,True,True,True,True,False,True,,0.0049330469872328,-0.004920521009774,False,False
UNITDSPR,Q1 FY23,5,2022-07-26,2022-07-22,Brew/Distilleries,Nifty 500,0.1195940567789866,-0.0004145445931544,0.2509449344104402,0.4076390626303032,0.5601545457906612,0.087853218805961,-0.0229264635725482,0.0362405592351381,55.5,181.7,False,True,True,True,True,True,True,True,False,,-0.0595424108204349,-0.0549863365709084,True,False
AXISBANK,Q3 FY23,7,2023-01-23,2023-01-19,Banks,Nifty Bank,-0.0038614179984985,0.1245383544227152,0.2806122448979606,0.2551696175158793,0.5734011012282951,-0.0067835266595412,0.0555941400838662,0.0898427065661838,3614.24,5612.33,True,False,True,True,True,False,True,False,True,2.2252722819303443,-0.0198210189558986,-0.0204204571251234,True,True
FORTIS,Q3 FY23,7,2023-02-10,2023-02-08,Miscellaneous,Nifty 500,-0.025239338555265,0.0021474588403731,0.0622154779969668,0.7109685304002507,1.2213407378024628,-0.027300794169617,-0.0266645077720207,0.0966107951871645,116.74,204.37,False,True,True,True,True,True,True,True,False,3.042589879182344,-0.027043862338574,-0.0214020962188512,False,False
INDIGO,Q3 FY23,7,2023-02-03,2023-02-01,Travel And Transport,Nifty Services Sector,0.0206339493330069,0.1547493769039047,0.1228155209090671,0.5351028973235645,0.713428665351743,-0.05207927942386,-0.0475663538441692,0.0341366584617583,129.788,-1583.334,False,True,True,True,True,True,True,True,False,-9.337230518306514,-0.006081816264421,-0.0145724058601492,True,False
DLF,Q4 FY23,8,2023-05-12,2023-05-10,Construction,Nifty Infrastructure,0.1341081222251241,0.224964739069112,0.3193073066990732,2.3365347675758668,1.0330056179775298,0.0612377282497142,0.096702219198367,-0.0438035250102489,405.33,519.21,True,False,True,True,True,False,True,False,True,2.938727717566932,0.0778007795394988,0.0732270133516806,True,False
ICICIBANK,Q4 FY23,8,2023-04-22,2023-04-20,Banks,Nifty Bank,0.0855686369705051,0.0239853454691156,0.1802586434415392,1.475505120398554,2.1699450646818974,0.0801607866586937,-0.0024013924536094,0.0458890303161776,7018.71,8311.85,True,False,True,True,True,True,True,False,True,3.419713061823248,0.0213989025958646,0.013192722377289,True,True
APLAPOLLO,Q1 FY24,9,2023-08-05,2023-08-03,Steel And Steel Products,Nifty Metal,0.1554429801173147,0.2748476570708131,0.5869735809573657,7.035761589403975,7.92599676327791,0.0492506714555884,0.1369283887688239,0.0007469168780744,107.11,201.82,True,False,True,True,True,True,True,False,True,13.99618089173246,-0.0279620832797699,-0.037710178962765,False,True
GODREJPROP,Q1 FY24,9,2023-08-02,2023-07-31,Construction,Nifty Infrastructure,0.1096942841658972,0.3098777046095962,0.2372489781411038,0.8783725447873978,1.4351171738370132,0.0656333315907784,0.1351629789129791,-0.0181131607311338,45.551,412.14,True,True,True,True,True,True,True,False,True,5.223266013255326,-0.0991917460192788,-0.080256211402466,True,True
ICICIBANK,Q1 FY24,9,2023-07-22,2023-07-20,Banks,Nifty Bank,0.0756847279995671,0.1131484794275496,0.3253461128860477,1.742699724517912,2.7456734386756905,0.0553025716015673,0.0926767527413383,0.0267092228698516,7384.53,9121.87,True,False,True,True,True,True,True,False,True,,-0.0008870837180731,0.0140926762627305,True,False
KOTAKBANK,Q1 FY24,9,2023-07-22,2023-07-20,Banks,Nifty Bank,0.0612255965292845,0.0386942675159245,0.0946467528108725,0.483567719191837,0.4677116927923155,0.0553025716015673,0.0926767527413383,0.0079741018986613,2071.15,3495.59,True,False,True,True,False,False,True,False,True,,-0.041694194998579,-0.0267144350177753,True,False
LT,Q1 FY24,9,2023-07-25,2023-07-21,Engineering,Nifty India Manufacturing,0.0801019023157716,0.1675018057060311,0.4969756605793984,1.7570491978039642,1.0358562600858017,0.0377499327658219,0.1518479936156345,-0.0752337418349005,1702.07,3986.78,True,True,True,True,True,False,True,False,True,4.069337493751815,0.0236513527550865,0.0219471153857548,True,False
TMPV,Q1 FY24,9,2023-07-25,2023-07-21,Automobiles - 4 Wheelers,Nifty Auto,0.0762813897488818,0.3279923599320893,0.3877799955644263,4.769940064545893,1.4694159431728495,0.0549916428131576,0.2086713828859385,0.1311853975352421,-5006.6,5407.79,True,True,True,True,True,False,True,False,True,5.288151847047524,0.0243834040760835,0.0226791667067518,True,True
MFSL,Q2 FY24,10,2023-10-31,2023-10-27,Insurance,Nifty Financial Services,-0.0097384834226941,0.1059513625809593,0.2950772753291359,0.5641202903560318,1.4676209952283594,-0.0337763949115685,-0.0687241976943447,0.1025070066116132,,87.68,False,True,True,True,True,True,True,True,False,,-0.0228955000032343,-0.0198689886094164,True,False
MUTHOOTFIN,Q2 FY24,10,2023-11-09,2023-11-07,Finance,Nifty Financial Services,0.1107555481672353,-0.009450744941071,0.2627923458540053,0.063676523261833,1.9869244523915968,-0.0129981532127035,-0.0214097570859317,0.005697329603185,891.863,1022.069,True,False,True,True,True,False,True,False,True,2.421708652096592,-0.0478183954348719,-0.0487850146385665,True,True
BAJFINANCE,Q3 FY24,11,2024-01-29,2024-01-24,Finance,Nifty Financial Services,-0.014939335129777,-0.0830663660170644,0.1734484278455532,0.4188494836653242,1.6768728776582646,-0.0496316137270625,0.0510973205507672,-0.062389278616121,2973.0,3550.8,True,False,True,True,False,True,True,False,True,7.132543096825224,-0.0328055582429006,-0.0361983796499837,True,True
CANBK,Q3 FY24,11,2024-01-24,2024-01-20,Banks,Nifty Bank,0.1042944785276072,0.2916328188464672,0.4924906132665816,2.3603381472349407,0.7498165810711674,-0.0372480019397933,0.0534077563207506,0.0494366553279933,2881.52,3606.14,True,False,True,True,True,False,True,False,True,1.0719757756816326,-0.0235312673441745,-0.0135004202719976,True,False
GMRAIRPORT,Q3 FY24,11,2024-01-31,2024-01-29,Travel And Transport,Nifty Services Sector,0.0249017038007866,0.4257064721969008,0.9476961394769584,2.5420093533301102,4.432599554786049,-0.0184527024594001,0.1229432895831788,0.0117121796626058,191.36,-91.033,False,True,True,True,True,True,True,True,False,-47.1092659314337,0.0115344057701974,0.0132883636246746,True,False
INDIANB,Q3 FY24,11,2024-01-24,2024-01-20,Banks,Nifty Bank,0.1140850187719506,0.0844041023222912,0.5989918303493844,3.791145833333324,0.8700955478755816,-0.0372480019397933,0.0534077563207506,0.0548735974165591,1395.76,1987.76,True,False,True,True,True,False,True,False,True,1.1088264142353428,0.0028758427797173,0.0129066898518942,False,False
INDIGO,Q3 FY24,11,2024-02-02,2024-01-31,Travel And Transport,Nifty Services Sector,-0.0057579318448883,0.2068178576522612,0.4039824582197491,0.913325795509612,1.4931385755177722,-0.0106268639461557,0.1255037101424259,0.000635771649074,1422.604,188.929,False,True,True,True,True,True,True,True,False,-39.01519365274291,0.0693564463565146,0.0672076174985985,True,False
INOXWIND,Q3 FY24,11,2024-02-09,2024-02-07,Electrical Equipment,Nifty India Manufacturing,0.0948249773025318,1.261984160066694,4.8037433155080125,7.16015037593985,8.021612635078993,0.0578214510868075,0.19752690563247,0.1125060021576457,-287.22,-24.12,True,True,True,True,True,True,True,True,True,10.726890339678938,-0.0944553224727365,-0.0800940814994614,False,False
JSWENERGY,Q3 FY24,11,2024-01-23,2024-01-19,Power,Nifty Energy,0.2378718676706577,0.2477292522085348,0.8695003728560808,5.716677829872752,6.373529411764705,0.0881355826770675,0.2914923188520824,-0.110970956138111,179.61,850.16,True,False,True,True,False,True,True,False,True,4.139757932129836,-0.0239346876617748,-0.0162877466265406,False,False
MAHABANK,Q3 FY24,11,2024-01-16,2024-01-12,Banks,Nifty Bank,0.0353697749196142,0.0465872156013009,0.5555555555555565,2.26351351351351,2.209302325581394,0.0131136227298547,0.0697456456618057,0.0550822181170196,775.03,919.78,True,False,True,True,False,False,True,False,True,,0.0325417529330572,0.0471172338669496,False,False
SUZLON,Q3 FY24,11,2024-01-31,2024-01-29,Electrical Equipment,Nifty India Manufacturing,0.1336828309305375,0.347352024922118,3.435897435897439,5.865079365079368,7.737373737373762,0.0171129124703184,0.1799697086435909,0.03541956485481,78.36,102.29,False,True,True,True,True,True,True,True,False,17.24849604372585,0.1107697886789114,0.1125237465333885,False,True
ABCAPITAL,Q4 FY24,12,2024-05-13,2024-05-09,Finance,Nifty Financial Services,0.0224609374999997,0.1750841750841749,0.2013769363166948,0.806729939603108,1.1643410852713123,-0.0214852493314128,0.0382779947676321,0.0772729595511229,608.65,735.76,True,True,True,True,True,True,True,True,True,2.1983239117232825,0.0516999192474604,0.0398871395693442,True,False
BAJFINANCE,Q4 FY24,12,2024-04-25,2024-04-23,Finance,Nifty Financial Services,0.1006101951866589,-0.0007776424358792,0.2278485294366354,0.5553151377522614,1.3920199008253538,0.0355427520210465,0.0497022001028339,-0.0556371492982392,3157.79,3638.95,True,False,True,True,False,True,True,False,True,7.489735576826721,-0.0724075849110021,-0.0747788512652385,True,True
INDIANB,Q4 FY24,12,2024-05-06,2024-05-02,Banks,Nifty Bank,0.0559823314768581,0.1443288241415197,0.7054900744416897,3.998636363636365,1.1746094522444197,0.0446995836569437,0.0833737691822718,0.0108642030401605,1447.28,2119.35,True,False,True,True,True,False,True,False,True,1.4336035185738645,-0.0598615237325799,-0.0445297108515477,False,False
INDIGO,Q4 FY24,12,2024-05-23,2024-05-21,Travel And Transport,Nifty Services Sector,0.2121510027526545,0.4247981907324567,0.9055924756584928,1.5497784342688412,1.9217020412308248,0.0127496713493775,0.0197487702164851,0.1264778810327216,919.203,2998.12,False,True,True,True,True,True,True,True,False,-56.87839720010914,-0.0131229330051451,-0.0320818443199033,True,False
INOXWIND,Q4 FY24,12,2024-05-03,2024-04-30,Electrical Equipment,Nifty India Manufacturing,0.1839275608375781,0.3368835871764846,5.031715521383939,7.129533678756461,8.783320342946224,0.070900729071198,0.177731164927765,0.031042177952761,-117.51,1.07,True,True,True,True,True,True,True,True,True,12.406148304031149,-0.0352040812705524,-0.0280370186233719,False,False
MAHABANK,Q4 FY24,12,2024-04-26,2024-04-24,Banks,Nifty Bank,0.0921501706484642,0.2391093901258474,1.2980251346499156,1.7947598253275086,2.5555555555555585,0.0405541675933742,0.0544373609854456,0.0626226304237361,840.04,1035.51,True,False,True,True,True,True,True,False,True,,0.1065715436004279,0.0957716185958437,False,False
MUTHOOTFIN,Q4 FY24,12,2024-05-30,2024-05-28,Finance,Nifty Financial Services,0.0340353683462186,0.3060460939838374,0.571017101710172,0.3784552203443381,1.7521286660359632,0.0294136241134586,0.0636918788922815,-0.0531916097666798,973.499,1103.523,True,True,True,True,True,False,True,False,True,2.99415876824184,-0.0354013586443376,-0.0197404752511535,True,True
TRENT,Q4 FY24,12,2024-04-29,2024-04-25,Miscellaneous,Nifty 500,0.0802878668615769,0.3541157677128352,2.123663294797689,4.612293911463072,11.09272727272726,0.0487752168625046,0.0645855758880515,0.3702635741538096,54.16,374.36,True,False,True,True,True,True,True,False,True,52.744501204604255,0.0201219685936165,0.0185214910426495,True,True
BHEL,Q1 FY25,13,2024-07-31,2024-07-29,Electrical Equipment,Nifty India Manufacturing,0.0878935847785824,0.1585081585081578,2.304859335038361,4.36627906976744,4.452320675105477,0.0327960415852848,0.1693831547990858,-0.0017940165932447,-343.89,489.62,True,False,True,True,False,True,True,False,True,4.602856820592493,-0.0456749178329631,-0.0526987440568786,True,False
ICICIBANK,Q1 FY25,13,2024-07-27,2024-07-25,Banks,Nifty Bank,-4.173796903028659e-05,0.0922270344198765,0.2015045135406208,0.7703391709155354,1.9288508557457127,-0.0326436147967912,0.0560241963933678,0.0762146031840037,9648.2,10707.53,True,False,True,True,True,True,True,False,True,3.5290918027786327,0.0096396133110457,-0.0088316448410651,True,True
INOXWIND,Q1 FY25,13,2024-08-09,2024-08-07,Electrical Equipment,Nifty India Manufacturing,0.0915586468542519,0.2328512765577572,2.23883677298311,4.277187619411528,12.949898989899008,-0.0164444399651962,0.1314237573715249,-0.129659403743289,-63.92,46.54,True,True,True,True,True,True,True,False,True,13.260297992176088,0.2063056659261737,0.2041888341997132,False,False
PGEL,Q1 FY25,13,2024-07-24,2024-07-22,Consumer Durables,Nifty Consumer Durables,0.1391918290750804,0.9383375209380234,1.3877998452411666,8.483928800102447,80.02844638949654,-0.0034438288935791,0.152488608348535,0.0176511298640336,33.8056,69.5506,False,True,True,True,True,True,True,True,False,9.283954930320984,0.2039249654278858,0.2081380642553316,False,False
SUZLON,Q1 FY25,13,2024-07-22,2024-07-18,Electrical Equipment,Nifty India Manufacturing,0.1086869495596476,0.3676543209876552,2.1293785310734523,5.967295597484286,11.881395348837255,0.0034414762371837,0.1816274329563167,0.0957934551450723,100.9,254.12,True,True,True,True,True,True,True,True,True,19.22757011562861,0.0444780430976931,0.0574774988883699,False,True
MOTILALOFS,Q2 FY25,14,2024-10-28,2024-10-24,Finance,Nifty Financial Services,0.2114801676878426,0.6268837692707436,3.076167742635489,3.1213317974878034,5.087336952118599,-0.0413725478376363,0.0349096509685677,0.1440092986644036,531.19,881.89,True,False,True,True,True,True,True,False,True,6.394332595104884,0.0136764386348309,0.0108404003061377,False,True
AMBER,Q3 FY25,15,2025-01-23,2025-01-21,Consumer Durables,Nifty Consumer Durables,0.0640464485782887,0.0268896437043397,0.7031474655582592,0.8972466110455881,3.9335882776116025,-0.0772285929066097,-0.0893903665636953,0.2144553760959494,-0.4823,19.2475,False,True,True,True,True,True,True,True,False,10.424004172219927,0.0719772411705774,0.0690174187819271,False,False
CANBK,Q3 FY25,15,2025-01-27,2025-01-23,Banks,Nifty Bank,-0.0238687220288417,0.004708772648172,0.0288259958071297,1.276205936920225,1.223606705935663,-0.0516073624421759,-0.0517184176115849,0.1040707415672439,3656.12,4014.53,True,False,True,True,True,False,True,False,True,0.9170979487773786,-0.065279565862559,-0.0546234898459061,True,False
MUTHOOTFIN,Q3 FY25,15,2025-02-12,2025-02-10,Finance,Nifty Financial Services,0.0502504173622706,0.2117051426684646,0.5982071568556311,0.5024564994882288,1.8960278837301083,0.0446374961217295,-0.0233556413932417,0.0189164760678943,1103.523,1271.602,True,False,True,True,True,False,True,False,True,3.2411983747725794,0.0531785819918536,0.0681800638213342,True,True
SOLARINDS,Q3 FY25,15,2025-02-05,2025-02-03,Chemicals - Speciality,Nifty Commodities,0.0032544082198855,-0.03816376995545,0.4743393974157237,3.0644044617291426,6.425570954518827,-0.0203491812366473,-0.1022984766242587,-0.0575364962525359,203.33,303.78,True,False,True,True,True,True,True,False,True,22.68295777988614,-0.0404757701330931,-0.0509333176557645,True,False
SUNPHARMA,Q3 FY25,15,2025-01-31,2025-01-29,Pharmaceuticals,Nifty Pharma,-0.080048771436902,-0.0727986749305407,0.2387835956740542,1.097479905723096,2.8554765607642567,-0.0960330596162264,-0.0636022547275833,0.0302242597695111,2523.75,3040.16,True,False,True,True,False,True,True,False,True,6.024207884262294,0.003946277027145,-0.0098028948509213,True,True
CIPLA,Q4 FY25,16,2025-05-13,2025-05-09,Pharmaceuticals,Nifty Pharma,0.0457516339869277,0.0281347690170199,0.0668973471741607,0.5773206863476454,1.5004223686433442,0.0248905642023347,-0.0123296210885501,-0.0385273389954573,939.04,1570.51,True,False,True,True,True,True,True,False,True,4.21424365614676,0.0103308902213289,-0.0175591253182934,True,False
INDUSTOWER,Q4 FY25,16,2025-04-30,2025-04-28,Telecommunication - Services,Nifty Services Sector,0.1691734708494487,0.142817138056567,0.1715228936414532,0.9396387832699628,1.5602258469259835,0.0290930991954705,0.0637471844429324,-0.0554437625445866,1853.1,4003.2,True,True,True,True,True,True,True,False,True,3.7910355719255744,-0.0703661293921764,-0.0711141248605429,True,False
INOXWIND,Q4 FY25,16,2025-05-30,2025-05-28,Electrical Equipment,Nifty India Manufacturing,0.1125903821875351,0.1439022951206561,0.1750303030303053,7.981123335263465,28.885163776493204,0.0495361534022815,0.1188088750793543,0.0881628381573831,46.54,116.65,True,True,True,True,True,True,True,True,True,9.473331729327816,-0.0433504670477012,-0.0419129723933981,True,False
LUPIN,Q4 FY25,16,2025-05-14,2025-05-12,Pharmaceuticals,Nifty Pharma,0.0607108499518993,0.0037150941075161,0.262135321597623,1.938557948570196,1.3945530316370274,0.0553724588032307,-0.0121198786607743,-0.088242212497561,359.43,855.16,True,False,True,True,True,False,True,False,True,5.949807343514154,0.0161749695355963,0.0104465895602551,True,True
MFSL,Q4 FY25,16,2025-05-13,2025-05-09,Insurance,Nifty Financial Services,0.0885369726621176,0.1290451813932782,0.307894601144743,0.7923821638046795,1.8122851757401064,0.0293772175197684,0.1006398290911836,0.0613872986769781,-44.06,69.81,False,True,True,True,True,True,True,True,False,6.942582673349402,0.0545963605770128,0.0267063450373905,True,False
RADICO,Q4 FY25,16,2025-05-06,2025-05-02,Brew/Distilleries,Nifty 500,0.02955416157959,0.1404654199505677,0.3799621928166385,1.7873710605801594,7.315198911934738,0.0279358836320151,0.052367300385683,0.0659937207320054,53.9126,95.4891,True,False,True,True,True,True,True,False,True,12.759665931375071,0.0014482037077906,-0.0013462036587479,False,False
SOLARINDS,Q4 FY25,16,2025-05-20,2025-05-16,Chemicals - Speciality,Nifty Commodities,0.1741314357471741,0.5436175130423295,0.6312502180815796,4.017709563164114,14.853727462838425,0.0557266083622858,0.0900797258765826,-0.0584946096969598,242.71,314.87,True,False,True,True,True,True,True,False,True,33.450940860215056,0.0135399888969053,0.0217481530894977,True,False
SUZLON,Q4 FY25,16,2025-05-29,2025-05-27,Electrical Equipment,Nifty India Manufacturing,0.1216123499142365,0.2912717219589249,0.3538302277432714,7.4922077922078145,22.35357142857147,0.0737580626909584,0.1295428482999163,0.0044150281831603,254.12,386.92,False,True,True,True,True,True,True,True,False,19.86712091383318,0.0932840137725171,0.0963144215879054,False,True
AMBER,Q1 FY26,17,2025-07-29,2025-07-25,Consumer Durables,Nifty Consumer Durables,0.0717601119870328,0.1398683591913483,0.6588931589330695,1.9958605350412872,3.924009071522865,0.0077334182308779,0.0381876300522092,0.0880098056873921,72.369,116.0712,False,True,True,True,True,True,True,True,False,10.76279366499177,0.1020573117260208,0.1012939959145031,True,True
INDIGO,Q1 FY26,17,2025-07-30,2025-07-28,Travel And Transport,Nifty Services Sector,-0.0092847317744158,0.0946048632218847,0.2823251880535884,2.1264243081931697,5.302089029858905,-0.0354493941706359,0.0148748419800406,0.0280314268364448,2728.8,3067.5,False,True,True,True,True,True,True,True,False,23.76589739757904,0.025882819519572,0.0223227503780901,True,True
PNBHOUSING,Q1 FY26,17,2025-07-21,2025-07-17,Finance - Housing,Nifty Financial Services,0.0330969267139473,0.1028112855196075,0.3668209683473022,2.293142426525993,4.528846153846172,0.0155113930140018,0.028300909802237,0.0314985890580491,432.81,550.38,True,True,True,True,True,True,True,True,True,1.6839906055400151,-0.0053662166660151,-0.0033801123860158,True,False
ABCAPITAL,Q2 FY26,18,2025-10-30,2025-10-28,Finance,Nifty Financial Services,0.0910994764397907,0.2006913769925111,0.4714050364791717,1.6890322580645187,3.67264573991032,0.0459683625806746,0.0240954192778275,0.2293984084762254,1000.9,835.08,False,True,True,True,True,True,True,True,False,2.685078621277895,0.0377659577379069,0.0460037054726649,True,False
MFSL,Q2 FY26,18,2025-11-11,2025-11-07,Insurance,Nifty Financial Services,0.0195324806250387,0.0967195336857784,0.2885526577742359,1.2706988492843043,1.605006842147621,0.0172328800887318,0.0328075530361915,0.1054575567301742,112.56,69.64,False,True,True,True,True,True,True,True,False,10.527043503484675,0.0616795293985117,0.0467069000680995,True,False
MUTHOOTFIN,Q2 FY26,18,2025-11-13,2025-11-11,Finance,Nifty Financial Services,0.0430220033851362,0.286457147195021,0.7895876234225685,2.1559197355556656,1.9051557879398315,0.0207676159899417,0.0331541931305601,0.0005129654094464,1271.602,2016.2,True,False,True,True,True,False,True,False,True,4.633475585738872,0.0995039072074421,0.0911420832136709,True,True
BHARATFORG,Q3 FY26,19,2026-02-12,2026-02-10,Castings/Forgings,Nifty Auto,0.1173416407061265,0.1511304471863634,0.3955298084821224,0.8278595696489266,1.4607409666107722,0.0030458226302307,0.037753814702605,0.041807707026424,212.763,299.199,True,False,True,True,True,True,True,False,True,8.244513628005304,0.075674068894056,0.0936269511306437,True,False
BSE,Q3 FY26,19,2026-02-09,2026-02-05,Capital Markets,Nifty Financial Services,0.0686915715183091,0.1778456526165763,0.6055735975795942,16.349730053989223,41.66131279193646,-0.0091518727791276,0.0242757952288121,0.0483277487374982,219.67,558.43,True,False,True,True,True,True,True,False,True,22.606890344421263,0.0954183675672017,0.0840538820585157,True,True
INDIANB,Q3 FY26,19,2026-01-22,2026-01-20,Banks,Nifty Bank,0.0883846499967859,0.0821243688886055,0.6053854176543103,1.9508539560822655,7.818749999999992,0.0083402856931891,0.0292973809352601,0.0349627103778378,2852.36,3018.22,True,False,True,True,True,True,True,False,True,1.5145851858286203,0.0363462147126766,0.0435951090436089,True,True
MAHABANK,Q3 FY26,19,2026-01-13,2026-01-09,Banks,Nifty Bank,0.1015514809590973,0.1040819932850318,0.2468569147874675,1.0122383252818037,3.41554770318021,0.0049380601217088,0.0544472038304351,0.0583858073549712,1406.45,1633.14,True,False,True,True,True,True,True,False,True,1.5204568001462977,0.0537856127838123,0.0544604744504103,False,True
MFSL,Q3 FY26,19,2026-02-11,2026-02-09,Insurance,Nifty Financial Services,0.0342752639962244,0.0828237909949978,0.5925875459871917,1.352657004830912,1.3754488178307689,0.0173980760752514,0.0310931494357271,0.112540725551673,69.81,4.12,False,True,True,True,True,True,True,True,False,11.344143896124464,0.0348674160640679,0.0371737981947749,True,False
SBIN,Q3 FY26,19,2026-02-07,2026-02-05,Banks,Nifty Bank,0.0535872018843857,0.11735623211033,0.4014360313315945,0.9726203601617058,1.7308572882218214,-0.0009107028796507,0.0436006029094289,0.0479156053405184,16891.44,20159.67,True,False,True,True,True,True,True,False,True,1.9127249860812257,0.0663718404197283,0.0550073549110422,True,True
SOLARINDS,Q3 FY26,19,2026-02-03,2026-02-01,Chemicals - Speciality,Nifty Commodities,0.0772118837740776,-0.050571901302065,0.4265100870627263,2.346009532501765,10.099617341575197,-0.0193901304761354,-0.0165374622531633,0.0002212970519241,314.87,344.97,True,False,True,True,False,True,True,False,True,23.347100814711723,0.0290565582354594,-0.0088945071892135,True,False
TATASTEEL,Q3 FY26,19,2026-02-06,2026-02-04,Steel And Steel Products,Nifty Metal,0.0521214731854409,0.089854425790619,0.4514930916654296,0.6235978396344022,1.9788855857916032,0.048164618651443,0.1471752206151986,-0.037468698382732,326.64,3101.75,True,False,True,True,False,True,True,False,True,2.567211242447126,0.0336066521912046,0.0300327672351845,True,False
ABCAPITAL,Q4 FY26,20,2026-05-04,2026-04-29,Finance,Nifty Financial Services,0.1072449952335556,0.0028781119585556,0.7783505154639176,1.084031100478473,2.0064710957722194,0.0342268526740727,-0.0338312575616066,0.0900216140347108,864.6,945.02,False,True,True,True,True,True,True,True,False,2.8339745022765324,0.0359183643920912,0.0418802977208522,True,False
BSE,Q4 FY26,20,2026-05-07,2026-05-05,Capital Markets,Nifty Financial Services,0.2994141442321103,0.302138663684651,0.7579179116213242,20.914526563419,52.58012462054636,0.0723506992802875,-0.0651663419315438,0.1324469048042514,494.42,601.81,True,False,True,True,True,True,True,False,True,29.16875970346033,0.0485539945434962,0.0425113930415345,True,True
GMRAIRPORT,Q4 FY26,20,2026-05-27,2026-05-25,Travel And Transport,Nifty Services Sector,0.0047698050601414,-0.029058116232465,0.1057856898322506,1.1557285873192469,2.884153113966789,-0.0159963732918851,-0.0884288236238163,0.0420711262947659,-237.59,121.83,True,True,True,True,True,True,True,True,True,-37.43011260124235,0.0356749491239053,0.0558921913666757,True,False
LTF,Q4 FY26,20,2026-04-24,2026-04-22,Finance,Nifty Financial Services,0.0938988095238095,-0.0079622132253712,0.7963223165740114,2.3662278191184862,2.2508568269762383,0.0269175214589998,-0.0326234460808447,0.0495149133645487,636.17,738.61,True,False,True,True,True,False,True,False,True,2.79183310917681,-0.0214076128765549,-0.0097651672095661,True,False
RADICO,Q4 FY26,20,2026-05-06,2026-05-04,Brew/Distilleries,Nifty 500,0.2890122846384961,0.2338721421290219,0.3612338340428946,2.111070313934279,5.028995819621094,0.1121733433034311,-0.0108893904800688,0.0531455100689105,92.0749,154.933,True,False,True,True,True,True,True,False,True,15.23956298542557,0.0054733765742338,-0.0031695160689282,False,False
SOLARINDS,Q4 FY26,20,2026-05-15,2026-05-13,Chemicals - Speciality,Nifty Commodities,0.1217935052938252,0.1795427375971308,0.1705345888633469,3.2361306768632243,11.964605403629797,0.0489205092981772,0.0355863241634784,0.0599722568275289,322.23,446.25,True,False,True,True,True,True,True,False,True,27.92701019562464,0.1352777678367818,0.1251197310356805,True,False
UJJIVANSFB,Q4 FY26,20,2026-05-08,2026-05-06,Banks,Nifty Bank,0.1313605196679901,-0.0408444240477285,0.4787735849056631,1.235294117647054,1.1509433962264128,0.0859826862921022,-0.06088529779594,0.1434801179736025,83.385,185.72,True,True,True,True,True,False,True,False,True,1.9221539152644231,-0.0579918785790394,-0.036725400900424,False,True
ABCAPITAL,Q1 FY27,21,2026-07-31,2026-07-29,Finance,Nifty Financial Services,0.014415103967343,0.1752882057345541,0.4802680565897266,1.0500128899200851,2.41287553648069,-0.01007172028899,0.0134785542168673,0.0881740206888952,835.08,1129.16,True,True,True,True,True,True,True,True,True,3.02574908542546,0.0666752432042726,0.0451587372385694,True,False
APLAPOLLO,Q1 FY27,21,2026-08-01,2026-07-30,Steel And Steel Products,Nifty Metal,0.0605008122794239,-0.0373741482762125,0.1225687855787485,0.2303642803756578,1.1683752362407658,0.024772585167107,-0.0312362952708913,0.0002654578956091,237.17,354.35,True,False,True,True,False,True,True,False,True,9.925628099906922,0.0170994450768899,0.0047778280208199,True,True
BHEL,Q1 FY27,21,2026-07-16,2026-07-14,Electrical Equipment,Nifty India Manufacturing,0.0664026402640267,0.4186365073232421,0.5648973266175901,3.3854505971769733,5.133637053910413,0.0119612337276784,0.0424052901388629,0.0217578434579556,-455.5,1290.47,True,False,True,True,True,True,True,False,True,5.378902017853182,0.0457609460919407,0.034035067790997,True,False
FEDERALBNK,Q1 FY27,21,2026-07-17,2026-07-15,Banks,Nifty Bank,0.0329549038158309,0.1365371269951423,0.531394642105754,1.5332559938128405,2.705316742081452,0.0097738064434917,0.0387159079975649,0.0957971281319071,861.75,1259.1,True,False,True,True,True,True,True,False,True,2.085467007293877,0.0706994316828787,0.0640100816512018,True,True
UJJIVANSFB,Q1 FY27,21,2026-07-23,2026-07-21,Banks,Nifty Bank,0.1459752051685003,0.1431806305521687,0.3215867901731775,0.5352046783625728,1.2097643097643136,0.0025933614454176,0.0221447147387834,0.0302176081186813,103.2198,281.97,True,True,True,True,True,True,True,True,True,1.8706872579111693,0.0767089591918871,0.0941815491885185,False,True
