shuffle,best_train_pass,its_holdout_pass,its_train_avg,its_holdout_avg,rule
0,8,2,0.025087235495448112,0.0016439335886389017,vs_nifty_1w >= 0.05624 AND peers_reported_3d <= 0.007428
1,8,0,0.017919041216373444,-0.005418882705271244,volume_5d_vs_60d <= 0.6906 AND days_since_dividend <= 89
2,8,0,0.017921986058354378,-0.01877155900001526,vs_sector_1m >= 0.0382 AND prev_pat_yoy >= 0.7844
3,9,0,0.025403505191206932,-0.01795465312898159,r3y <= 0.5673 AND vs_nifty_1m >= 0.1256
4,8,2,0.011587380431592464,0.006376262754201889,prev_pat_yoy >= 1.524 AND prev_net_margin <= 0.1426
5,9,1,0.016954537481069565,0.005600227043032646,vs_sector_1m <= -0.04761 AND prev_sales_yoy >= 0.2812
6,9,1,0.016822056844830513,-0.0098041333258152,vs_sector_1m >= 0.06456 AND pe_vs_peers <= -0.2919
7,9,2,0.020167818292975426,0.005779835395514965,vs_sector_1m >= 0.1103 AND prev2_sum <= 0.001702
8,7,1,0.016715742647647858,-0.005354436580091715,days_since_dividend >= 9999 AND days_after_quarter_end >= 37
9,8,0,0.015677714720368385,-0.005569003522396088,r1w >= 0.01629 AND sector_1w <= -0.00831
10,9,2,0.021765803918242455,0.007181982509791851,prev_sales_yoy <= -0.0508 AND pe_vs_peers <= 0.1646
11,9,0,0.019345134496688843,-0.0006409548223018646,prev_net_margin >= 0.298 AND pe_vs_peers <= -0.1589
12,10,0,0.013281376101076603,-0.0017350680427625775,r1w <= -0.0282 AND r5y >= 1.898
13,8,0,0.011683369986712933,0.0025111152790486813,vs_ma50 <= 0.007229 AND peers_reported_3d >= 0.01562
14,9,2,0.018031692132353783,0.006468075793236494,r3y <= 0.3791 AND peers_reported_3d >= 0.02668
15,8,1,0.023687556385993958,-0.003923152107745409,pe_vs_peers <= -0.5662 AND peers_reported_n <= 3
16,9,0,0.02100774459540844,0.00022530944261234254,vs_sector_1w <= -0.0413 AND prev_net_margin >= 0.1426
17,8,0,0.016947992146015167,-0.0013054567389190197,vs_sector_3m <= -0.04983 AND peers_reported_3d >= 0.02668
18,9,1,0.01485462486743927,-0.0007378484588116407,prev_sales_yoy >= 0.2812 AND pe_vs_peers >= -0.2919
19,9,3,0.019934576004743576,0.0014723757049068809,vs_sector_3m >= 0.0478 AND prev_pat_yoy <= -0.3956
20,8,1,0.014886084012687206,0.0037624244578182697,vs_sector_1w <= 0.001694 AND log_mcap >= 12.55
21,8,2,0.011527725495398045,-0.0007124785333871841,r3y >= 2.075 AND pe >= 68.4
22,9,3,0.02121446281671524,0.00536786625161767,vs_sector_1w >= 0.01869 AND pe_vs_peers >= 0.8169
23,9,0,0.01664336584508419,-0.0020414970349520445,vs_nifty_1m >= 0.04691 AND vs_nifty_3m <= -0.008448
24,9,0,0.022679267451167107,-0.001914085354655981,sector_1w >= 0.01085 AND vs_sector_1m <= -0.07774
25,9,0,0.017956310883164406,0.0036525805480778217,prev_net_margin <= 0.1718 AND peers_reported_3d >= 0.04743
26,7,0,0.011707994155585766,-0.0010256996611133218,pe >= 44.5 AND pe_vs_peers <= -0.01319
27,8,0,0.012103121727705002,-0.011187028139829636,vol60 >= 0.4221 AND prev_net_margin <= 0.04331
28,8,2,0.01797759160399437,0.007939914241433144,vs_sector_1w >= 0.03071 AND prev_pat_yoy >= 0.5156
29,8,2,0.013163496740162373,0.007255447097122669,vs_sector_3m <= -0.1316 AND prev_net_margin >= 0.1161
30,9,1,0.011635318398475647,-0.00582592748105526,vs_nifty_3m >= 0.06239 AND pe_vs_peers >= 1.773
31,9,0,0.006812708918005228,-0.007348060142248869,r1m <= 0.02314 AND vs_sector_1m >= 0.01927
32,8,1,0.021900583058595657,0.00026363585493527353,pe >= 55.87 AND pe_vs_peers <= 0.1646
33,9,2,0.026016825810074806,0.011633958667516708,vs_nifty_1w >= 0.01115 AND prev_pat_yoy <= -0.3956
34,10,2,0.023648599162697792,0.0033166222274303436,pe_vs_peers >= 1.773 AND days_after_quarter_end >= 33
35,9,0,0.027910226956009865,0.002065276727080345,r1m <= -0.08081 AND r3m >= 0.02375
36,8,3,0.007747999858111143,0.002825619652867317,r3y <= -0.06808 AND pe <= 68.4
37,9,2,0.023883596062660217,0.014867641031742096,vol60 >= 0.4908 AND prev1_3d >= 0.02385
38,9,1,0.019504452124238014,-0.009484980255365372,vs_sector_3m <= -0.04983 AND pe_vs_peers >= 0.8169
39,9,1,0.013667130842804909,-0.001235094154253602,vs_sector_1m <= -0.07774 AND prev_pat_yoy >= 0.3408
40,8,2,0.018111299723386765,0.006537724751979113,prev_sales_yoy >= 0.3717 AND peers_reported_n >= 3
41,8,0,0.020419931039214134,-0.003671258455142379,prev_pat_yoy <= 0.1376 AND log_mcap >= 11.87
42,9,1,0.01606622152030468,0.0030202604830265045,vs_sector_1w >= 0.03071 AND vs_nifty_3m <= -0.04234
43,9,1,0.008358772844076157,-0.0014002962270751595,vs_sector_1w >= 0.03071 AND prev_pat_yoy <= 0.03373
44,8,1,0.021241256967186928,0.002668228466063738,vs_sector_1w >= 0.04999 AND peers_reported_3d >= 0.0007553
45,9,1,0.016604706645011902,5.111929931445047e-05,pe_vs_peers >= -0.01319 AND peers_reported_3d <= -0.02495
46,8,0,0.016278017312288284,0.00850016251206398,nifty_1w >= 0.009226 AND log_mcap >= 11.47
47,9,0,0.009695698507130146,0.0005685160285793245,r3m >= 0.1565 AND r6m <= 0.2083
48,9,2,0.014159787446260452,0.0012512782122939825,r1m <= -0.02017 AND pe >= 55.87
49,8,0,0.008171351626515388,0.00046565657248720527,vs_ma50 <= 0.02439 AND peers_reported_3d <= -0.04224
50,9,1,0.009309090673923492,0.0018737169448286295,vs_ma200 <= -0.02525 AND sector_1m <= 0.02173
51,9,1,0.018994946032762527,0.006123757921159267,vs_nifty_1m <= -0.01053 AND prev_net_margin >= 0.298
52,8,1,0.011285188607871532,0.0014737634919583797,volume_5d_vs_60d <= 0.603 AND vs_sector_1m <= -0.01318
53,9,1,0.02404608763754368,-0.005690171383321285,vs_sector_1w >= 0.001694 AND peers_reported_3d >= 0.04743
54,9,2,0.024143990129232407,0.010796035639941692,r5y >= 4.648 AND nifty_1w >= 0.009226
55,9,1,0.023232532665133476,0.003731279633939266,r1m <= 0.02314 AND pe_vs_peers >= 1.773
56,9,3,0.01616615615785122,0.0021141371689736843,vs_sector_1m <= -0.02877 AND prev_sales_yoy >= 0.3717
57,9,1,0.018693022429943085,-0.009915893897414207,vs_sector_1m <= -0.04761 AND days_since_dividend >= 9999
58,8,1,0.01278581190854311,0.004220376722514629,sector_1w <= 0.01664 AND vs_nifty_1w >= 0.05624
59,8,0,0.012330488301813602,-0.007520549930632114,prev_pat_yoy <= 0.3408 AND days_after_quarter_end <= 20
60,9,1,0.017974011600017548,-0.0034130339045077562,r1w <= -0.01457 AND from_52w_high >= -0.07003
61,9,0,0.018829410895705223,-0.0028247337322682142,vs_nifty_3m >= 0.02512 AND peers_reported_3d >= 0.04743
62,9,1,0.017738258466124535,-0.004053979180753231,r5y >= 2.745 AND days_since_dividend >= 9999
63,9,1,0.020788269117474556,0.000643435341771692,prev1_3d <= -0.02105 AND past_pct_up >= 0.6667
64,9,1,0.022183211520314217,-0.002982788486406207,prev_net_margin >= 0.298 AND iv_t5 <= 0.3783
65,9,0,0.016724834218621254,-0.007308352738618851,vs_sector_1m >= 0.06456 AND pe >= 44.5
66,9,1,0.02212078683078289,0.004827225115150213,vs_sector_1w >= 0.03071 AND vs_sector_1m <= -0.01318
67,8,0,0.019280357286334038,0.0005404773983173072,r1w >= 0.01629 AND vs_nifty_3m <= -0.08067
68,8,2,0.024654462933540344,0.012103687971830368,prev_net_margin >= 0.298 AND log_mcap <= 10.11
69,8,1,0.014879624359309673,-0.017679691314697266,vs_sector_1w >= 0.01025 AND prev_sales_yoy >= 0.6004
70,9,3,0.01838095858693123,0.012147773057222366,prev_net_margin <= 0.04331 AND pe_vs_peers >= 0.8169
71,9,1,0.01771528273820877,-0.0009373105713166296,r5y >= 0.6808 AND peers_reported_3d <= -0.04224
72,8,0,0.0145473787561059,-0.0021545153576880693,volume_5d_vs_60d <= 0.603 AND prev_net_margin <= 0.04331
73,9,0,0.024390175938606262,-0.0002743708901107311,vs_sector_3m <= -0.04983 AND days_since_dividend >= 9999
74,8,0,0.012885736301541328,0.005793190561234951,r1w <= -0.01457 AND pe >= 55.87
75,9,1,0.01777052879333496,-0.007073711138218641,r6m <= 0.6308 AND vs_sector_3m >= 0.2297
76,9,1,0.021066518500447273,-0.0012681953376159072,vs_sector_1m <= -0.04761 AND prev_net_margin <= 0.04331
77,9,0,0.022138992324471474,0.00012889463687315583,r3y <= -0.06808 AND prev_net_margin >= 0.08825
78,11,2,0.02118467167019844,0.005131667014211416,vol60 >= 0.3081 AND pe >= 96.45
79,9,2,0.027276480570435524,0.009173418395221233,pe_vs_peers >= 0.8169 AND peers_reported_3d >= 0.007428
80,8,2,0.015744397416710854,0.005643326323479414,prev_sales_yoy >= 0.6004 AND season_so_far_3d >= -0.00729
81,10,1,0.0259757861495018,0.0006510783568955958,vs_sector_1m <= -0.02877 AND pe_vs_peers >= 0.8169
82,9,0,0.019123738631606102,-0.0003720422100741416,vs_nifty_1w <= -0.04391 AND prev_sales_yoy <= 0.1634
83,11,3,0.02470068819820881,0.007871710695326328,vs_sector_1w >= 0.04999 AND peers_reported_3d >= 0.0007553
84,9,0,0.01707257144153118,-0.00018504283798392862,pe >= 96.45 AND days_after_quarter_end >= 37
85,9,2,0.009802567772567272,0.005908301565796137,r1w >= 0.06262 AND pe_vs_peers >= -0.418
86,8,0,0.013176308013498783,-0.003595612943172455,pe_vs_peers <= -0.01319 AND log_mcap >= 11.87
87,9,0,0.00981942843645811,0.003965552896261215,r1w >= 0.02641 AND pe_vs_peers >= 0.8169
88,9,3,0.022078868001699448,0.004942636936903,r3y >= 2.075 AND days_since_dividend >= 459.2
89,9,1,0.01261160708963871,-0.00178435945417732,vs_ma200 <= 0.1517 AND vs_sector_1w <= -0.0413
90,8,1,0.021754005923867226,0.0006150172557681799,volume_5d_vs_60d >= 1.03 AND vs_nifty_1w <= -0.02654
91,8,3,0.018104312941432,0.007858985103666782,prev_sales_yoy >= 0.2812 AND pe_vs_peers <= -0.418
92,9,2,0.018145067617297173,0.01625068485736847,r5y >= 2.745 AND pe_vs_peers >= 0.8169
93,9,2,0.019307419657707214,0.012689361348748207,volume_5d_vs_60d <= 0.7624 AND sector_1w >= 0.03492
94,9,1,0.015497596003115177,0.0019329809583723545,vs_nifty_1m <= -0.08407 AND prev_pat_yoy >= 0.03373
95,8,2,0.018857907503843307,0.002078944817185402,vs_sector_3m <= -0.04983 AND pe_vs_peers >= 0.3897
96,10,1,0.025992566719651222,0.004051889758557081,r1w >= 0.00565 AND vs_nifty_1w <= -0.00688
97,8,5,0.0030264812521636486,0.009696479886770248,log_mcap >= 11.47 AND days_since_dividend >= 459.2
98,8,0,0.012193674221634865,-0.002376362681388855,prev_pat_yoy <= 0.03373 AND prev_net_margin >= 0.1161
99,9,1,0.010680848732590675,0.0012115136487409472,r1y >= 0.2088 AND volume_5d_vs_60d <= 0.4848
