base,family,feature,n,rho,p_perm,rho_f14,n_f14,rho_l8,n_l8,p_holm
S85,pre,roe_pct,50,-0.0400,0.7957,0.1294,16,-0.0380,34,1.0000
S85,pre,debt_equity_co,47,-0.0552,0.7421,-0.3951,17,0.0454,30,1.0000
S85,pre,l1_pat_yoy_pct,79,-0.0104,0.9256,0.1143,48,-0.3331,31,1.0000
S85,pre,l1_sales_yoy_pct,83,0.0065,0.9554,0.1041,49,-0.1734,34,1.0000
S85,pre,pat_yoy_accel_pp,66,0.1327,0.2673,0.1775,39,0.0250,27,1.0000
S85,pre,sales_yoy_accel_pp,70,0.1426,0.2504,0.2246,40,0.0945,30,1.0000
S85,pre,margin_chg_pp,83,0.1258,0.2380,0.2164,49,-0.0961,34,1.0000
S85,pre,pe_vs_own3y_pct,40,0.1827,0.1664,0.2536,15,0.2138,25,1.0000
S85,pre,pe_vs_peers_pct,62,-0.0160,0.8976,-0.1963,34,0.1100,28,1.0000
S85,pre,earnings_yield_pct,77,-0.0242,0.7990,0.0112,43,0.0487,34,1.0000
S85,pre,piotroski_frac,71,-0.1200,0.3997,-0.1768,41,0.0268,30,1.0000
S85,pre,log_mcap,85,0.1930,0.0575,0.2941,51,-0.0985,34,0.6899
S85,post,rq_sales_yoy_pct,83,0.0489,0.6474,0.1210,49,-0.1377,34,0.6474
S85,post,rq_pat_yoy_pct,80,0.2541,0.0168,0.4107,48,-0.0323,32,0.0504
S85,post,rq_pat_surprise_vs_trend_pp,68,0.2542,0.0413,0.1416,41,0.3327,27,0.0826
S44,pre,roe_pct,29,-0.2025,0.2889,-0.2167,9,-0.1459,20,1.0000
S44,pre,debt_equity_co,28,0.2699,0.0781,-0.1590,9,0.3598,19,0.8590
S44,pre,l1_pat_yoy_pct,42,0.0233,0.8663,0.1052,24,-0.2776,18,1.0000
S44,pre,l1_sales_yoy_pct,44,-0.0165,0.9327,0.1452,24,-0.1805,20,1.0000
S44,pre,pat_yoy_accel_pp,34,0.0445,0.6825,0.2301,18,-0.0853,16,1.0000
S44,pre,sales_yoy_accel_pp,36,0.1508,0.3272,0.1662,18,0.0609,18,1.0000
S44,pre,margin_chg_pp,44,0.2713,0.0473,0.3209,24,0.2000,20,0.5675
S44,pre,pe_vs_own3y_pct,24,0.3017,0.1597,0.2500,9,0.3250,15,1.0000
S44,pre,pe_vs_peers_pct,32,-0.1294,0.5039,-0.4357,15,0.0319,17,1.0000
S44,pre,earnings_yield_pct,39,-0.0984,0.6076,-0.1930,19,0.0135,20,1.0000
S44,pre,piotroski_frac,37,-0.0703,0.6276,-0.1255,18,-0.1319,19,1.0000
S44,pre,log_mcap,44,0.0974,0.6160,0.1904,24,-0.0827,20,1.0000
S44,post,rq_sales_yoy_pct,44,0.0689,0.6396,0.2574,24,-0.0617,20,1.0000
S44,post,rq_pat_yoy_pct,41,0.1021,0.4714,0.2460,23,-0.1084,18,1.0000
S44,post,rq_pat_surprise_vs_trend_pp,37,0.0882,0.5681,-0.0887,20,0.2623,17,1.0000
