condition,label,pred,n_avail,n_in,avg_in,n_out,avg_out,net_in,net_out,n_in_h1,avg_in_h1,n_out_h1,avg_out_h1,n_in_h2,avg_in_h2,n_out_h2,avg_out_h2,diff,perm_p_2s,tested,holm_p
TR01,rose in last results window (prev1_three_day > 0),IN better,81,46,1.9500,35,2.5301,1.7800,2.3601,33,2.2916,14,0.3941,13,1.0829,21,3.9542,-0.5801,0.6312,True,1.0000
TR02,fell in last results window (prev1_three_day < 0),IN worse,81,35,2.5301,46,1.9500,2.3601,1.7800,14,0.3941,33,2.2916,21,3.9542,13,1.0829,0.5801,0.6202,True,1.0000
TR03,positive window in >= 3 of last 4,IN better,69,19,2.2886,50,2.3362,2.1186,2.1662,9,2.9342,26,1.4141,10,1.7075,24,3.3350,-0.0476,0.9748,True,1.0000
TR04,positive window in <= 1 of last 4,IN worse,69,24,2.3037,45,2.3334,2.1337,2.1634,12,0.7119,23,2.3753,12,3.8956,22,2.2895,-0.0296,0.9833,True,1.0000
TR05,mean of last 4 windows top quintile,IN better,69,15,2.6054,54,2.2446,2.4354,2.0746,8,3.9086,27,1.1817,7,1.1160,27,3.3075,0.3608,0.8217,True,1.0000
TR06,mean of last 4 windows bottom quintile,IN worse,69,19,1.5109,50,2.6317,1.3409,2.4617,12,-0.4549,23,2.9841,7,4.8810,27,2.3314,-1.1207,0.4520,True,1.0000
TR07,"last results winner (prev1_xn > 4), repeat",IN better,81,9,3.6187,72,2.0234,3.4487,1.8534,8,4.2051,39,1.2179,1,-1.0722,33,2.9754,1.5953,0.3870,True,1.0000
TR09,"last results loser (prev1_xn < -4), reversal",IN better,81,13,2.8446,68,2.0776,2.6746,1.9076,6,2.2063,41,1.6561,7,3.3916,27,2.7176,0.7670,0.6294,True,1.0000
TR11,serial winner (>= 2 of last 4 reactions > +4%),IN better,69,9,3.5874,60,2.1334,3.4174,1.9634,4,2.6527,31,1.6956,5,4.3351,29,2.6014,1.4540,0.4572,True,1.0000
TR12,mean last-4 reaction vs Nifty top quintile,IN better,69,17,3.0366,52,2.0898,2.8666,1.9198,10,2.5020,25,1.5262,7,3.8002,27,2.6116,0.9468,0.5375,True,1.0000
TR13,mean last-4 reaction vs Nifty bottom quintile,IN worse,69,21,3.0734,48,1.9948,2.9034,1.8248,10,2.1573,25,1.6641,11,3.9061,23,2.3543,1.0786,0.4579,True,1.0000
TR14,big typical mover (mean |reaction| last 4 top quintile),IN better,69,22,2.4482,47,2.2645,2.2782,2.0945,11,0.5212,24,2.3934,11,4.3753,23,2.1299,0.1838,0.8985,True,1.0000
TR15,mean last-4 post-results drift top quintile,IN better,69,18,4.2345,51,1.6484,4.0645,1.4784,6,5.9703,29,0.9432,12,3.3666,22,2.5780,2.5861,0.0842,True,1.0000
TR16,mean last-4 post-results drift bottom quintile,IN worse,69,12,1.2532,57,2.5483,1.0832,2.3783,6,-0.0760,29,2.1942,6,2.5824,28,2.9150,-1.2951,0.4593,True,1.0000
PP01,1-month vs Nifty bottom quintile (reversal),IN better,85,84,2.1690,1,-0.9386,1.9990,-1.1086,50,1.7016,1,-0.9386,34,2.8563,0,,3.1076,0.5429,False,
PP02,1-month vs Nifty top quintile (reversal),IN worse,85,0,,85,2.1325,,1.9625,0,,51,1.6499,0,,34,2.8563,,,False,
PP03,3-month vs Nifty top quintile,IN better,85,2,-1.5262,83,2.2206,-1.6962,2.0506,2,-1.5262,49,1.7795,0,,34,2.8563,-3.7468,0.3146,False,
PP04,3-month vs Nifty bottom quintile,IN worse,85,54,2.6492,31,1.2323,2.4792,1.0623,28,1.5819,23,1.7326,26,3.7986,8,-0.2061,1.4169,0.2419,True,1.0000
PP05,6-month vs Nifty top quintile,IN better,85,9,1.2328,76,2.2390,1.0628,2.0690,6,3.6876,45,1.3782,3,-3.6767,31,3.4886,-1.0062,0.5994,True,1.0000
PP06,6-month vs Nifty bottom quintile,IN worse,85,41,2.7752,44,1.5335,2.6052,1.3635,20,1.9953,31,1.4270,21,3.5179,13,1.7876,1.2417,0.2875,True,1.0000
PP07,12-month vs Nifty top quintile,IN better,85,12,1.1726,73,2.2902,1.0026,2.1202,5,4.3107,46,1.3606,7,-1.0689,27,3.8740,-1.1177,0.5107,True,1.0000
PP08,12-month vs Nifty bottom quintile,IN worse,85,39,2.4440,46,1.8683,2.2740,1.6983,27,2.2631,24,0.9600,12,2.8511,22,2.8592,0.5757,0.6277,True,1.0000
PP09,12-month top quintile and 1-month below Nifty (pullback),IN better,85,12,1.1726,73,2.2902,1.0026,2.1202,5,4.3107,46,1.3606,7,-1.0689,27,3.8740,-1.1177,0.5063,True,1.0000
PP10,12-month top half and 1-month bottom quintile (deep pullback),IN better,85,28,1.9961,57,2.1994,1.8261,2.0294,15,1.5220,36,1.7031,13,2.5432,21,3.0502,-0.2033,0.8704,True,1.0000
PP11,within 5% of 52-week high,IN better,85,0,,85,2.1325,,1.9625,0,,51,1.6499,0,,34,2.8563,,,False,
PP12,30%+ below 52-week high,IN worse,85,41,3.0810,44,1.2486,2.9110,1.0786,20,2.6385,31,1.0120,21,3.5024,13,1.8127,1.8324,0.1174,True,1.0000
PP13,3-month vs sector top quintile,IN better,84,3,-0.1355,81,2.2181,-0.3055,2.0481,2,-1.5262,48,1.7749,1,2.6460,33,2.8627,-2.3535,0.4590,False,
PP14,3-month vs sector bottom quintile,IN worse,84,51,2.2228,33,1.9967,2.0528,1.8267,27,1.3623,23,1.9721,24,3.1909,10,2.0534,0.2261,0.8500,True,1.0000
PP15,12-month vs sector top quintile,IN better,84,11,0.3666,73,2.4003,0.1966,2.2303,6,2.7499,44,1.4919,5,-2.4934,29,3.7787,-2.0337,0.2509,True,1.0000
PP16,12-month vs sector bottom quintile,IN worse,84,33,2.4405,51,1.9357,2.2705,1.7657,24,2.3609,26,0.9800,9,2.6528,25,2.9296,0.5048,0.6779,True,1.0000
PP17,12-month and 1-month bottom quintile (falling knife),IN worse,85,38,2.5330,47,1.8086,2.3630,1.6386,26,2.3862,25,0.8840,12,2.8511,22,2.8592,0.7245,0.5403,True,1.0000
