symbol,qn,results_for,quarter,period,lag21,vol_ratio_5_60,three_day,pnl,pnl_net
BANDHANBNK,0,Results for Jan-Mar 2021 (Q4 FY21),Q4 FY21,Jan-Mar 2021,-12.7273,1.4878,-1.2782,-1.2782,-1.4482
BANKBARODA,0,Results for Jan-Mar 2021 (Q4 FY21),Q4 FY21,Jan-Mar 2021,23.2745,1.6369,-5.0705,-5.0705,-5.2405
LTF,0,Results for Jan-Mar 2021 (Q4 FY21),Q4 FY21,Jan-Mar 2021,-10.9861,1.0469,-1.4492,-1.4492,-1.6192
M&M,0,Results for Jan-Mar 2021 (Q4 FY21),Q4 FY21,Jan-Mar 2021,-0.4219,1.1538,-1.4977,-1.4977,-1.6677
MANAPPURAM,0,Results for Jan-Mar 2021 (Q4 FY21),Q4 FY21,Jan-Mar 2021,6.3646,1.4168,-3.8332,-3.8332,-4.0032
INDUSTOWER,1,Results for Apr-Jun 2021 (Q1 FY22),Q1 FY22,Apr-Jun 2021,-8.0976,1.3620,-0.1477,-0.1477,-0.3177
AMBUJACEM,2,Results for Jul-Sep 2021 (Q2 FY22),Q2 FY22,Jul-Sep 2021,-13.5841,1.6685,1.5250,1.5250,1.3550
BIOCON,2,Results for Jul-Sep 2021 (Q2 FY22),Q2 FY22,Jul-Sep 2021,-13.4844,1.1246,-5.9644,-5.9644,-6.1344
CROMPTON,2,Results for Jul-Sep 2021 (Q2 FY22),Q2 FY22,Jul-Sep 2021,-11.0980,1.2457,-0.6762,-0.6762,-0.8462
IDFCFIRSTB,2,Results for Jul-Sep 2021 (Q2 FY22),Q2 FY22,Jul-Sep 2021,6.5229,1.5926,5.2844,5.2844,5.1144
LTF,2,Results for Jul-Sep 2021 (Q2 FY22),Q2 FY22,Jul-Sep 2021,1.1787,1.4901,-8.4611,-8.4611,-8.6311
PIIND,2,Results for Jul-Sep 2021 (Q2 FY22),Q2 FY22,Jul-Sep 2021,-15.4486,1.1348,3.4053,3.4053,3.2353
TVSMOTOR,2,Results for Jul-Sep 2021 (Q2 FY22),Q2 FY22,Jul-Sep 2021,1.8672,1.3417,6.3427,6.3427,6.1727
GODREJPROP,3,Results for Oct-Dec 2021 (Q3 FY22),Q3 FY22,Oct-Dec 2021,-9.3135,1.3345,-12.5404,-12.5404,-12.7104
HDFCAMC,3,Results for Oct-Dec 2021 (Q3 FY22),Q3 FY22,Oct-Dec 2021,-3.2195,1.1801,-6.9045,-6.9045,-7.0745
INDIGO,3,Results for Oct-Dec 2021 (Q3 FY22),Q3 FY22,Oct-Dec 2021,-4.1748,1.0914,11.2960,11.2960,11.1260
LICHSGFIN,3,Results for Oct-Dec 2021 (Q3 FY22),Q3 FY22,Oct-Dec 2021,-5.8422,1.8743,13.0594,13.0594,12.8894
MARICO,3,Results for Oct-Dec 2021 (Q3 FY22),Q3 FY22,Oct-Dec 2021,-7.7900,1.0701,3.2154,3.2154,3.0454
NAUKRI,3,Results for Oct-Dec 2021 (Q3 FY22),Q3 FY22,Oct-Dec 2021,-17.6760,2.4979,8.7454,8.7454,8.5754
PFC,3,Results for Oct-Dec 2021 (Q3 FY22),Q3 FY22,Oct-Dec 2021,-1.4133,1.6888,-2.5132,-2.5132,-2.6832
PIIND,3,Results for Oct-Dec 2021 (Q3 FY22),Q3 FY22,Oct-Dec 2021,-20.9447,1.7068,4.6853,4.6853,4.5153
SAIL,3,Results for Oct-Dec 2021 (Q3 FY22),Q3 FY22,Oct-Dec 2021,-5.8122,1.2900,0.9384,0.9384,0.7684
SHREECEM,3,Results for Oct-Dec 2021 (Q3 FY22),Q3 FY22,Oct-Dec 2021,-8.1493,1.1429,-1.5762,-1.5762,-1.7462
TATACONSUM,3,Results for Oct-Dec 2021 (Q3 FY22),Q3 FY22,Oct-Dec 2021,-0.8861,1.2616,1.4867,1.4867,1.3167
TATASTEEL,3,Results for Oct-Dec 2021 (Q3 FY22),Q3 FY22,Oct-Dec 2021,1.3172,1.2445,1.3240,1.3240,1.1540
ZYDUSLIFE,3,Results for Oct-Dec 2021 (Q3 FY22),Q3 FY22,Oct-Dec 2021,-17.1071,1.2231,0.6575,0.6575,0.4875
COFORGE,4,Results for Jan-Mar 2022 (Q4 FY22),Q4 FY22,Jan-Mar 2022,-9.4521,1.4383,2.6074,2.6074,2.4374
HEROMOTOCO,4,Results for Jan-Mar 2022 (Q4 FY22),Q4 FY22,Jan-Mar 2022,14.6754,1.3359,-0.0754,-0.0754,-0.2454
NAUKRI,4,Results for Jan-Mar 2022 (Q4 FY22),Q4 FY22,Jan-Mar 2022,-19.5607,1.1363,12.2424,12.2424,12.0724
RBLBANK,4,Results for Jan-Mar 2022 (Q4 FY22),Q4 FY22,Jan-Mar 2022,-10.3673,1.1972,-1.2573,-1.2573,-1.4273
GLENMARK,5,Results for Apr-Jun 2022 (Q1 FY23),Q1 FY23,Apr-Jun 2022,-10.9508,1.0884,2.8843,2.8843,2.7143
MPHASIS,5,Results for Apr-Jun 2022 (Q1 FY23),Q1 FY23,Apr-Jun 2022,-7.9321,1.1667,5.9927,5.9927,5.8227
NMDC,5,Results for Apr-Jun 2022 (Q1 FY23),Q1 FY23,Apr-Jun 2022,-12.3702,1.0506,6.5634,6.5634,6.3934
TECHM,5,Results for Apr-Jun 2022 (Q1 FY23),Q1 FY23,Apr-Jun 2022,-2.3506,1.1786,-3.2649,-3.2649,-3.4349
VEDL,5,Results for Apr-Jun 2022 (Q1 FY23),Q1 FY23,Apr-Jun 2022,1.8532,1.5733,5.2758,5.2758,5.1058
VOLTAS,5,Results for Apr-Jun 2022 (Q1 FY23),Q1 FY23,Apr-Jun 2022,-5.4056,1.0627,-2.2531,-2.2531,-2.4231
AUROPHARMA,6,Results for Jul-Sep 2022 (Q2 FY23),Q2 FY23,Jul-Sep 2022,-15.3325,2.5228,3.0135,3.0135,2.8435
BIOCON,6,Results for Jul-Sep 2022 (Q2 FY23),Q2 FY23,Jul-Sep 2022,-5.1066,1.3165,2.8761,2.8761,2.7061
BOSCHLTD,6,Results for Jul-Sep 2022 (Q2 FY23),Q2 FY23,Jul-Sep 2022,-2.2561,1.0920,3.1047,3.1047,2.9347
HINDPETRO,6,Results for Jul-Sep 2022 (Q2 FY23),Q2 FY23,Jul-Sep 2022,-10.3052,1.0348,-1.0137,-1.0137,-1.1837
ICICIGI,6,Results for Jul-Sep 2022 (Q2 FY23),Q2 FY23,Jul-Sep 2022,-4.9840,1.1146,1.0111,1.0111,0.8411
INFY,6,Results for Jul-Sep 2022 (Q2 FY23),Q2 FY23,Jul-Sep 2022,-1.0463,1.1165,3.5559,3.5559,3.3859
MFSL,6,Results for Jul-Sep 2022 (Q2 FY23),Q2 FY23,Jul-Sep 2022,-9.0502,3.7048,-0.5050,-0.5050,-0.6750
ADANIENT,7,Results for Oct-Dec 2022 (Q3 FY23),Q3 FY23,Oct-Dec 2022,-48.9820,3.3038,-3.4545,-3.4545,-3.6245
ADANIPORTS,7,Results for Oct-Dec 2022 (Q3 FY23),Q3 FY23,Oct-Dec 2022,-37.3666,6.0633,19.0873,19.0873,18.9173
AMBUJACEM,7,Results for Oct-Dec 2022 (Q3 FY23),Q3 FY23,Oct-Dec 2022,-26.9476,5.5666,2.9347,2.9347,2.7647
ASIANPAINT,7,Results for Oct-Dec 2022 (Q3 FY23),Q3 FY23,Oct-Dec 2022,-2.5525,1.1229,-5.2714,-5.2714,-5.4414
AUROPHARMA,7,Results for Oct-Dec 2022 (Q3 FY23),Q3 FY23,Oct-Dec 2022,-4.5211,1.2169,11.7120,11.7120,11.5420
BIOCON,7,Results for Oct-Dec 2022 (Q3 FY23),Q3 FY23,Oct-Dec 2022,-3.4383,1.1195,-1.7349,-1.7349,-1.9049
DIXON,7,Results for Oct-Dec 2022 (Q3 FY23),Q3 FY23,Oct-Dec 2022,-7.7485,1.1232,-22.8577,-22.8577,-23.0277
INDUSTOWER,7,Results for Oct-Dec 2022 (Q3 FY23),Q3 FY23,Oct-Dec 2022,-10.1996,1.5956,-7.9341,-7.9341,-8.1041
OBEROIRLTY,7,Results for Oct-Dec 2022 (Q3 FY23),Q3 FY23,Oct-Dec 2022,-3.1127,1.8789,2.8648,2.8648,2.6948
TITAN,7,Results for Oct-Dec 2022 (Q3 FY23),Q3 FY23,Oct-Dec 2022,-6.0355,1.0652,3.7896,3.7896,3.6196
TRENT,7,Results for Oct-Dec 2022 (Q3 FY23),Q3 FY23,Oct-Dec 2022,-2.6262,1.2631,9.0733,9.0733,8.9033
CIPLA,8,Results for Jan-Mar 2023 (Q4 FY23),Q4 FY23,Jan-Mar 2023,1.6463,1.2164,-2.2992,-2.2992,-2.4692
HDFCLIFE,8,Results for Jan-Mar 2023 (Q4 FY23),Q4 FY23,Jan-Mar 2023,13.2452,1.3704,-5.4882,-5.4882,-5.6582
HEROMOTOCO,8,Results for Jan-Mar 2023 (Q4 FY23),Q4 FY23,Jan-Mar 2023,1.2724,1.6130,2.0464,2.0464,1.8764
INDUSTOWER,8,Results for Jan-Mar 2023 (Q4 FY23),Q4 FY23,Jan-Mar 2023,-13.2755,1.0231,4.3047,4.3047,4.1347
LAURUSLABS,8,Results for Jan-Mar 2023 (Q4 FY23),Q4 FY23,Jan-Mar 2023,-7.0940,1.4406,4.1973,4.1973,4.0273
MFSL,8,Results for Jan-Mar 2023 (Q4 FY23),Q4 FY23,Jan-Mar 2023,0.5924,1.2587,1.3166,1.3166,1.1466
SUNPHARMA,8,Results for Jan-Mar 2023 (Q4 FY23),Q4 FY23,Jan-Mar 2023,-5.8122,1.0512,1.7345,1.7345,1.5645
COALINDIA,9,Results for Apr-Jun 2023 (Q1 FY24),Q1 FY24,Apr-Jun 2023,-0.4634,1.9282,0.4531,0.4531,0.2831
GAIL,9,Results for Apr-Jun 2023 (Q1 FY24),Q1 FY24,Apr-Jun 2023,7.3157,1.5279,3.1831,3.1831,3.0131
GRASIM,9,Results for Apr-Jun 2023 (Q1 FY24),Q1 FY24,Apr-Jun 2023,4.7099,1.0180,-0.9169,-0.9169,-1.0869
HDFCBANK,9,Results for Apr-Jun 2023 (Q1 FY24),Q1 FY24,Apr-Jun 2023,-1.3824,1.3037,2.2156,2.2156,2.0456
HINDUNILVR,9,Results for Apr-Jun 2023 (Q1 FY24),Q1 FY24,Apr-Jun 2023,-6.1138,1.0678,-2.9043,-2.9043,-3.0743
LTM,9,Results for Apr-Jun 2023 (Q1 FY24),Q1 FY24,Apr-Jun 2023,-4.7718,2.8405,2.2991,2.2991,2.1291
PETRONET,9,Results for Apr-Jun 2023 (Q1 FY24),Q1 FY24,Apr-Jun 2023,-2.2510,1.2421,3.7646,3.7646,3.5946
SIEMENS,9,Results for Apr-Jun 2023 (Q1 FY24),Q1 FY24,Apr-Jun 2023,1.1119,1.1673,-1.1395,-1.1395,-1.3095
SRF,9,Results for Apr-Jun 2023 (Q1 FY24),Q1 FY24,Apr-Jun 2023,-12.9672,1.1222,-3.5012,-3.5012,-3.6712
DABUR,10,Results for Jul-Sep 2023 (Q2 FY24),Q2 FY24,Jul-Sep 2023,-1.0792,1.0985,1.3025,1.3025,1.1325
HDFCLIFE,10,Results for Jul-Sep 2023 (Q2 FY24),Q2 FY24,Jul-Sep 2023,-5.4247,1.2094,1.3706,1.3706,1.2006
ICICIPRULI,10,Results for Jul-Sep 2023 (Q2 FY24),Q2 FY24,Jul-Sep 2023,-4.5503,1.4921,-0.2637,-0.2637,-0.4337
PIDILITIND,10,Results for Jul-Sep 2023 (Q2 FY24),Q2 FY24,Jul-Sep 2023,0.8708,1.8339,0.9875,0.9875,0.8175
ASTRAL,11,Results for Oct-Dec 2023 (Q3 FY24),Q3 FY24,Oct-Dec 2023,-4.1956,1.4071,1.7745,1.7745,1.6045
BAJAJFINSV,11,Results for Oct-Dec 2023 (Q3 FY24),Q3 FY24,Oct-Dec 2023,-0.9588,1.2376,-0.1069,-0.1069,-0.2769
BAJFINANCE,11,Results for Oct-Dec 2023 (Q3 FY24),Q3 FY24,Oct-Dec 2023,-1.5527,1.2927,-3.2806,-3.2806,-3.4506
CROMPTON,11,Results for Oct-Dec 2023 (Q3 FY24),Q3 FY24,Oct-Dec 2023,-12.4697,1.0958,-0.1717,-0.1717,-0.3417
HAVELLS,11,Results for Oct-Dec 2023 (Q3 FY24),Q3 FY24,Oct-Dec 2023,1.2375,1.0262,-5.5743,-5.5743,-5.7443
HINDUNILVR,11,Results for Oct-Dec 2023 (Q3 FY24),Q3 FY24,Oct-Dec 2023,0.3649,1.4938,-3.6601,-3.6601,-3.8301
ICICIPRULI,11,Results for Oct-Dec 2023 (Q3 FY24),Q3 FY24,Oct-Dec 2023,-6.2250,1.4177,-6.9761,-6.9761,-7.1461
IDFCFIRSTB,11,Results for Oct-Dec 2023 (Q3 FY24),Q3 FY24,Oct-Dec 2023,-4.2024,1.4209,-5.2039,-5.2039,-5.3739
INFY,11,Results for Oct-Dec 2023 (Q3 FY24),Q3 FY24,Oct-Dec 2023,-0.1858,1.1953,5.6284,5.6284,5.4585
JUBLFOOD,11,Results for Oct-Dec 2023 (Q3 FY24),Q3 FY24,Oct-Dec 2023,-9.8087,1.6301,-2.1392,-2.1392,-2.3092
KOTAKBANK,11,Results for Oct-Dec 2023 (Q3 FY24),Q3 FY24,Oct-Dec 2023,-3.7956,1.4892,0.4460,0.4460,0.2760
MFSL,11,Results for Oct-Dec 2023 (Q3 FY24),Q3 FY24,Oct-Dec 2023,-6.4401,1.6039,8.1311,8.1311,7.9611
POLYCAB,11,Results for Oct-Dec 2023 (Q3 FY24),Q3 FY24,Oct-Dec 2023,-26.1255,5.8670,1.8950,1.8950,1.7250
TCS,11,Results for Oct-Dec 2023 (Q3 FY24),Q3 FY24,Oct-Dec 2023,-1.0016,1.0485,5.1752,5.1752,5.0052
BRITANNIA,12,Results for Jan-Mar 2024 (Q4 FY24),Q4 FY24,Jan-Mar 2024,-5.1068,1.0935,6.0238,6.0238,5.8538
HCLTECH,12,Results for Jan-Mar 2024 (Q4 FY24),Q4 FY24,Jan-Mar 2024,-9.3747,1.1538,-6.1967,-6.1967,-6.3667
HINDUNILVR,12,Results for Jan-Mar 2024 (Q4 FY24),Q4 FY24,Jan-Mar 2024,-3.8140,1.5529,-0.4632,-0.4632,-0.6332
INFY,12,Results for Jan-Mar 2024 (Q4 FY24),Q4 FY24,Jan-Mar 2024,-12.9051,1.6278,1.2992,1.2992,1.1292
KOTAKBANK,12,Results for Jan-Mar 2024 (Q4 FY24),Q4 FY24,Jan-Mar 2024,-13.1920,4.0800,4.3865,4.3865,4.2165
LTM,12,Results for Jan-Mar 2024 (Q4 FY24),Q4 FY24,Jan-Mar 2024,-10.7793,1.2332,-0.8671,-0.8671,-1.0371
MPHASIS,12,Results for Jan-Mar 2024 (Q4 FY24),Q4 FY24,Jan-Mar 2024,-8.5646,1.0050,2.4510,2.4510,2.2810
TECHM,12,Results for Jan-Mar 2024 (Q4 FY24),Q4 FY24,Jan-Mar 2024,-6.6760,1.1058,6.6066,6.6066,6.4366
TITAN,12,Results for Jan-Mar 2024 (Q4 FY24),Q4 FY24,Jan-Mar 2024,-6.7010,1.0373,-8.7282,-8.7282,-8.8982
ULTRACEMCO,12,Results for Jan-Mar 2024 (Q4 FY24),Q4 FY24,Jan-Mar 2024,-1.6723,1.0803,2.9681,2.9681,2.7981
BAJAJFINSV,13,Results for Apr-Jun 2024 (Q1 FY25),Q1 FY25,Apr-Jun 2024,-1.1514,1.0268,-3.6625,-3.6625,-3.8325
DLF,13,Results for Apr-Jun 2024 (Q1 FY25),Q1 FY25,Apr-Jun 2024,-9.6221,1.2593,2.5196,2.5196,2.3496
EICHERMOT,13,Results for Apr-Jun 2024 (Q1 FY25),Q1 FY25,Apr-Jun 2024,-0.3985,1.4818,3.8832,3.8832,3.7132
JINDALSTEL,13,Results for Apr-Jun 2024 (Q1 FY25),Q1 FY25,Apr-Jun 2024,-13.8240,1.2001,-1.4798,-1.4798,-1.6498
LAURUSLABS,13,Results for Apr-Jun 2024 (Q1 FY25),Q1 FY25,Apr-Jun 2024,-4.0566,1.1301,4.2949,4.2949,4.1249
SAIL,13,Results for Apr-Jun 2024 (Q1 FY25),Q1 FY25,Apr-Jun 2024,-11.5870,1.0557,-4.2896,-4.2896,-4.4596
SBICARD,13,Results for Apr-Jun 2024 (Q1 FY25),Q1 FY25,Apr-Jun 2024,-1.8502,1.1327,-4.8785,-4.8785,-5.0485
TATAPOWER,13,Results for Apr-Jun 2024 (Q1 FY25),Q1 FY25,Apr-Jun 2024,4.3326,1.5565,-6.5787,-6.5787,-6.7487
TITAN,13,Results for Apr-Jun 2024 (Q1 FY25),Q1 FY25,Apr-Jun 2024,-2.5504,1.0096,-2.3967,-2.3967,-2.5667
AMBUJACEM,14,Results for Jul-Sep 2024 (Q2 FY25),Q2 FY25,Jul-Sep 2024,-3.6665,1.2917,2.8957,2.8957,2.7257
BHEL,14,Results for Jul-Sep 2024 (Q2 FY25),Q2 FY25,Jul-Sep 2024,-13.5280,1.8707,3.6365,3.6365,3.4665
CANBK,14,Results for Jul-Sep 2024 (Q2 FY25),Q2 FY25,Jul-Sep 2024,-6.0510,1.0049,9.5077,9.5077,9.3377
LTF,14,Results for Jul-Sep 2024 (Q2 FY25),Q2 FY25,Jul-Sep 2024,-3.1634,1.3658,-5.4064,-5.4064,-5.5764
MANAPPURAM,14,Results for Jul-Sep 2024 (Q2 FY25),Q2 FY25,Jul-Sep 2024,-12.7738,1.2668,-1.5036,-1.5036,-1.6736
PNB,14,Results for Jul-Sep 2024 (Q2 FY25),Q2 FY25,Jul-Sep 2024,-2.4801,1.1715,2.7093,2.7093,2.5393
RELIANCE,14,Results for Jul-Sep 2024 (Q2 FY25),Q2 FY25,Jul-Sep 2024,-6.0201,1.5813,-1.9689,-1.9689,-2.1389
ADANIGREEN,15,Results for Oct-Dec 2024 (Q3 FY25),Q3 FY25,Oct-Dec 2024,3.4835,1.1276,-3.2411,-3.2411,-3.4111
ASTRAL,15,Results for Oct-Dec 2024 (Q3 FY25),Q3 FY25,Oct-Dec 2024,-8.5026,1.2293,2.4613,2.4613,2.2913
BHARATFORG,15,Results for Oct-Dec 2024 (Q3 FY25),Q3 FY25,Oct-Dec 2024,-4.2767,1.2333,-5.2460,-5.2460,-5.4160
BPCL,15,Results for Oct-Dec 2024 (Q3 FY25),Q3 FY25,Oct-Dec 2024,-3.3223,1.2339,-2.1696,-2.1696,-2.3396
COALINDIA,15,Results for Oct-Dec 2024 (Q3 FY25),Q3 FY25,Oct-Dec 2024,2.5393,1.5024,-3.9758,-3.9758,-4.1459
CUMMINSIND,15,Results for Oct-Dec 2024 (Q3 FY25),Q3 FY25,Oct-Dec 2024,-13.8909,1.1600,9.5331,9.5331,9.3631
DMART,15,Results for Oct-Dec 2024 (Q3 FY25),Q3 FY25,Oct-Dec 2024,4.3216,2.9710,-9.0773,-9.0773,-9.2473
GAIL,15,Results for Oct-Dec 2024 (Q3 FY25),Q3 FY25,Oct-Dec 2024,-9.0712,1.0094,6.5862,6.5862,6.4162
GODREJPROP,15,Results for Oct-Dec 2024 (Q3 FY25),Q3 FY25,Oct-Dec 2024,-11.5002,1.0837,-2.3930,-2.3930,-2.5630
HAVELLS,15,Results for Oct-Dec 2024 (Q3 FY25),Q3 FY25,Oct-Dec 2024,-6.8177,1.3889,3.2013,3.2013,3.0313
KALYANKJIL,15,Results for Oct-Dec 2024 (Q3 FY25),Q3 FY25,Oct-Dec 2024,-38.2457,2.7941,14.8094,14.8094,14.6394
PFC,15,Results for Oct-Dec 2024 (Q3 FY25),Q3 FY25,Oct-Dec 2024,0.5817,1.1042,-2.8990,-2.8990,-3.0690
PIIND,15,Results for Oct-Dec 2024 (Q3 FY25),Q3 FY25,Oct-Dec 2024,-0.6444,1.3199,-0.8136,-0.8136,-0.9836
PRESTIGE,15,Results for Oct-Dec 2024 (Q3 FY25),Q3 FY25,Oct-Dec 2024,-21.2052,2.1526,6.8154,6.8154,6.6454
RECLTD,15,Results for Oct-Dec 2024 (Q3 FY25),Q3 FY25,Oct-Dec 2024,-17.2241,1.3129,3.2569,3.2569,3.0869
SHRIRAMFIN,15,Results for Oct-Dec 2024 (Q3 FY25),Q3 FY25,Oct-Dec 2024,-7.5292,1.2005,-1.2893,-1.2893,-1.4593
SIEMENS,15,Results for Oct-Dec 2024 (Q3 FY25),Q3 FY25,Oct-Dec 2024,-9.1046,1.2613,-4.6150,-4.6150,-4.7850
TIINDIA,15,Results for Oct-Dec 2024 (Q3 FY25),Q3 FY25,Oct-Dec 2024,-6.7277,1.2709,-6.9588,-6.9588,-7.1288
TRENT,15,Results for Oct-Dec 2024 (Q3 FY25),Q3 FY25,Oct-Dec 2024,-16.4830,1.5886,-4.8698,-4.8698,-5.0398
ASTRAL,16,Results for Jan-Mar 2025 (Q4 FY25),Q4 FY25,Jan-Mar 2025,1.5796,1.5275,1.8137,1.8137,1.6437
CDSL,16,Results for Jan-Mar 2025 (Q4 FY25),Q4 FY25,Jan-Mar 2025,8.1430,1.2654,-4.5434,-4.5434,-4.7134
DLF,16,Results for Jan-Mar 2025 (Q4 FY25),Q4 FY25,Jan-Mar 2025,3.9187,1.3133,6.1529,6.1529,5.9829
HCLTECH,16,Results for Jan-Mar 2025 (Q4 FY25),Q4 FY25,Jan-Mar 2025,-12.7978,1.1601,10.6281,10.6281,10.4581
HEROMOTOCO,16,Results for Jan-Mar 2025 (Q4 FY25),Q4 FY25,Jan-Mar 2025,0.5028,1.1423,5.4627,5.4627,5.2927
INFY,16,Results for Jan-Mar 2025 (Q4 FY25),Q4 FY25,Jan-Mar 2025,-17.8712,1.7237,1.7674,1.7674,1.5974
LTM,16,Results for Jan-Mar 2025 (Q4 FY25),Q4 FY25,Jan-Mar 2025,-8.6142,1.2256,5.4778,5.4778,5.3078
MPHASIS,16,Results for Jan-Mar 2025 (Q4 FY25),Q4 FY25,Jan-Mar 2025,-1.1109,1.1349,5.6856,5.6856,5.5156
NATIONALUM,16,Results for Jan-Mar 2025 (Q4 FY25),Q4 FY25,Jan-Mar 2025,13.8729,1.1552,1.6852,1.6852,1.5152
OBEROIRLTY,16,Results for Jan-Mar 2025 (Q4 FY25),Q4 FY25,Jan-Mar 2025,-2.3470,1.1414,-3.3709,-3.3709,-3.5409
OFSS,16,Results for Jan-Mar 2025 (Q4 FY25),Q4 FY25,Jan-Mar 2025,6.0776,1.3260,1.6300,1.6300,1.4600
SONACOMS,16,Results for Jan-Mar 2025 (Q4 FY25),Q4 FY25,Jan-Mar 2025,-10.5425,1.2100,7.2821,7.2821,7.1121
TATAELXSI,16,Results for Jan-Mar 2025 (Q4 FY25),Q4 FY25,Jan-Mar 2025,-11.3696,1.6073,11.0144,11.0144,10.8444
TECHM,16,Results for Jan-Mar 2025 (Q4 FY25),Q4 FY25,Jan-Mar 2025,-9.6225,1.1838,6.1356,6.1356,5.9656
AUROPHARMA,17,Results for Apr-Jun 2025 (Q1 FY26),Q1 FY26,Apr-Jun 2025,1.1197,1.4379,-5.3004,-5.3004,-5.4704
COLPAL,17,Results for Apr-Jun 2025 (Q1 FY26),Q1 FY26,Apr-Jun 2025,-0.9356,1.1258,-4.5733,-4.5733,-4.7433
DMART,17,Results for Apr-Jun 2025 (Q1 FY26),Q1 FY26,Apr-Jun 2025,1.2369,1.0335,-4.3380,-4.3380,-4.5080
GODREJCP,17,Results for Apr-Jun 2025 (Q1 FY26),Q1 FY26,Apr-Jun 2025,-0.6750,1.4050,-2.7096,-2.7096,-2.8796
HAVELLS,17,Results for Apr-Jun 2025 (Q1 FY26),Q1 FY26,Apr-Jun 2025,-1.4085,1.1947,3.0114,3.0114,2.8414
JUBLFOOD,17,Results for Apr-Jun 2025 (Q1 FY26),Q1 FY26,Apr-Jun 2025,-4.8497,1.1869,0.2361,0.2361,0.0661
NAUKRI,17,Results for Apr-Jun 2025 (Q1 FY26),Q1 FY26,Apr-Jun 2025,-5.6408,1.3521,-0.0651,-0.0651,-0.2351
PHOENIXLTD,17,Results for Apr-Jun 2025 (Q1 FY26),Q1 FY26,Apr-Jun 2025,-9.4720,1.2002,3.6369,3.6369,3.4669
SONACOMS,17,Results for Apr-Jun 2025 (Q1 FY26),Q1 FY26,Apr-Jun 2025,-2.7262,1.2047,-0.4983,-0.4983,-0.6683
BOSCHLTD,18,Results for Jul-Sep 2025 (Q2 FY26),Q2 FY26,Jul-Sep 2025,-6.5848,1.0179,1.2350,1.2350,1.0650
CONCOR,18,Results for Jul-Sep 2025 (Q2 FY26),Q2 FY26,Jul-Sep 2025,-3.5483,1.3137,1.6741,1.6741,1.5041
CROMPTON,18,Results for Jul-Sep 2025 (Q2 FY26),Q2 FY26,Jul-Sep 2025,-6.8033,1.4612,-2.4611,-2.4611,-2.6311
GLENMARK,18,Results for Jul-Sep 2025 (Q2 FY26),Q2 FY26,Jul-Sep 2025,-7.0534,1.0693,1.1642,1.1642,0.9942
GODREJCP,18,Results for Jul-Sep 2025 (Q2 FY26),Q2 FY26,Jul-Sep 2025,-10.5811,1.3179,6.4272,6.4272,6.2572
PATANJALI,18,Results for Jul-Sep 2025 (Q2 FY26),Q2 FY26,Jul-Sep 2025,-3.0096,1.0455,-4.3965,-4.3965,-4.5665
TATAELXSI,18,Results for Jul-Sep 2025 (Q2 FY26),Q2 FY26,Jul-Sep 2025,-2.6128,1.0100,0.4080,0.4080,0.2380
ADANIENT,19,Results for Oct-Dec 2025 (Q3 FY26),Q3 FY26,Oct-Dec 2025,-8.2651,1.5891,14.2536,14.2536,14.0836
BLUESTARCO,19,Results for Oct-Dec 2025 (Q3 FY26),Q3 FY26,Oct-Dec 2025,-2.4853,1.3598,8.7325,8.7325,8.5625
CDSL,19,Results for Oct-Dec 2025 (Q3 FY26),Q3 FY26,Oct-Dec 2025,-7.5835,1.0971,-6.4604,-6.4604,-6.6304
CGPOWER,19,Results for Oct-Dec 2025 (Q3 FY26),Q3 FY26,Oct-Dec 2025,-11.0533,2.0560,1.9277,1.9277,1.7577
CIPLA,19,Results for Oct-Dec 2025 (Q3 FY26),Q3 FY26,Oct-Dec 2025,-6.6073,1.6739,-4.1363,-4.1363,-4.3063
CROMPTON,19,Results for Oct-Dec 2025 (Q3 FY26),Q3 FY26,Oct-Dec 2025,-4.2336,1.6154,7.7054,7.7054,7.5354
DIVISLAB,19,Results for Oct-Dec 2025 (Q3 FY26),Q3 FY26,Oct-Dec 2025,-7.3413,1.1634,1.2758,1.2758,1.1058
DIXON,19,Results for Oct-Dec 2025 (Q3 FY26),Q3 FY26,Oct-Dec 2025,-15.6623,1.1999,2.5516,2.5516,2.3816
DLF,19,Results for Oct-Dec 2025 (Q3 FY26),Q3 FY26,Oct-Dec 2025,-7.4830,2.2924,-3.9811,-3.9811,-4.1511
DMART,19,Results for Oct-Dec 2025 (Q3 FY26),Q3 FY26,Oct-Dec 2025,-3.2181,1.7392,0.9781,0.9781,0.8081
ETERNAL,19,Results for Oct-Dec 2025 (Q3 FY26),Q3 FY26,Oct-Dec 2025,-0.1872,1.8053,-1.7013,-1.7013,-1.8713
GODREJPROP,19,Results for Oct-Dec 2025 (Q3 FY26),Q3 FY26,Oct-Dec 2025,-15.5612,2.0038,0.0361,0.0361,-0.1339
HAL,19,Results for Oct-Dec 2025 (Q3 FY26),Q3 FY26,Oct-Dec 2025,-7.5649,2.6429,1.0662,1.0662,0.8962
ITC,19,Results for Oct-Dec 2025 (Q3 FY26),Q3 FY26,Oct-Dec 2025,-17.9327,1.0508,1.1048,1.1048,0.9348
KALYANKJIL,19,Results for Oct-Dec 2025 (Q3 FY26),Q3 FY26,Oct-Dec 2025,-21.3982,1.2713,13.2526,13.2526,13.0826
LODHA,19,Results for Oct-Dec 2025 (Q3 FY26),Q3 FY26,Oct-Dec 2025,-12.5434,1.5555,5.5806,5.5806,5.4106
MAXHEALTH,19,Results for Oct-Dec 2025 (Q3 FY26),Q3 FY26,Oct-Dec 2025,-3.2791,1.4428,3.5930,3.5930,3.4230
NAUKRI,19,Results for Oct-Dec 2025 (Q3 FY26),Q3 FY26,Oct-Dec 2025,-11.3892,1.9157,-4.0186,-4.0186,-4.1886
PREMIERENE,19,Results for Oct-Dec 2025 (Q3 FY26),Q3 FY26,Oct-Dec 2025,-15.8537,1.1206,-6.5714,-6.5714,-6.7414
PRESTIGE,19,Results for Oct-Dec 2025 (Q3 FY26),Q3 FY26,Oct-Dec 2025,-10.2700,2.2486,4.9237,4.9237,4.7537
SBICARD,19,Results for Oct-Dec 2025 (Q3 FY26),Q3 FY26,Oct-Dec 2025,-6.8084,1.0551,-0.1309,-0.1309,-0.3009
SUZLON,19,Results for Oct-Dec 2025 (Q3 FY26),Q3 FY26,Oct-Dec 2025,-7.1499,1.1769,-2.2198,-2.2198,-2.3898
SWIGGY,19,Results for Oct-Dec 2025 (Q3 FY26),Q3 FY26,Oct-Dec 2025,-18.2494,1.5635,-0.5774,-0.5774,-0.7474
TIINDIA,19,Results for Oct-Dec 2025 (Q3 FY26),Q3 FY26,Oct-Dec 2025,-7.6652,1.7641,3.7592,3.7592,3.5892
WAAREEENER,19,Results for Oct-Dec 2025 (Q3 FY26),Q3 FY26,Oct-Dec 2025,-10.1645,1.4599,3.6179,3.6179,3.4479
BANKINDIA,20,Results for Jan-Mar 2026 (Q4 FY26),Q4 FY26,Jan-Mar 2026,-4.8379,1.1375,1.1148,1.1148,0.9448
HCLTECH,20,Results for Jan-Mar 2026 (Q4 FY26),Q4 FY26,Jan-Mar 2026,3.6261,1.0662,-10.8849,-10.8849,-11.0549
HDFCBANK,20,Results for Jan-Mar 2026 (Q4 FY26),Q4 FY26,Jan-Mar 2026,-6.8379,1.0990,2.0523,2.0523,1.8823
HDFCLIFE,20,Results for Jan-Mar 2026 (Q4 FY26),Q4 FY26,Jan-Mar 2026,-3.9126,1.3389,-0.3321,-0.3321,-0.5021
HINDPETRO,20,Results for Jan-Mar 2026 (Q4 FY26),Q4 FY26,Jan-Mar 2026,4.4763,1.0109,0.1528,0.1528,-0.0172
JIOFIN,20,Results for Jan-Mar 2026 (Q4 FY26),Q4 FY26,Jan-Mar 2026,0.1320,1.1773,-2.2509,-2.2509,-2.4209
LTM,20,Results for Jan-Mar 2026 (Q4 FY26),Q4 FY26,Jan-Mar 2026,9.3540,1.0279,-10.3087,-10.3087,-10.4787
TCS,20,Results for Jan-Mar 2026 (Q4 FY26),Q4 FY26,Jan-Mar 2026,3.6877,1.1750,-0.5708,-0.5708,-0.7408
WIPRO,20,Results for Jan-Mar 2026 (Q4 FY26),Q4 FY26,Jan-Mar 2026,2.7421,1.4523,0.7585,0.7585,0.5885
COCHINSHIP,21,Results for Apr-Jun 2026 (Q1 FY27),Q1 FY27,Apr-Jun 2026,6.6869,1.1070,-3.2164,-3.2164,-3.3864
DMART,21,Results for Apr-Jun 2026 (Q1 FY27),Q1 FY27,Apr-Jun 2026,-3.4088,1.4201,-4.0480,-4.0480,-4.2180
HAVELLS,21,Results for Apr-Jun 2026 (Q1 FY27),Q1 FY27,Apr-Jun 2026,-0.4036,1.5497,1.9440,1.9440,1.7740
HCLTECH,21,Results for Apr-Jun 2026 (Q1 FY27),Q1 FY27,Apr-Jun 2026,-2.7432,1.1195,1.6331,1.6331,1.4631
INDIANB,21,Results for Apr-Jun 2026 (Q1 FY27),Q1 FY27,Apr-Jun 2026,-11.6575,1.1792,9.2309,9.2309,9.0609
KAYNES,21,Results for Apr-Jun 2026 (Q1 FY27),Q1 FY27,Apr-Jun 2026,16.7458,1.1180,-4.2007,-4.2007,-4.3707
KPITTECH,21,Results for Apr-Jun 2026 (Q1 FY27),Q1 FY27,Apr-Jun 2026,-20.9462,1.3736,1.3019,1.3019,1.1319
MFSL,21,Results for Apr-Jun 2026 (Q1 FY27),Q1 FY27,Apr-Jun 2026,-9.2150,1.1004,2.5959,2.5959,2.4259
PFC,21,Results for Apr-Jun 2026 (Q1 FY27),Q1 FY27,Apr-Jun 2026,0.2478,1.2550,-7.8191,-7.8191,-7.9891
UNIONBANK,21,Results for Apr-Jun 2026 (Q1 FY27),Q1 FY27,Apr-Jun 2026,-0.9754,1.1963,-0.9279,-0.9279,-1.0979
