setup,dir,outcome,note,n,nq,avg,avg_net,avg_q,win,med,top5_share,avg_wo_top5,pct_q_pos,is_n,is_avg,oos_n,oos_nq,oos_avg,all_n,all_avg,preFO_n,preFO_avg,placebo_n,placebo_avg,placebo_is,placebo_oos,placebo_dropped,shuffle_p
L01_lag1w_10,long,3day,POST-HOC idea from earlier work (lagged Nifty >10% in the week),22,12,2.2405755413245636,2.0705755413245637,2.225918284705809,59.09090909090909,1.9483223204417996,1.1501619920585737,-0.4354049591850765,58.333333333333336,15,2.979890755764433,7,3,0.6563286532391287,47,3.2554983079748703,25,4.148630342627141,698,1.3964649558022915,1.707247862241887,1.102995860306406,,0.0245
L01_lag1w_10,long,tp,POST-HOC idea from earlier work (lagged Nifty >10% in the week),22,12,1.9616706942402635,1.7916706942402636,1.812486428534701,63.63636363636363,2.477204960386095,1.0099252961541907,-0.02519668100831057,58.333333333333336,15,2.210845511898949,7,3,1.4277246564002244,47,2.405585644466437,25,2.79623080066547,698,1.030534041045845,1.4130213020648965,0.6693552625348187,,0.034
L01a_lag1w_06,long,3day,stability variant of L01,126,21,0.5699318734816655,0.3999318734816655,0.7454862289804205,47.61904761904761,-0.16519376516803,1.1885631974083868,-0.11190901010289707,66.66666666666666,71,0.8314919698715886,55,8,0.23228156723285592,223,1.0438299345366318,97,1.6594088592059697,4250,0.757055805672941,0.9536277646881718,0.5196377253038958,,0.05
L01a_lag1w_06,long,tp,stability variant of L01,126,21,0.2694027006791974,0.09940270067919744,0.31945196793400643,53.17460317460318,0.8025614321104501,1.917183379616497,-0.2573020794655493,66.66666666666666,71,0.39263134404175737,55,8,0.11032572470207494,223,0.6730547781807608,97,1.1973863427704203,4250,0.5894812102611766,0.8027513147526883,0.3318952399012988,,0.165
L01b_lag1w_08,long,3day,stability variant of L01,39,16,2.2360891711275612,2.0660891711275613,2.405724941865645,64.1025641025641,2.06007859867467,0.7068919205207516,0.7518004793308299,75.0,25,3.0442397495359037,14,6,0.7929631382555221,85,2.5420728325899153,46,2.8014937629601744,1655,1.074426977057401,1.3288094040449432,0.7784787940261434,,0.005
L01b_lag1w_08,long,tp,stability variant of L01,39,16,1.5975150415461072,1.4275150415461073,1.7750450677913823,66.66666666666666,3.01349002753016,0.7135726214705601,0.5248620522042543,81.25,25,2.007488556922927,14,6,0.8654194783732161,85,1.8290386824313543,46,2.0253304649210206,1655,0.8260416533716011,1.0947811730337078,0.513390447490196,,0.0175
L01c_lag1w_12,long,3day,stability variant of L01,9,6,3.8025151198221003,3.6325151198221004,5.059153872618597,77.77777777777779,2.95277910658421,1.0233166723140765,-0.19948949779097988,83.33333333333334,7,4.172158798195942,2,1,2.508762245513655,22,3.7584633896485373,13,3.727966037989916,323,1.7155778298761606,1.6284120256578942,1.7930585447368415,,0.0275
L01c_lag1w_12,long,tp,stability variant of L01,9,6,2.578845109069681,2.408845109069681,3.2286981420841987,77.77777777777779,3.01349002753016,0.9959179610019826,0.023685629186405086,100.0,7,2.9417505286092984,2,1,1.3086761406810201,22,2.748615131327459,13,2.866148223659767,323,1.284872803869969,1.3001269039473682,1.2713136038011696,,0.0775
L01d_lag1w_15,long,3day,stability variant of L01,3,3,6.42791667596231,6.257916675962311,6.42791667596231,66.66666666666666,4.38646992342652,1.0000000000000002,,66.66666666666666,3,6.42791667596231,0,0,,11,5.330114762050475,8,4.918439044333537,121,1.821856409504132,1.6762828076923062,1.931564051449277,,0.0265
L01d_lag1w_15,long,tp,stability variant of L01,3,3,2.777103786081973,2.6071037860819732,2.777103786081973,66.66666666666666,3.1797962793952403,1.0,,66.66666666666666,3,2.777103786081973,0,0,,11,3.735362419266566,8,4.094709406710788,121,1.037064243801653,1.4588728269230764,0.7191795144927543,,0.1455
L02_lag1m_15,long,3day,1-month lag vs Nifty below -15%,51,16,2.091777451842922,1.9217774518429223,2.089522343183922,64.70588235294117,1.8950138266956198,0.6908434392060375,0.7169787580622597,87.5,29,2.5440590584812415,22,6,1.4955880612742296,96,1.7453867436187969,45,1.3528106076314543,2146,0.625115684324324,0.7707584961981127,0.48295971693370154,,0.0
L02_lag1m_15,long,tp,1-month lag vs Nifty below -15%,51,16,2.2353916596039483,2.0653916596039483,2.154194788606062,72.54901960784314,3.01349002753016,0.5196963273239575,1.1903697396268627,93.75,29,2.1208789932059764,22,6,2.3863401744012744,96,1.5273008762976477,45,0.7247979885505068,2146,0.4859668672087604,0.7372087005566034,0.24074003171270725,,0.0
L03_below50_10,long,3day,10%+ below 50-day average,140,19,0.8017080375066262,0.6317080375066262,1.5203392637230866,55.00000000000001,1.0391249127048652,0.6745493608045787,0.2705799633751808,73.68421052631578,64,1.6389293832908793,76,7,0.0966795357935711,200,1.1434369480489113,60,1.9408044059809098,7623,0.754018248034894,0.9193620510139644,0.6282057077223375,,0.0015
L03_below50_10,long,tp,10%+ below 50-day average,140,19,0.9516690214566815,0.7816690214566815,2.008074178009972,62.142857142857146,2.48597551252486,0.5035072461028886,0.4899966537527673,78.94736842105263,64,1.5452954703586175,76,7,0.45177306448663035,200,1.0653899859148654,60,1.3307389029839607,7623,0.6613570098701298,0.8422659481511839,0.5237007283506583,,0.0005
L04_streak5,long,3day,5+ down closes in a row into the cutoff,89,21,0.15593047212010988,-0.014069527879890121,0.40902444380369,46.06741573033708,-0.49966043224667,3.906542852345581,-0.4801958967752187,52.38095238095239,51,1.199293350937233,38,8,-1.2443723389239243,129,1.0513351967460358,40,3.0436107090387208,3102,0.44840027971341034,0.6171139189987068,0.2805546205659161,,0.262
L04_streak5,long,tp,5+ down closes in a row into the cutoff,89,21,-0.006503925212313779,-0.17650392521231376,0.4350152822585366,49.43820224719101,-0.17167684536829,,-0.589259307274732,57.14285714285714,51,0.824987011715456,38,8,-1.1224522879311627,129,0.723086532585143,40,2.346425301184484,3102,0.38384295582559624,0.575855592172592,0.1928181658392282,,0.39
L05_at52wlow,long,3day,within 2% of 52-week low,78,20,0.9864015612699802,0.8164015612699802,0.0084981618528749,50.0,0.05219425933713001,0.8070520858432956,0.2033600226561758,55.00000000000001,43,1.3360236392743001,35,8,0.5568658654361017,95,1.3538408310637902,17,3.0397386571765646,4586,0.5409208419123416,0.5261350781898063,0.5496875312747478,,0.0185
L05_at52wlow,long,tp,within 2% of 52-week low,78,20,0.8393472247273291,0.6693472247273291,-0.1328824361824875,53.84615384615385,1.099703889951605,0.7280116473945318,0.24392915308999352,55.00000000000001,43,1.0715870859520449,35,8,0.5540239666512496,95,1.052226525233916,17,2.028966845205316,4586,0.46937752532708227,0.4798157060398358,0.46318857969433813,,0.029
L06_capit_vol,long,3day,capitulation volume: 2x volume and week down 5%+,22,11,2.3454002216183025,2.1754002216183026,3.183523072364399,68.18181818181817,2.3299477550307652,1.053923266453923,-0.16366918258888954,72.72727272727273,12,3.3604899372612373,10,4,1.1272925628467803,30,1.8728639060280556,8,0.573389038154877,10336,0.6080439910613388,0.9017156725643467,0.3054888998251815,volume_5d_vs_60d,0.016
L06_capit_vol,long,tp,capitulation volume: 2x volume and week down 5%+,22,11,2.004552108711955,1.8345521087119547,2.8689188688562193,72.72727272727273,2.79937571100925,0.9647355054869396,0.09148055120317403,72.72727272727273,12,2.9934522331888274,10,4,0.8178719593397079,30,1.77886202210464,8,1.1582142839345257,10336,0.48676312481230655,0.740188363670162,0.22567190937143985,volume_5d_vs_60d,0.0275
L07_past_pos,long,3day,history of big positive results reactions,155,19,0.0745601824686759,-0.09543981753132409,-0.011363484857963482,48.38709677419355,-0.5373570869357,7.52389580372271,-0.5026369569166006,52.63157894736842,94,0.5701534263096646,61,8,-0.6891408818108804,265,0.7875611527991679,110,1.792244338264861,6002,0.05229342420359882,0.168044496628131,-0.12521761257070482,,0.363
L07_past_pos,long,tp,history of big positive results reactions,155,19,-0.20152736749145514,-0.3715273674914551,-0.30334645391781856,50.32258064516129,0.05977424270451,,-0.5898750484110158,47.368421052631575,94,0.23875998871502277,61,8,-0.8800029655801259,265,0.42769736152848353,110,1.3143322069656698,6002,0.029098898805398368,0.13834748700522995,-0.13844019825242693,,0.6285
L08_goodprev_drop,long,3day,"last results reaction +5%+, stock down 10%+ in the month since",35,11,0.9566858939209968,0.7866858939209967,1.508741755734435,62.857142857142854,1.76000433261998,1.4321240387913092,-0.4823081343917841,72.72727272727273,19,2.429499456992055,16,4,-0.7922802122258843,62,1.5405397203119249,27,2.297387273040905,1223,0.8058155876369582,1.0464372706730773,0.6817776444609663,,0.0655
L08_goodprev_drop,long,tp,"last results reaction +5%+, stock down 10%+ in the month since",35,11,0.7613161073651115,0.5913161073651114,1.4019655110572409,62.857142857142854,2.0830387996859603,1.3914725046837668,-0.3477067106407016,81.81818181818183,19,1.9977366206307936,16,4,-0.7069332521378855,62,1.0433742668921373,27,1.4090052144271705,1223,0.7025786707113656,0.8703295451923082,0.6161048618091697,,0.0915
L09_iv_oversold,long,3day,options price a big move and stock lagged Nifty 10%+ in a month,36,13,-0.12765399098361474,-0.2976539909836148,-0.42146911334717635,47.22222222222222,-0.16943396703437502,,-1.5613450477322557,46.15384615384615,28,-0.5153961551499405,8,4,1.2294435835985253,36,-0.12765399098361474,0,,7942,0.48112925748262386,0.6300322355842904,0.308414761533859,iv_vs_realised,0.4695
L09_iv_oversold,long,tp,options price a big move and stock lagged Nifty 10%+ in a month,36,13,-0.49414700870344047,-0.6641470087034405,-0.6958840002674473,50.0,0.24516762066281,,-1.43516697812505,46.15384615384615,28,-0.8713344477246772,8,4,0.8260090278708889,36,-0.49414700870344047,0,,7942,0.3771671839255855,0.5554765082642439,0.17034388550176785,iv_vs_realised,0.692
L10_small_oversold,long,3day,"mcap < 25,000 cr and lagged Nifty 10%+ in a month",24,14,-0.269102362668098,-0.439102362668098,-0.29602073514468474,41.66666666666667,-0.650595208077645,,-1.7807716882558648,42.857142857142854,15,0.37574167952570403,9,5,-1.3438424329911012,58,0.7095639512777411,34,1.4003872317100974,631,0.8024649758320122,0.932680946638655,0.6328040211678828,,0.6075
L10_small_oversold,long,tp,"mcap < 25,000 cr and lagged Nifty 10%+ in a month",24,14,0.8518636784064372,0.6818636784064371,0.48329954132232233,54.166666666666664,1.5868493238595398,1.614980068201206,-0.6617421259509737,50.0,15,0.6328476141829023,9,5,1.2168904521123287,58,1.1663215175631232,34,1.388291756967843,631,0.7027291701584784,0.8272114833893556,0.5405387109489049,,0.2075
L11_sector_washout,long,3day,sector down 8%+ in a month and stock 5%+ worse than its sector,21,6,2.1718316740460883,2.0018316740460884,2.7096771470417838,57.14285714285714,1.97304560682365,1.2350542640011382,-0.6700290130764074,66.66666666666666,14,1.2790608426660617,7,3,3.957373336806143,34,1.471097740515754,13,0.3391429248129049,1044,1.1631785482758619,1.2220509839195974,1.1269072953560368,,0.007
L11_sector_washout,long,tp,sector down 8%+ in a month and stock 5%+ worse than its sector,21,6,2.9441799111635776,2.7741799111635776,2.907155479000938,66.66666666666666,4.3996593812091795,0.7747204059299666,0.8705335475236019,66.66666666666666,14,2.5135292376516967,7,3,3.80548125818734,34,1.4522550169058555,13,-0.9577775045873883,1044,1.039130199808429,1.0448538771356783,1.0356038475232199,,0.0
L12_sigma_drop,long,3day,1-week drop of 2.5+ own-volatility sigmas,20,10,2.2261877759248976,2.0561877759248977,1.6875106523148344,55.00000000000001,2.983134567057185,1.0052897072688534,-0.015701175546857286,70.0,12,3.027874944893693,8,3,1.023657022471705,28,3.0147208605584486,8,4.986053572142327,564,1.335636655319148,1.8446652121568614,0.9155645453074431,,0.0165
L12_sigma_drop,long,tp,1-week drop of 2.5+ own-volatility sigmas,20,10,1.8968769260311484,1.7268769260311485,1.4829505665079248,60.0,3.0966431534627,0.9387578743433213,0.15489170007900474,70.0,12,2.5308723790982963,8,3,0.9458837464304263,28,1.9073792533827787,8,1.9336350717618564,564,1.091524373404255,1.712635376862744,0.5789570404530744,,0.033
L13_cutday_crash,long,3day,cutoff day itself down 5%+,28,17,1.2719302822684084,1.1019302822684085,2.291897594134236,60.71428571428571,1.741108043976085,1.3176369335116445,-0.4918407376525847,64.70588235294117,17,1.423956313502756,11,6,1.0369809612698713,49,2.0072462339563066,21,2.987667502873505,1206,1.826996265895522,2.6857323714086463,0.5678678657873212,,0.076
L13_cutday_crash,long,tp,cutoff day itself down 5%+,28,17,1.351394196387997,1.1813941963879968,1.6991921461134127,71.42857142857143,2.974933705659125,0.7318717424157792,0.4411180518797552,70.58823529411765,17,1.7311164725406318,11,6,0.764550678697561,49,1.479664665911103,21,1.6506919586085782,1206,1.4705203537893867,2.101005351185495,0.5460668913496938,,0.0495
L14_drop3d,long,3day,down 8%+ in the last 3 sessions,30,11,3.1894754641178538,3.019475464117854,3.586411258884058,70.0,2.33375139869647,0.7290660616722953,1.0369645784316406,81.81818181818183,19,4.248980454968323,11,4,1.359421389012498,65,2.3217512362797277,35,1.5779876124184762,1325,1.5639506406943393,1.885191930204359,1.1649809173434849,,0.0
L14_drop3d,long,tp,down 8%+ in the last 3 sessions,30,11,2.595725458376471,2.425725458376471,2.7890017869573978,73.33333333333333,2.8297311714822246,0.6682910148362677,1.0332305490740672,81.81818181818183,19,3.437805299043259,11,4,1.1412239154065644,65,1.9592524843648442,35,1.4137042209263067,1325,1.2827059187698113,1.5616529770708447,0.9362640561759727,,0.001
L15_deep_combo,long,3day,deep washout combo,58,11,1.5340119227742386,1.3640119227742387,1.9584112365833566,55.172413793103445,1.20333091299078,0.8283398637637928,0.28817102542982537,81.81818181818183,28,2.0727509691740513,30,5,1.0311888128010809,94,2.366891432349658,36,3.708752864443389,2857,1.0704968142457119,1.1225066234369445,1.0366648990814555,,0.0025
L15_deep_combo,long,tp,deep washout combo,58,11,1.5046664423459337,1.3346664423459336,2.2730554264897007,60.3448275862069,2.579490893959015,0.6788990815912005,0.5287299441339336,81.81818181818183,28,1.860682827692641,30,5,1.1723844826890069,94,2.024558896611448,36,2.862163406261442,2857,0.9520979484949248,1.0210292383126107,0.907258761704217,,0.0015
L16_breakout_eps,long,3day,near 52w high and last-quarter profit +25% yoy,241,22,0.28186461219131026,0.11186461219131028,-0.3112227643736325,52.282157676348554,0.48357393362757006,0.8790384302752424,0.03481713310027786,59.09090909090909,178,0.2636757047812932,63,8,0.3332554934450097,353,0.16800427393414477,112,-0.07699877535136322,10212,0.24953604099392868,0.3549823962943879,-0.0002858915077532982,,0.436
L16_breakout_eps,long,tp,near 52w high and last-quarter profit +25% yoy,241,22,0.60566580792374,0.43566580792374,0.0577918283225583,55.18672199170125,0.88761385625385,0.39334573233886727,0.37521427569474985,72.72727272727273,178,0.5409669974279949,63,8,0.7884656217053686,353,0.4099690376327324,112,-0.011128477011310492,10212,0.24990213465432828,0.34885812701573604,0.015457073239854863,,0.12
L17_early_strong,long,3day,POST-HOC idea (rounded): early reporter that beat Nifty 6%+ in the week,14,10,2.630265343449633,2.460265343449633,3.379279434506778,42.857142857142854,-0.9462601417648951,1.6618823606502426,-2.7081074761361674,50.0,5,7.485912687989002,9,6,-0.0673165146277943,32,3.362774368983671,18,3.9325036110657,7185,0.2180952425269311,0.48265192942006546,-0.168543615399109,days_after_quarter_end,0.0255
L17_early_strong,long,tp,POST-HOC idea (rounded): early reporter that beat Nifty 6%+ in the week,14,10,1.9526168261896755,1.7826168261896753,2.178173061516254,42.857142857142854,-0.9462601417648951,1.8783113834025236,-2.6677864669021965,50.0,5,6.610460003372401,9,6,-0.6350738278007277,32,2.6405776416293842,18,3.175658275860269,7185,0.19122702763061952,0.43470897944585096,-0.1646119605310033,days_after_quarter_end,0.056
L18_gapdown_oversold,long,3day,cutoff-day gap down 3%+ after a week down 8%+,2,2,-2.586043519695005,-2.756043519695005,-2.586043519695005,50.0,-2.586043519695005,,,50.0,0,,2,2,-2.586043519695005,6,-3.663568825716943,4,-4.2023314787279125,194,2.2788584262886586,3.4000765788235285,1.4045139954128434,,0.743
L18_gapdown_oversold,long,tp,cutoff-day gap down 3%+ after a week down 8%+,2,2,-2.586043519695005,-2.756043519695005,-2.586043519695005,50.0,-2.586043519695005,,,50.0,0,,2,2,-2.586043519695005,6,-4.251212176518184,4,-5.083796504929775,194,1.8603624082474228,2.508556302352941,1.3548901055045866,,0.7515
L19_prevpos_selloff,long,3day,"last results reaction +5%+, lagged Nifty 5%+ this week",38,19,1.4420959457616345,1.2720959457616345,0.9961953535487968,50.0,0.340983144563125,1.2766121842220246,-0.45934090175043474,57.89473684210527,24,3.079140685861731,14,7,-1.3642664658385302,68,1.6073737912123323,30,1.8167257287832135,1081,0.5207115530804807,0.7678580409356724,0.2974965033098587,,0.034
L19_prevpos_selloff,long,tp,"last results reaction +5%+, lagged Nifty 5%+ this week",38,19,0.6516564564956647,0.48165645649566474,0.46922439489802337,52.63157894736842,1.10271818100771,1.8042596911469921,-0.6035102659556231,63.1578947368421,24,1.9086016603704483,14,7,-1.5031067501468207,68,0.8955593711662932,30,1.204503063082422,1081,0.4461734960962072,0.6276107654970762,0.28230497637323926,,0.1785
L20_peers_strong,long,3day,peers that already reported moved +4%+ on average,280,22,-0.4161128078122138,-0.5861128078122139,-0.24162518346108278,43.92857142857143,-0.772684090915415,,-0.8374337463294591,45.45454545454545,140,0.3386599671241859,140,8,-1.1708855827486135,414,0.03900677953367882,134,0.9900029321967381,128254,0.2447287499948305,0.36929272659265044,0.08457950563141574,peers_reported_3d,0.9625
L20_peers_strong,long,tp,peers that already reported moved +4%+ on average,280,22,-0.39011689919017495,-0.5601168991901749,-0.2364406200619949,46.785714285714285,-0.52165472437946,,-0.7431914000409453,40.909090909090914,140,0.2826396285442584,140,8,-1.0628734269246083,414,0.04045135405895774,134,0.9401462115944592,128254,0.21145492654466147,0.3324800609596213,0.05585549599568731,peers_reported_3d,0.9645
L21_season_oversold,long,3day,season rewarding results and stock lagged 10%+ in a month,33,10,1.9904030044282133,1.8204030044282133,1.8953028357686845,57.57575757575758,1.66470385225795,0.779279887306062,0.5177723282015603,50.0,19,-0.6620314356013363,14,3,5.59013545875403,52,1.9036797539506698,19,1.7530551610159886,7942,0.48112925748262386,0.6300322355842904,0.308414761533859,season_so_far_3d,0.058
L21_season_oversold,long,tp,season rewarding results and stock lagged 10%+ in a month,33,10,1.418835054344884,1.248835054344884,1.4999904693538568,57.57575757575758,1.66470385225795,0.9369986780330382,0.10535071337622122,50.0,19,-0.8299494779928069,14,3,4.470756919660322,52,1.0413347746908284,19,0.38567639423904726,7942,0.3771671839255855,0.5554765082642439,0.17034388550176785,season_so_far_3d,0.13
L22_big_washout,long,3day,union of extreme oversold flags,56,15,1.6444555617768692,1.4744555617768693,1.433840551709686,55.35714285714286,1.53462073266146,0.8003042475204538,0.3605859663995992,73.33333333333333,29,2.363923455792742,27,6,0.8716937496857466,105,2.464599752700133,49,3.401907399469578,2713,0.9582323252819751,1.3772900268389823,0.6356699718330067,,0.002
L22_big_washout,long,tp,union of extreme oversold flags,56,15,1.8594208262452356,1.6894208262452355,1.6221149903716352,64.28571428571429,2.943739135880045,0.5689940593011568,0.8799921500542645,73.33333333333333,29,1.832388572438759,27,6,1.8884554692225615,105,1.907978421961671,49,1.9634728170661686,2713,0.755693247106524,1.2233168618474572,0.3957481294324852,,0.0005
L23_quality_oversold,long,3day,"profit rising 4 quarters, lagged Nifty 8%+ in a month",51,16,-0.5982029191455758,-0.7682029191455757,-1.6252158943062625,43.13725490196079,-0.5373214331807801,,-1.7860012385643196,43.75,30,-0.2696344961358192,21,6,-1.0675863805880845,78,0.2672904877869018,27,1.9021113675482486,1885,0.46538539398992046,0.43715537921917813,0.5197851584782609,,0.8245
L23_quality_oversold,long,tp,"profit rising 4 quarters, lagged Nifty 8%+ in a month",51,16,-0.3435168923962356,-0.5135168923962357,-1.326723762771637,50.98039215686274,0.89938950295656,,-1.2807432351365278,43.75,30,-0.01659837813588208,21,6,-0.8105433413395973,78,0.32132047848357703,27,1.577124401256556,1885,0.4068526355602125,0.41057303828444847,0.3996833501863355,,0.744
L24_high_iv,long,3day,options price a very big move (long),184,21,-0.5384324376203078,-0.7084324376203077,0.5535162600196986,42.934782608695656,-0.78730823846837,,-0.9324693401458962,38.095238095238095,112,-0.3660350278458439,72,8,-0.8066061861583627,184,-0.5384324376203078,0,,128254,0.2447287499948305,0.36929272659265044,0.08457950563141574,iv_vs_realised,0.844
L24_high_iv,long,tp,options price a very big move (long),184,21,-0.47904698678847096,-0.649046986788471,0.5243534339377263,46.19565217391305,-0.41816240404726496,,-0.7969246382867485,38.095238095238095,112,-0.32625006495131126,72,8,-0.7167310874240527,184,-0.47904698678847096,0,,128254,0.21145492654466147,0.3324800609596213,0.05585549599568731,iv_vs_realised,0.867
L25_down10_8,long,3day,8+ down closes in last 10 sessions,154,20,0.4106478249733767,0.24064782497337667,-0.21051043331096067,49.35064935064935,-0.0980147022728,1.053984323804666,-0.02291245606422023,50.0,71,0.3914700188976405,83,8,0.4270529361947896,219,0.6934694801833255,65,1.3635392479115116,5259,0.4522730190169232,0.6518975713486587,0.2555874465043411,,0.056
L25_down10_8,long,tp,8+ down closes in last 10 sessions,154,20,0.5075722405731073,0.3375722405731073,-0.18733889093011455,53.246753246753244,0.49696886959151,0.8161521820494309,0.09644745991794425,55.00000000000001,71,0.4830647479419788,83,8,0.5285364812575667,219,0.6998713918007023,65,1.155472457786081,5259,0.39881488351017297,0.6006245524636014,0.19997636483578712,,0.0305
S01_runup1w_10,short,3day,beat Nifty 10%+ in the week,37,13,0.21093798360006535,0.040937983600065356,1.2604750524579635,62.16216216216216,1.26147737612704,7.773060949511599,-1.6519295412856831,69.23076923076923,22,1.1410391362559107,15,5,-1.1532103736285073,115,-0.23374485965282793,78,-0.44468415709330317,1655,-0.2615345549184291,-0.6096274635267035,0.40283960808435837,,0.326
S01_runup1w_10,short,tp,beat Nifty 10%+ in the week,37,13,0.6131355972148952,0.4431355972148952,1.3847307883869853,67.56756756756756,3.05354956471736,1.3386598410962045,-0.24008884203622644,69.23076923076923,22,1.6500278996719686,15,5,-0.907639779722146,115,-0.13021235213594795,78,-0.4828261229818604,1655,-0.16443522654380646,-0.4447640363996314,0.37060359156414774,,0.1715
S02_runup1m_20,short,3day,beat Nifty 20%+ in the month,58,16,1.056778074531347,0.8867780745313472,2.2407376006493287,56.896551724137936,0.79389861586515,1.11193610106557,-0.12945120389750792,75.0,32,2.8460837866005715,26,6,-1.1454443403230827,148,-0.05137536021154643,90,-0.7655186848236337,2362,-0.25374998803132953,-0.49474098293471636,0.2925629312586442,,0.062
S02_runup1m_20,short,tp,beat Nifty 20%+ in the month,58,16,0.0859600728406282,-0.08403992715937178,0.9641979292718749,56.896551724137936,0.79389861586515,7.496172169118649,-0.611091756695786,75.0,32,1.704329005655359,26,6,-1.9058786137005785,148,-0.5498169562699805,90,-0.9595399305857061,2362,-0.1135979365918712,-0.29580387579621703,0.29945259502074684,,0.413
S03_above50_20,short,3day,20%+ above 50-day average,45,14,0.841167681370116,0.671167681370116,1.5303605506548787,60.0,1.26554137936204,1.7441195277614534,-0.7041704600579933,71.42857142857143,29,1.8890689064520991,16,4,-1.0581532890909777,130,0.9181482497970097,85,0.9589026683759537,2248,-0.3753221106450179,-0.45075952540700825,-0.019249834860050795,,0.0975
S03_above50_20,short,tp,20%+ above 50-day average,45,14,1.1199284069418947,0.9499284069418946,1.323927083000896,64.44444444444444,3.10913017325538,0.7215498200622736,0.35082479973413433,78.57142857142857,29,2.6495050569078233,16,4,-1.652429271121351,130,0.8130891414013403,85,0.6506448243504583,2248,-0.21186472556494643,-0.24939482348787043,-0.03471884351145016,,0.03
S04_upstreak6,short,3day,6+ up closes in a row,53,19,-0.9302564708524632,-1.1002564708524631,-1.016976888064107,47.16981132075472,-0.41358694258641004,,-1.853127340189444,31.57894736842105,34,-0.9773111795707304,19,7,-0.8460533078829321,72,-0.9044568388274806,19,-0.8324894442314765,2189,-0.0640984356920969,-0.36361253566412194,0.3822763890671213,,0.7995
S04_upstreak6,short,tp,6+ up closes in a row,53,19,-0.5577625534845039,-0.7277625534845039,-0.33662145206767846,50.943396226415096,0.005824715111368839,,-1.2779926818177192,42.10526315789473,34,-0.5263844458492856,19,7,-0.6139128513580528,72,-0.46561587283072153,19,-0.20857513205964395,2189,-0.06665510705801733,-0.3535244898625952,0.3608749173720133,,0.63
S05_vol_runup,short,3day,2.5x volume and week up 8%+,6,6,-6.5729435462127395,-6.7429435462127385,-6.5729435462127395,50.0,-4.4321682626498395,,-29.109678910898968,50.0,5,-4.958819048168893,1,1,-14.64356603643197,33,-0.6801140521256072,27,0.629403613227089,5153,-0.45010508949078193,-0.6682924707337804,-0.11279860929841905,volume_5d_vs_60d,0.9925
S05_vol_runup,short,tp,2.5x volume and week up 8%+,6,6,-1.130899300660172,-1.3008993006601721,-1.130899300660172,66.66666666666666,1.8724734204124551,,-14.64356603643197,66.66666666666666,5,1.5716340464941878,1,1,-14.64356603643197,33,-0.32109058523082756,27,-0.14113309291319562,5153,-0.399707105916165,-0.6113698598804725,-0.07248736423913035,volume_5d_vs_60d,0.7255
S06_past_neg,short,3day,history of big negative results reactions,114,18,0.6358222092801289,0.4658222092801289,0.43860918916127356,56.14035087719298,0.5496955377513401,1.0018336572668056,-0.0012193607490506469,50.0,99,0.8105915981163482,15,7,-0.5176557570389189,162,0.4667346790813591,48,0.06515179485928092,4417,-0.15651618167987302,-0.18544495918271706,0.03677836295652149,,0.082
S06_past_neg,short,tp,history of big negative results reactions,114,18,0.5834516834288113,0.4134516834288113,0.5916352532469097,59.64912280701754,0.821689799037105,0.7066017734198309,0.1790361520211735,61.111111111111114,99,0.7711844714946654,15,7,-0.6555847178058255,162,0.42303066982489074,48,0.04203076251557934,4417,-0.11553425056599466,-0.14655035912285222,0.09170729565217388,,0.0965
S07_iv_runup,short,3day,options price a big move after a 15%+ monthly outperformance,12,8,0.026118626901903887,-0.1438813730980961,-2.7983494656116323,50.0,1.4010811219355148,112.14680289489075,-4.97657464483046,37.5,10,1.0092802637722917,2,2,-4.889689557450035,12,0.026118626901903887,0,,5455,-0.3053055735600366,-0.5354578386979472,0.07846910816136912,iv_vs_realised,0.495
S07_iv_runup,short,tp,options price a big move after a 15%+ monthly outperformance,12,8,-0.7499637008292908,-0.9199637008292908,-3.173977521234926,50.0,1.37755763600841,,-4.983295640809634,37.5,10,0.0779814704948581,2,2,-4.889689557450035,12,-0.7499637008292908,0,,5455,-0.21103453921356535,-0.38799339744868006,0.08404111192665044,iv_vs_realised,0.6945
S08_peers_weak,short,3day,peers that already reported fell 4%+ on average,204,22,-0.38249673298213743,-0.5524967329821374,-0.5438843583063853,50.49019607843137,0.027501787585225,,-0.6600983508147551,36.36363636363637,119,-0.35162892955074904,85,8,-0.4257116577860815,296,-0.9063303241348858,92,-2.067874374082285,128254,-0.2447287499948305,-0.36929272659265044,-0.08457950563141574,peers_reported_3d,0.9475
S08_peers_weak,short,tp,peers that already reported fell 4%+ on average,204,22,-0.31894694480620944,-0.48894694480620937,-0.5040811153091964,51.9607843137255,0.240033778707055,,-0.5641628277380445,40.909090909090914,119,-0.32910944903002903,85,8,-0.30471943889286207,296,-0.7675952699379427,92,-1.7624241647952645,128254,-0.207244319340036,-0.3183586083443345,-0.06438705106679485,peers_reported_3d,0.945
S09_cutday_spike,short,3day,cutoff day itself up 6%+,15,12,-3.4476122153014135,-3.6176122153014134,-2.678113742357377,33.33333333333333,-2.46831954885518,,-8.52426197019869,33.33333333333333,11,-5.313206207995143,4,4,1.68277126460634,37,-2.1710568164699255,22,-1.3006781354484558,847,-0.9889880825005902,-1.0805495177111517,-0.8220410656333329,,0.9835
S09_cutday_spike,short,tp,cutoff day itself up 6%+,15,12,-1.461672977494751,-1.6316729774947507,-1.5862266616505516,46.666666666666664,-0.03614106880028,,-4.60568532775004,41.66666666666667,11,-2.620699762942208,4,4,1.725650682485755,37,-1.1904120522389152,22,-1.0054614213826631,847,-0.8608643827839428,-0.8456506037074951,-0.8886041732999995,,0.824
S10_badprev_rally,short,3day,"last results reaction -5% or worse, then rallied 10%+ in a month",77,18,-0.3096083863989147,-0.47960838639891473,0.2535897542624265,50.649350649350644,0.019797900148390002,,-1.060214703243883,50.0,38,0.5319857078966458,39,7,-1.1296231449433072,123,-0.6223515525653949,46,-1.145856417670155,1611,0.04337335507262568,-0.2575269663919373,0.41761289137882995,,0.47
S10_badprev_rally,short,tp,"last results reaction -5% or worse, then rallied 10%+ in a month",77,18,-0.5846820520992523,-0.7546820520992523,-0.12462067635017125,50.649350649350644,0.019797900148390002,,-1.1942056496337474,44.44444444444444,38,0.39611125429889205,39,7,-1.5403268121794955,123,-0.8783268277782077,46,-1.3698626479364595,1611,0.06033133930602132,-0.18030244141993265,0.359615414777159,,0.6415
S11_sigma_rally,short,3day,1-week rally of 3+ own-volatility sigmas,17,7,-1.0497063313645056,-1.2197063313645058,-0.09750687163300058,41.17647058823529,-0.9156380561023599,,-4.43710558618695,42.857142857142854,12,-2.1068435059856196,5,2,1.4874228877261702,35,-1.0483194914427987,18,-1.0470096981834083,578,-0.5998526024048446,-0.8446398692776524,0.20341228074074003,,0.6815
S11_sigma_rally,short,tp,1-week rally of 3+ own-volatility sigmas,17,7,0.8793191295320076,0.7093191295320076,1.3363148349260308,52.94117647058824,3.05761753269705,1.8965252722930257,-1.1168034145512116,71.42857142857143,12,0.3124462722783584,5,2,2.239813986940766,35,0.14199690246259228,18,-0.5543629786585222,578,-0.4461747316435987,-0.6052911288713317,0.07596277925925855,,0.1305
