symbol,quarter,qn,cutoff,lag_pct,vol_ratio_5_60,three_day,take_profit,C1_rsi14_lt30,C2_rsi2_lt10,C3_stoch_lt20,C4_below_lower_bb,C5_cci_lt_m100,C6_mfi_lt20,C7_oversold_ge3,C8_macd_bull_x3,C9_macd_hist_rising,C10_above_sma200,C11_golden_state,C12_near_52w_low,C13_don20_break_dn,C14_bull_candle,C15_nr7,C16_strong_downtrend,C17_obv_bull_div,C18_gap_down,C19_doji
AUBANK,Q4 FY21,0,2021-04-27,-11.7166,1.4655,-7.0023,5.8022,0,0,0,0,0,0,0,0,1,1,1,0,0,1,0,0,0,0,0
BAJFINANCE,Q4 FY21,0,2021-04-23,-11.6724,1.0925,12.7335,4.1858,0,0,0,0,0,0,0,0,1,1,1,0,0,0,0,1,0,1,0
BANDHANBNK,Q4 FY21,0,2021-05-06,-12.7273,1.4878,-1.2782,-1.2782,0,1,1,0,1,0,1,0,0,0,1,0,1,0,0,0,0,0,0
LTF,Q4 FY21,0,2021-04-27,-10.9861,1.0469,-1.4492,3.8440,0,0,1,0,1,0,0,0,1,1,1,0,0,0,1,1,0,0,0
AMBUJACEM,Q2 FY22,2,2021-10-22,-13.5841,1.6685,1.5250,1.5250,0,1,1,1,1,0,1,0,0,1,1,0,1,0,0,1,1,0,0
BIOCON,Q2 FY22,2,2021-10-19,-13.4844,1.1246,-5.9644,-5.9644,0,0,1,1,1,0,1,0,0,0,0,0,0,0,0,0,0,0,0
CROMPTON,Q2 FY22,2,2021-10-20,-11.0980,1.2457,-0.6762,3.0410,0,1,1,1,1,0,1,0,0,1,1,0,1,0,0,0,1,0,0
EICHERMOT,Q2 FY22,2,2021-11-01,-10.0184,1.0455,4.0458,4.0458,0,0,1,0,1,0,0,0,1,0,1,0,0,0,0,1,0,0,0
PIIND,Q2 FY22,2,2021-11-10,-15.4486,1.1348,3.4053,3.4053,0,0,0,0,0,0,0,0,1,1,1,0,0,0,0,1,0,0,0
POLYCAB,Q2 FY22,2,2021-10-20,-12.5918,1.1796,2.0016,2.0016,0,1,1,0,1,0,1,0,0,1,1,0,1,0,0,1,0,0,0
ULTRACEMCO,Q2 FY22,2,2021-10-13,-10.9392,1.1772,-2.4326,-2.4326,0,0,0,0,1,0,0,0,1,1,1,0,0,0,0,0,0,0,0
DIXON,Q3 FY22,3,2022-01-25,-20.0855,1.2427,-3.1687,-3.1687,1,1,1,1,1,0,1,0,0,0,1,0,1,0,0,0,0,0,0
NAUKRI,Q3 FY22,3,2022-01-25,-17.6760,2.4979,8.7454,8.7454,1,1,1,1,1,0,1,0,0,0,1,0,0,0,0,1,0,0,0
PIIND,Q3 FY22,3,2022-02-01,-20.9447,1.7068,4.6853,3.3742,1,0,1,0,1,1,1,0,1,0,0,0,0,0,0,1,0,0,0
TECHM,Q3 FY22,3,2022-01-28,-20.4052,1.6665,5.1397,4.8453,1,1,1,1,1,0,1,0,0,1,1,0,1,0,0,1,0,0,0
ZYDUSLIFE,Q3 FY22,3,2022-02-01,-17.1071,1.2231,0.6575,0.6575,0,0,0,0,0,0,0,0,1,0,0,0,0,0,1,1,0,0,0
AUROPHARMA,Q4 FY22,4,2022-05-26,-10.0323,1.2113,-0.9386,-0.9386,0,0,0,0,0,0,0,0,1,0,0,1,0,0,0,1,0,0,0
JINDALSTEL,Q4 FY22,4,2022-05-26,-18.9343,1.7075,-4.1900,-4.1900,0,0,1,0,1,0,0,0,1,0,1,0,0,0,0,1,0,0,0
JSWSTEEL,Q4 FY22,4,2022-05-25,-20.6887,1.4571,2.0601,4.3997,1,0,1,0,1,0,1,0,0,0,1,1,1,0,0,1,0,0,0
NAUKRI,Q4 FY22,4,2022-05-25,-19.5607,1.1363,12.2424,5.1685,1,0,1,0,0,0,0,0,1,0,0,1,1,0,0,1,0,0,0
NMDC,Q4 FY22,4,2022-05-24,-18.1700,1.1225,-0.9805,-0.9805,1,0,1,0,1,0,1,0,0,0,1,1,0,0,0,1,0,0,0
OBEROIRLTY,Q4 FY22,4,2022-05-24,-12.3652,1.0254,-4.0144,-4.0144,1,0,1,0,1,0,1,0,1,0,1,0,0,0,0,1,0,0,0
RBLBANK,Q4 FY22,4,2022-05-10,-10.3673,1.1972,-1.2573,-1.2573,0,0,1,0,1,0,0,0,1,0,0,1,0,0,0,1,0,0,0
GLENMARK,Q1 FY23,5,2022-08-05,-10.9508,1.0884,2.8843,2.8843,0,0,0,0,0,0,0,1,1,0,0,0,0,0,0,0,1,0,0
NMDC,Q1 FY23,5,2022-08-03,-12.3702,1.0506,6.5634,4.5796,0,0,0,0,0,0,0,0,0,0,0,0,0,0,0,1,0,0,0
ZYDUSLIFE,Q1 FY23,5,2022-08-05,-10.5325,1.3848,6.6387,6.6387,0,0,0,0,0,0,0,1,1,0,0,0,0,0,0,0,0,0,0
AUROPHARMA,Q2 FY23,6,2022-11-10,-15.3325,2.5228,3.0135,3.0135,0,1,1,1,1,0,1,0,0,0,0,1,1,0,0,0,0,0,0
HINDPETRO,Q2 FY23,6,2022-11-07,-10.3052,1.0348,-1.0137,-1.0137,0,0,0,0,0,0,0,0,0,0,0,1,0,0,0,1,0,0,0
ADANIENT,Q3 FY23,7,2023-02-10,-48.9820,3.3038,-3.4545,-3.4545,1,0,0,0,0,0,0,0,1,0,1,0,0,0,0,1,1,1,0
ADANIPORTS,Q3 FY23,7,2023-02-03,-37.3666,6.0633,19.0873,9.3415,1,0,0,0,1,1,1,0,1,0,1,0,0,0,0,1,0,0,0
AMBUJACEM,Q3 FY23,7,2023-02-03,-26.9476,5.5666,2.9347,2.9347,1,0,0,0,1,0,0,0,1,0,1,0,0,1,0,1,0,0,0
BANKBARODA,Q3 FY23,7,2023-02-01,-13.7997,1.7377,8.4719,5.8435,0,0,1,1,1,0,1,0,0,1,1,0,0,0,0,0,0,0,0
INDUSTOWER,Q3 FY23,7,2023-01-20,-10.1996,1.5956,-7.9341,-7.9341,1,1,1,1,1,0,1,0,0,0,0,1,1,0,0,1,0,0,0
SBIN,Q3 FY23,7,2023-02-01,-10.6663,2.7764,3.4114,3.1909,1,0,0,1,1,0,1,0,0,0,1,0,0,0,0,1,0,0,0
INDUSTOWER,Q4 FY23,8,2023-04-24,-13.2755,1.0231,4.3047,3.0110,0,0,0,0,0,0,0,1,1,0,0,1,0,0,0,1,0,0,0
LTM,Q4 FY23,8,2023-04-25,-14.3023,1.0378,5.5175,3.2190,0,0,1,0,1,0,0,0,1,0,1,0,0,0,1,0,0,0,0
MANAPPURAM,Q4 FY23,8,2023-05-10,-13.6653,4.8888,-3.7059,-3.7059,0,0,0,0,0,0,0,0,1,1,1,0,0,0,0,1,0,0,0
PERSISTENT,Q4 FY23,8,2023-04-21,-10.6009,1.4052,3.9500,3.2769,0,0,0,0,0,0,0,0,1,1,1,0,0,0,0,0,0,0,1
BANDHANBNK,Q1 FY24,9,2023-07-12,-17.9772,1.1132,-2.7940,-2.7940,0,1,1,0,1,0,1,0,0,0,1,0,0,0,1,1,0,0,0
SRF,Q1 FY24,9,2023-07-20,-12.9672,1.1222,-3.5012,-3.5012,0,0,0,0,0,0,0,1,1,0,1,0,0,0,1,1,0,0,0
AUROPHARMA,Q3 FY24,11,2024-02-08,-11.2536,2.0528,2.3608,2.3608,0,0,1,0,1,0,0,0,1,1,1,0,0,0,0,1,0,0,1
CROMPTON,Q3 FY24,11,2024-02-12,-12.4697,1.0958,-0.1717,-0.1717,0,1,1,0,1,0,1,0,1,0,1,0,1,0,0,1,0,0,0
IEX,Q3 FY24,11,2024-01-23,-10.0358,2.2689,2.9528,2.9528,0,0,1,1,1,0,1,0,0,0,1,0,0,0,0,1,0,0,0
POLYCAB,Q3 FY24,11,2024-01-16,-26.1255,5.8670,1.8950,1.8950,0,0,0,0,1,1,0,0,1,0,1,0,0,0,1,1,0,0,0
INFY,Q4 FY24,12,2024-04-16,-12.9051,1.6278,1.2992,1.2992,1,1,1,0,1,0,1,0,0,0,1,0,1,0,0,1,0,1,0
KOTAKBANK,Q4 FY24,12,2024-05-02,-13.1920,4.0800,4.3865,3.1798,1,0,1,1,1,0,1,0,0,0,0,1,1,0,0,0,0,1,0
LTM,Q4 FY24,12,2024-04-22,-10.7793,1.2332,-0.8671,-0.8671,1,0,0,0,1,0,0,0,1,0,0,0,0,0,0,1,0,0,0
WIPRO,Q4 FY24,12,2024-04-16,-11.7950,1.0213,3.0413,3.0413,1,1,1,1,1,0,1,0,0,1,1,0,1,0,0,1,0,1,0
CUMMINSIND,Q1 FY25,13,2024-08-02,-13.0717,1.3162,6.7524,6.7524,0,1,1,0,1,0,1,1,0,1,1,0,0,0,0,1,0,1,0
JINDALSTEL,Q1 FY25,13,2024-07-22,-13.8240,1.2001,-1.4798,-1.4798,0,0,1,1,1,0,1,0,0,1,1,0,0,0,0,0,0,0,0
SAIL,Q1 FY25,13,2024-08-06,-11.5870,1.0557,-4.2896,4.5549,0,1,1,1,1,0,1,0,0,1,1,0,0,0,0,1,0,0,0
BHEL,Q2 FY25,14,2024-10-24,-13.5280,1.8707,3.6364,3.6364,1,0,1,1,1,0,1,0,0,0,1,0,0,0,0,1,0,0,0
MANAPPURAM,Q2 FY25,14,2024-11-01,-12.7738,1.2668,-1.5036,-1.5036,0,0,0,0,0,0,0,1,1,0,1,0,0,0,1,1,0,0,0
CAMS,Q3 FY25,15,2025-01-27,-20.3246,1.3587,-4.0827,3.7172,1,1,1,0,1,0,1,0,0,0,1,0,1,0,0,1,0,1,0
CGPOWER,Q3 FY25,15,2025-01-24,-13.7942,1.6675,1.3480,1.3480,0,0,1,0,0,0,0,0,0,0,1,0,0,0,0,1,0,0,0
CUMMINSIND,Q3 FY25,15,2025-02-03,-13.8909,1.1600,9.5331,5.6578,0,0,1,0,1,0,0,0,0,0,0,0,0,0,0,1,0,0,0
ETERNAL,Q3 FY25,15,2025-01-16,-14.2887,1.1726,-11.2959,-11.2959,0,0,0,0,0,0,0,0,1,1,1,0,0,0,0,0,0,0,0
GODREJPROP,Q3 FY25,15,2025-02-01,-11.5002,1.0837,-2.3930,-2.3930,0,0,0,0,0,0,0,1,1,0,0,0,0,0,0,1,0,0,0
JIOFIN,Q3 FY25,15,2025-01-15,-14.0663,1.2754,1.2273,1.2273,1,0,1,0,1,0,1,0,1,0,0,0,0,0,0,1,1,0,0
KALYANKJIL,Q3 FY25,15,2025-01-28,-38.2457,2.7941,14.8094,14.8094,1,1,1,0,1,0,1,0,1,0,1,0,0,0,0,1,0,0,1
LODHA,Q3 FY25,15,2025-01-23,-20.6597,1.5645,4.4451,4.4451,1,0,1,0,1,0,1,0,1,0,1,0,0,0,0,1,0,1,0
POLICYBZR,Q3 FY25,15,2025-01-28,-19.0976,1.0365,5.1356,4.0724,0,0,0,0,0,0,0,0,1,1,1,0,0,0,0,1,0,0,0
PRESTIGE,Q3 FY25,15,2025-01-28,-21.2052,2.1526,6.8154,3.7212,1,0,1,0,1,0,1,0,1,0,0,0,0,0,0,1,0,0,0
RECLTD,Q3 FY25,15,2025-02-04,-17.2241,1.3129,3.2569,3.0186,0,0,0,0,1,0,0,0,1,0,0,0,0,0,0,1,0,0,0
TRENT,Q3 FY25,15,2025-02-04,-16.4830,1.5886,-4.8698,-4.8698,0,0,0,0,0,0,0,1,0,0,1,0,0,0,0,1,0,0,0
HCLTECH,Q4 FY25,16,2025-04-17,-12.7978,1.1601,10.6281,3.0598,0,0,0,0,0,0,0,0,1,0,0,0,0,0,0,1,0,0,0
INFY,Q4 FY25,16,2025-04-15,-17.8712,1.7237,1.7674,1.7674,0,0,0,0,0,0,0,0,1,0,0,0,0,0,0,1,0,0,0
SONACOMS,Q4 FY25,16,2025-04-28,-10.5425,1.2100,7.2821,6.1738,0,0,0,0,0,0,0,0,0,0,0,0,0,0,0,0,0,0,0
TATAELXSI,Q4 FY25,16,2025-04-16,-11.3696,1.6073,11.0144,8.4311,0,0,0,0,0,0,0,0,1,0,0,1,0,1,1,1,0,0,0
WIPRO,Q4 FY25,16,2025-04-11,-16.2889,1.1042,-1.0722,3.2686,0,0,0,0,1,0,0,0,1,0,1,0,0,0,0,1,1,0,0
COFORGE,Q1 FY26,17,2025-07-24,-10.1275,1.4192,2.6460,2.6460,1,1,1,1,1,0,1,0,0,1,1,0,1,0,0,1,0,0,0
GODREJCP,Q2 FY26,18,2025-10-29,-10.5811,1.3179,6.4272,6.4272,0,1,1,0,1,0,1,0,0,0,1,0,0,0,0,1,0,0,0
CGPOWER,Q3 FY26,19,2026-01-22,-11.0533,2.0560,1.9277,1.9277,0,0,1,0,0,0,0,0,1,0,0,0,0,0,0,1,0,0,0
DIXON,Q3 FY26,19,2026-01-27,-15.6623,1.1999,2.5516,2.5516,1,1,1,0,1,1,1,0,0,0,0,1,1,0,0,1,0,0,0
GODREJPROP,Q3 FY26,19,2026-02-03,-15.5612,2.0038,0.0361,0.0361,0,0,0,0,0,0,0,0,1,0,0,0,0,0,0,1,0,0,0
ITC,Q3 FY26,19,2026-01-27,-17.9327,1.0508,1.1048,1.1048,1,1,1,0,0,1,1,0,1,0,0,1,1,0,0,1,0,0,0
KALYANKJIL,Q3 FY26,19,2026-02-04,-21.3982,1.2713,13.2526,13.2526,0,0,0,0,0,1,0,0,1,0,0,0,0,0,0,1,0,0,0
LODHA,Q3 FY26,19,2026-01-23,-12.5434,1.5555,5.5806,3.1804,1,1,1,1,1,0,1,0,0,0,0,1,1,0,0,0,0,0,0
NAUKRI,Q3 FY26,19,2026-02-11,-11.3892,1.9157,-4.0186,-4.0186,0,0,0,0,0,0,0,0,1,0,0,1,0,0,0,0,0,0,0
PREMIERENE,Q3 FY26,19,2026-01-20,-15.8537,1.1206,-6.5714,-6.5714,1,0,1,0,0,0,0,0,1,0,0,1,0,0,1,1,0,0,0
PRESTIGE,Q3 FY26,19,2026-01-27,-10.2700,2.2486,4.9237,4.9237,1,0,1,0,1,1,1,0,1,0,1,0,0,0,0,1,0,0,1
SWIGGY,Q3 FY26,19,2026-01-27,-18.2494,1.5635,-0.5774,3.6029,1,0,1,0,1,1,1,0,1,0,0,0,0,0,0,1,0,0,0
WAAREEENER,Q3 FY26,19,2026-01-19,-10.1645,1.4599,3.6179,3.6179,1,0,1,0,0,0,0,0,1,0,0,0,0,0,1,1,0,0,1
INDIANB,Q1 FY27,21,2026-07-08,-11.6575,1.1792,9.2309,12.4639,0,1,1,1,1,1,1,0,0,0,0,0,1,0,0,0,0,0,0
KPITTECH,Q1 FY27,21,2026-07-27,-20.9462,1.3736,1.3019,8.9731,0,0,0,0,0,0,0,0,1,0,0,0,0,0,0,1,1,0,1
