ref,entry,H,n,raw_gross,raw_net,vsN_gross,vsN_net,nq,q_pos,t_q,vsN_net_first14,vsN_net_last8,raw_net_first14,raw_net_last8
ALL,E0,5,3280,0.2645,0.0945,0.0748,-0.1152,22,8,-0.6952,-0.0255,-0.2255,0.3307,-0.1957
ALL,E0,10,3280,0.4330,0.2630,0.1119,-0.0781,22,12,-0.3706,-0.0399,-0.1251,0.5623,-0.1045
ALL,E0,20,3280,1.0582,0.8882,0.6104,0.4204,22,14,1.0497,0.6048,0.1939,1.8852,-0.3364
ALL,E1,5,3280,0.2075,0.0375,0.0151,-0.1749,22,8,-1.2368,-0.1669,-0.1847,0.1674,-0.1220
ALL,E1,10,3280,0.3896,0.2196,0.1058,-0.0842,22,12,-0.5102,-0.1251,-0.0341,0.4637,-0.0801
ALL,E1,20,3280,1.0391,0.8691,0.6229,0.4329,22,16,1.1613,0.5716,0.2624,1.8290,-0.3100
WIN_XN4,E0,5,392,0.4346,0.2646,0.2606,0.0706,22,10,0.6055,0.2568,-0.1081,0.6895,-0.1433
WIN_XN4,E0,10,392,0.6824,0.5124,0.4063,0.2163,22,14,0.9193,0.5314,-0.0863,1.2361,-0.1823
WIN_XN4,E0,20,392,1.7208,1.5508,1.6366,1.4466,22,15,2.1514,1.6990,1.2043,2.7243,0.4241
WIN_XN4,E1,5,392,0.0865,-0.0835,-0.0729,-0.2629,22,10,-1.1066,-0.3632,-0.1667,-0.0098,-0.1542
WIN_XN4,E1,10,392,0.4478,0.2778,0.2683,0.0783,22,13,0.0835,0.0601,0.0957,0.6843,-0.1124
WIN_XN4,E1,20,392,1.4022,1.2322,1.3844,1.1944,22,14,1.7955,1.2151,1.1745,2.0701,0.4279
