run,lab,var,n,avg,l8
0,0.0,bot25,105,0.04321478619576572,0.2550509396778871
0,0.0,top10,39,-0.6688104381900507,-0.6291732485007603
0,0.0,top15,63,-0.7022105254895026,-0.9490818687405541
0,0.0,top25,99,-0.7971510179920239,-1.2121774429662193
0,0.0,top5,13,0.32243992285376094,1.3474154519597958
0,3.0,bot25,74,-0.49867614549102907,-0.6019220094514783
0,3.0,top10,33,0.3177139122484114,0.17521353424760294
0,3.0,top15,56,0.05581501579519794,-0.3011324989996784
0,3.0,top25,98,0.1884151441840199,-0.2759823482349015
0,3.0,top5,12,1.0673688687131062,1.0673688687131062
1,0.0,bot25,180,0.424424897616155,-0.3203498947072487
1,0.0,top10,20,-0.8556331745522145,-0.5068117607328259
1,0.0,top15,32,0.7132465569366909,1.3400971994501305
1,0.0,top25,64,0.8663050559955875,0.626866995741645
1,0.0,top5,7,1.3957148521879996,2.1551103721657108
1,3.0,bot25,97,0.7813101437870263,0.5178669713918945
1,3.0,top10,39,2.06011059547523,2.06445524728522
1,3.0,top15,61,1.9965550187334526,1.740439717830424
1,3.0,top25,118,0.8284506548160255,0.7833589373091497
1,3.0,top5,17,2.8198721506077105,2.8776757958522152
2,0.0,bot25,159,-0.29349582538655183,-0.4102304116775967
2,0.0,top10,14,-0.21205300444530611,-0.8077932612935854
2,0.0,top15,23,0.04386503350054078,-1.0358544641899028
2,0.0,top25,49,-0.5698278657695892,-1.2766522341484008
2,0.0,top5,5,-1.0848386502886005,-0.977607112777053
2,3.0,bot25,120,-0.40017507509452455,-0.23846031101973303
2,3.0,top10,23,1.1091183043794397,1.357296069188252
2,3.0,top15,38,0.6782596022578766,0.7059722828092914
2,3.0,top25,79,1.0971075928421887,1.198986946252223
2,3.0,top5,9,2.756177946667753,3.127403028672607
3,0.0,bot25,91,-0.8552830272327636,-0.6852414204356688
3,0.0,top10,39,0.11295257524232107,0.022663280377443553
3,0.0,top15,60,-0.26276366863204453,-0.140844137876434
3,0.0,top25,103,-0.4979818225305859,-0.33789549234562044
3,0.0,top5,23,-0.7898359411115644,-1.194500395418235
3,3.0,bot25,103,-0.826887190529889,-1.5754077305170395
3,3.0,top10,30,0.8918519777358662,0.9018186441228299
3,3.0,top15,40,0.25377649321189455,0.610897148569929
3,3.0,top25,86,-1.0221012087491843,-0.7478947406468702
3,3.0,top5,9,2.0329904833300354,2.3988967219047956
4,0.0,bot25,118,0.18875848690962108,0.26141103499135754
4,0.0,top10,31,1.2209334800926397,1.004353106647649
4,0.0,top15,50,0.3202460990730273,0.08114741242080165
4,0.0,top25,94,0.2668337979751554,-0.170788515263741
4,0.0,top5,20,2.1939251950850256,2.230682377887249
4,3.0,bot25,75,-0.02493838263359596,0.13656930293489897
4,3.0,top10,12,-3.254850866860328,-4.57429151869304
4,3.0,top15,26,-2.509587725699025,-3.0816863982853753
4,3.0,top25,100,-0.6674319271002551,-0.5728546896859756
4,3.0,top5,1,2.734751836629806,
5,0.0,bot25,115,0.4440938805479411,0.6570136223814872
5,0.0,top10,17,1.4108897648218313,1.2598687865945144
5,0.0,top15,35,0.7013469076572396,1.253450732367337
5,0.0,top25,81,0.44448636133194186,0.41432066684803437
5,0.0,top5,7,1.4587162238193176,1.161540082760084
5,3.0,bot25,102,0.11724271765782446,-0.08961679592076646
5,3.0,top10,27,0.8785180284834673,1.037819923072958
5,3.0,top15,45,0.5542198873784668,0.5433325185223358
5,3.0,top25,83,0.4406136243229252,0.6353418319828923
5,3.0,top5,8,4.4274738830256855,4.4274738830256855
6,0.0,bot25,105,0.2881174610551171,0.7951475768995351
6,0.0,top10,31,0.2416808596131568,0.3679218481405903
6,0.0,top15,51,0.24601039200539201,-0.39109864808657097
6,0.0,top25,90,0.7795590497866837,0.8710472317998016
6,0.0,top5,15,1.7054547464819374,2.389124537244879
6,3.0,bot25,99,-0.1564773651153288,-0.03722322011458727
6,3.0,top10,35,1.026106072692737,0.5764665545362184
6,3.0,top15,62,0.9954085842128595,0.7597262423569092
6,3.0,top25,108,0.5768870560818473,0.2979217121836932
6,3.0,top5,11,-1.0870800528963513,-1.4559494675528797
7,0.0,bot25,106,-0.45466817414232635,-0.4948530330704009
7,0.0,top10,15,-2.4165863583275677,-2.2618787679211434
7,0.0,top15,27,-2.394334127303173,-2.174258923283941
7,0.0,top25,73,-0.8821526714666339,-1.1056246975730968
7,0.0,top5,5,-3.416948843043516,-3.0010397409335234
7,3.0,bot25,89,-0.2593522430678337,-0.14188311267579434
7,3.0,top10,26,0.5042879386939367,0.5841803932613756
7,3.0,top15,46,-0.2694600251163083,-0.14678171015426933
7,3.0,top25,101,0.26782841401766383,0.6285030238183074
7,3.0,top5,9,-0.40362727511660534,-0.40362727511660534
8,0.0,bot25,111,-0.3986317383369645,-0.23776510882015608
8,0.0,top10,23,2.169424687474618,2.914296741180604
8,0.0,top15,43,1.0573709119576475,1.1940781895349104
8,0.0,top25,76,1.0147701362308004,1.4581979075145834
8,0.0,top5,10,0.8596622276715806,2.3997462642449237
8,3.0,bot25,66,-0.5181123519022994,-0.524837392517403
8,3.0,top10,42,0.6864905586063869,0.7546069359284275
8,3.0,top15,56,0.6641806462101775,0.766780184205088
8,3.0,top25,115,0.8764994074001373,1.0361091590946603
8,3.0,top5,18,1.6471223771338193,1.663983754178012
9,0.0,bot25,138,0.6398139436445411,0.8806880937471626
9,0.0,top10,12,1.8090214879126982,3.8761701183191706
9,0.0,top15,23,0.24660774466582475,0.8290482621920816
9,0.0,top25,60,0.4574826332950403,0.8778701701357573
9,0.0,top5,5,0.05457634882740638,3.8609159126029304
9,3.0,bot25,85,0.09281888700165958,-0.12153937697881259
9,3.0,top10,36,0.692720365850221,0.6583691241117811
9,3.0,top15,56,0.9736525330703245,0.9279844569534781
9,3.0,top25,93,0.9040419206794346,0.7655185415125649
9,3.0,top5,15,1.4602778306328281,1.4602778306328281
10,0.0,bot25,135,0.17002308814030798,0.34013187838219816
10,0.0,top10,10,0.41356679163845966,1.0418422802429521
10,0.0,top15,25,1.5146048448669336,2.1238443918252368
10,0.0,top25,50,0.5034942695182422,1.119062581288094
10,3.0,bot25,83,1.2000939698759079,1.504588856479775
10,3.0,top10,43,0.4004198562740939,0.20223048587787285
10,3.0,top15,69,0.30664345486706585,0.4440133232877414
10,3.0,top25,115,0.22995251191020508,0.15863536773468423
10,3.0,top5,21,1.0786989336390433,1.016117421931239
11,0.0,bot25,125,-0.4601197097516766,-0.4705135445752543
11,0.0,top10,24,1.3854079197823213,0.6752966839207414
11,0.0,top15,38,0.7220803978776703,-0.3342811269456323
11,0.0,top25,66,0.22976178665658842,-0.08594985756536062
11,0.0,top5,10,-3.862429996759581,-4.557663165892296
11,3.0,bot25,92,-0.20470606432421787,-0.26437377909934745
11,3.0,top10,23,-0.4304835184368297,-0.18109929313439965
11,3.0,top15,47,0.0049500481742318055,0.030396039484957883
11,3.0,top25,96,0.20149842043556965,0.3454045400660256
11,3.0,top5,8,-0.9263182032643328,-0.8752356840188414
12,0.0,bot25,121,0.43303265987462264,0.7551585713804334
12,0.0,top10,24,0.7295239972627514,-0.5559609674748224
12,0.0,top15,36,0.543494355219258,-0.29138346883534527
12,0.0,top25,80,0.4986636504509582,0.5504729960774364
12,0.0,top5,10,2.205715471569311,0.7590137114809679
12,3.0,bot25,105,0.04836725512290029,0.040138330828587296
12,3.0,top10,29,-0.3896067689290692,-1.3819844567104222
12,3.0,top15,42,-0.8359274150175637,-1.5882112559849555
12,3.0,top25,95,0.06828337079485698,-0.2855003574561533
12,3.0,top5,11,-0.6533085712116521,-1.442142121519607
13,0.0,bot25,131,0.2544494326785111,0.010013394787499644
13,0.0,top10,10,-2.150054510414106,-3.8468503841392288
13,0.0,top15,18,-0.3898918200658446,-1.033704901876476
13,0.0,top25,51,0.4419405926543732,-0.283709943088369
13,0.0,top5,2,3.339890634647217,
13,3.0,bot25,97,0.3018241530994756,0.4112433759756588
13,3.0,top10,20,0.4020380005931436,0.4800582558007303
13,3.0,top15,37,1.1869619234929436,1.5466010467350118
13,3.0,top25,74,0.8903052151880533,1.1890687071741266
13,3.0,top5,7,1.244353840917127,1.514254742453817
14,0.0,bot25,113,0.47424128157804457,0.7190515721624049
14,0.0,top10,33,0.12222621275340906,0.9212230797110328
14,0.0,top15,46,-0.7875440414439742,0.403481225488835
14,0.0,top25,97,-0.01866519628231253,0.5020761456196501
14,0.0,top5,14,-0.10983725246479377,0.20981525270127527
14,3.0,bot25,91,0.39481240964395964,0.8654374234398075
14,3.0,top10,32,1.761013910662582,2.149054297629665
14,3.0,top15,53,1.6771477703824909,1.8706789345777002
14,3.0,top25,89,0.24084604451387034,0.4527384367253852
14,3.0,top5,14,1.347270459664236,1.5761741973962637
15,0.0,bot25,113,-0.1623783739775723,-0.7536275753142971
15,0.0,top10,8,0.6230501088376953,1.3981514874834704
15,0.0,top15,23,-0.3161241111166842,0.08853921477565169
15,0.0,top25,68,-0.21798481072519685,0.2534287837842541
15,0.0,top5,3,-0.6734177970034301,-0.77278055341959
15,3.0,bot25,92,-0.35373920273951975,-1.143780845846976
15,3.0,top10,14,1.5989512897967535,1.7419393568783006
15,3.0,top15,29,2.0546913236329676,2.167771663610108
15,3.0,top25,75,0.12305959024207515,0.21567313568670293
15,3.0,top5,6,0.22865811424080906,0.4478128272179351
16,0.0,bot25,135,-0.18681880632448203,0.009467712377727202
16,0.0,top10,9,-0.7250790990301385,-0.4526768033209869
16,0.0,top15,20,-0.21564242553795684,-0.11469697891555161
16,0.0,top25,41,0.3599354882371863,1.1851735833100756
16,0.0,top5,2,0.8349080729937062,4.5741136106907625
16,3.0,bot25,112,0.2767350230067553,0.3714510600429304
16,3.0,top10,28,0.6557728445359124,0.6241368429993229
16,3.0,top15,49,-0.14608872907929463,0.11152837396837062
16,3.0,top25,103,-0.9401467445481194,-0.8110873529897158
16,3.0,top5,11,0.8174109411173212,0.8174109411173212
17,0.0,bot25,113,0.7265584722683082,1.359016148338731
17,0.0,top10,34,1.6221832655448096,2.2474838224281344
17,0.0,top15,59,1.1948532271012622,1.8329409710513365
17,0.0,top25,100,0.1565808807526446,0.22667531527467835
17,0.0,top5,9,0.35674892677581216,1.1602772829478931
17,3.0,bot25,80,0.36523489446623775,1.0520736033173959
17,3.0,top10,44,0.675710875504997,0.9629698915357104
17,3.0,top15,76,0.5409937262582079,0.7972851646862538
17,3.0,top25,120,0.029974588398785567,-0.028944766771178836
17,3.0,top5,26,1.0131691315676632,1.2967566292620334
18,0.0,bot25,76,-1.4569104720135464,-2.5056036129555026
18,0.0,top10,36,-0.058367640687018114,0.12134356581573681
18,0.0,top15,62,-0.08588100564413517,0.21653066779479305
18,0.0,top25,112,0.05403797584597995,0.5113198470223576
18,0.0,top5,17,1.2601638425567605,1.414789892120577
18,3.0,bot25,76,-1.1983589599533553,-1.11760573864314
18,3.0,top10,35,0.018484252126601472,0.37180558681910664
18,3.0,top15,63,-0.3191229198056736,-0.11521417206141421
18,3.0,top25,120,-0.16869164303812997,-0.06681044304737624
18,3.0,top5,14,-0.5643485816577315,0.005646614387621618
19,0.0,bot25,103,-0.7445690259436485,-1.243674415793206
19,0.0,top10,24,0.2333867516198763,-1.2025187955244512
19,0.0,top15,42,-0.029798621227914983,-1.0831566230520642
19,0.0,top25,75,0.24649765977567004,-0.18468498852058082
19,0.0,top5,4,-4.688633161492137,-6.504071809071523
19,3.0,bot25,84,-0.8147680728062211,-0.2709866089701355
19,3.0,top10,26,1.3371317488714862,1.3386510740389763
19,3.0,top15,48,0.507351280668252,0.7649979723435332
19,3.0,top25,99,0.5201233613050871,0.4185413430329499
19,3.0,top5,7,0.043780548280717424,0.043780548280717424
