symbol,quarter,qn,industry,ret,tp,score,thr
INFY,Q4 FY23,8,Computers - Software,-10.58498631943942,-10.58498631943942,0.12718583487361462,0.42074870179160934
HCLTECH,Q4 FY23,8,Computers - Software,-1.3759696517900302,-1.3759696517900302,0.2172582519194738,0.42074870179160934
PERSISTENT,Q4 FY23,8,Computers - Software,3.94995294797666,3.27687818940565,0.21305729430291812,0.42074870179160934
INDUSTOWER,Q4 FY23,8,Telecommunication - Services,4.3047232915091405,3.01101699780286,0.3298404832662187,0.42074870179160934
LAURUSLABS,Q4 FY23,8,Pharmaceuticals,4.19727338775346,4.19727338775346,0.250157928895311,0.42074870179160934
LTM,Q4 FY23,8,Computers - Software,5.5175160846179,3.21898478362141,0.2335253773159611,0.42074870179160934
MPHASIS,Q4 FY23,8,Computers - Software,3.0818303174849597,3.0818303174849597,0.27965938705171584,0.42074870179160934
TECHM,Q4 FY23,8,Computers - Software,2.66588035728885,2.66588035728885,0.21031056102544424,0.42074870179160934
DABUR,Q4 FY23,8,Personal Care,-5.91269877782755,-5.91269877782755,0.14241830248725798,0.42074870179160934
BOSCHLTD,Q4 FY23,8,Auto Ancillaries,0.84174233450046,0.84174233450046,0.1548245197122524,0.42074870179160934
GODREJCP,Q4 FY23,8,Personal Care,4.09240462589675,4.09240462589675,0.18647884477806886,0.42074870179160934
MANAPPURAM,Q4 FY23,8,Finance,-3.70586274850514,-3.70586274850514,0.2746774643230759,0.42074870179160934
CROMPTON,Q4 FY23,8,Consumer Durables,2.24025453463855,2.24025453463855,0.3462439148704764,0.42074870179160934
JSWSTEEL,Q4 FY23,8,Steel And Steel Products,1.37063725084333,1.37063725084333,0.17927353669721327,0.42074870179160934
DIVISLAB,Q4 FY23,8,Pharmaceuticals,7.329780717434129,3.6299338567909305,0.19888781929599145,0.42074870179160934
SHREECEM,Q4 FY23,8,Cement And Cement Products,3.22950799504284,3.22950799504284,0.16956467918274717,0.42074870179160934
NMDC,Q4 FY23,8,Mining,-0.5173045676692101,-0.5173045676692101,0.1815148799431933,0.42074870179160934
HINDALCO,Q4 FY23,8,Aluminium,-0.84220380537564,-0.84220380537564,0.21327706507028912,0.42074870179160934
NATIONALUM,Q4 FY23,8,Aluminium,-1.3506483071431499,-1.3506483071431499,0.20377631250839823,0.42074870179160934
SUNPHARMA,Q4 FY23,8,Pharmaceuticals,1.73448858543785,1.73448858543785,0.21603581402423538,0.42074870179160934
WIPRO,Q1 FY24,9,Computers - Software,3.30057584297209,3.30057584297209,0.09369813383507576,0.44476816149764264
BANDHANBNK,Q1 FY24,9,Banks,-2.79397728667715,-2.79397728667715,0.2158182768266456,0.44476816149764264
HAVELLS,Q1 FY24,9,Electrical Equipment,-2.27444828703993,-2.27444828703993,0.19938714118728101,0.44476816149764264
HINDUNILVR,Q1 FY24,9,Diversified,-2.9042974647033497,-2.9042974647033497,0.1973224779425767,0.44476816149764264
ULTRACEMCO,Q1 FY24,9,Cement And Cement Products,-1.29769113534218,-1.29769113534218,0.11436833667284621,0.44476816149764264
AUBANK,Q1 FY24,9,Banks,-5.38458781293151,-5.38458781293151,0.1454831470668131,0.44476816149764264
SRF,Q1 FY24,9,Textiles - Synthetic,-3.5011954426058796,-3.5011954426058796,0.17854833542304022,0.44476816149764264
TVSMOTOR,Q1 FY24,9,Automobiles - 2 And 3 Wheelers,3.0502062111954698,3.0502062111954698,0.17093655259457988,0.44476816149764264
DIXON,Q1 FY24,9,Consumer Durables,-2.05084381000612,-2.05084381000612,0.1789944572288265,0.44476816149764264
JUBLFOOD,Q1 FY24,9,Food And Food Processing,0.25185029616845,0.25185029616845,0.2503009594063978,0.44476816149764264
SBILIFE,Q1 FY24,9,Insurance,0.18128509229028,0.18128509229028,0.1497760609402193,0.44476816149764264
SHREECEM,Q1 FY24,9,Cement And Cement Products,2.74874291795419,4.41695441561635,0.26654731837310036,0.44476816149764264
IEX,Q1 FY24,9,Capital Markets,-0.5575437907583,-0.5575437907583,0.32986485730601106,0.44476816149764264
LAURUSLABS,Q1 FY24,9,Pharmaceuticals,-2.62521261586374,-2.62521261586374,0.29683306002830995,0.44476816149764264
MARICO,Q1 FY24,9,Personal Care,5.2690974970756,4.00788436268066,0.228124333229582,0.44476816149764264
UPL,Q1 FY24,9,Pesticides And Agrochemicals,-0.16719108870045998,-0.16719108870045998,0.2716141560369202,0.44476816149764264
EICHERMOT,Q1 FY24,9,Automobiles - 4 Wheelers,-1.62160730446964,-1.62160730446964,0.28436811698259895,0.44476816149764264
BANKBARODA,Q1 FY24,9,Banks,0.8496383065170701,0.8496383065170701,0.21136033825633363,0.44476816149764264
GODREJCP,Q1 FY24,9,Personal Care,-0.46874513951110997,-0.46874513951110997,0.30352886803091467,0.44476816149764264
APOLLOHOSP,Q1 FY24,9,Miscellaneous,-3.25218910866538,-3.25218910866538,0.20057951696828458,0.44476816149764264
ITC,Q1 FY24,9,Cigarettes,-0.33005667887944,-0.33005667887944,0.1868582120168355,0.44476816149764264
HDFCLIFE,Q2 FY24,10,Insurance,1.37058500740223,1.37058500740223,0.10343798771043232,0.41858267452854603
LTM,Q2 FY24,10,Computers - Software,5.740523502218299,5.740523502218299,0.16400499656080347,0.41858267452854603
COFORGE,Q2 FY24,10,Computers - Software,-1.19915349110542,-1.19915349110542,0.17471382949523526,0.41858267452854603
MPHASIS,Q2 FY24,10,Computers - Software,-6.01909877268386,-6.01909877268386,0.280925161882299,0.41858267452854603
TECHM,Q2 FY24,10,Computers - Software,-4.79144966836638,-4.79144966836638,0.1645609470049069,0.41858267452854603
IDFCFIRSTB,Q2 FY24,10,Banks,-2.61811008843403,-2.61811008843403,0.49699376367453624,0.41858267452854603
ADANIENT,Q2 FY24,10,Trading,-2.80428832186061,-2.80428832186061,0.3000082494396831,0.41858267452854603
CROMPTON,Q2 FY24,10,Consumer Durables,2.34509559241963,3.53162499392025,0.20732056671644417,0.41858267452854603
BANKBARODA,Q2 FY24,10,Banks,-4.29650339507761,-4.29650339507761,0.20211620135369004,0.41858267452854603
DIVISLAB,Q2 FY24,10,Pharmaceuticals,4.1436164692163,4.86509250081295,0.20529049474994293,0.41858267452854603
BIOCON,Q2 FY24,10,Pharmaceuticals,3.49649271356893,3.49649271356893,0.30632603043100537,0.41858267452854603
HDFCLIFE,Q3 FY24,11,Insurance,-4.77189007134177,-4.77189007134177,0.10492874034104144,0.41498836891364627
FEDERALBNK,Q3 FY24,11,Banks,-3.4389328325936197,-3.4389328325936197,0.1384785427046566,0.41498836891364627
ICICIGI,Q3 FY24,11,Insurance,4.41387522629591,4.41387522629591,0.12653147304879026,0.41498836891364627
ICICIPRULI,Q3 FY24,11,Insurance,-6.97611364484603,-6.97611364484603,0.06677814579310727,0.41498836891364627
POLYCAB,Q3 FY24,11,Electrical Equipment,1.8950138266956198,1.8950138266956198,0.38852527476766047,0.41498836891364627
AUBANK,Q3 FY24,11,Banks,-12.605508927715869,-12.605508927715869,0.34534191829995986,0.41498836891364627
IEX,Q3 FY24,11,Capital Markets,2.95277910658421,2.95277910658421,0.5306517794488027,0.41498836891364627
JSWSTEEL,Q3 FY24,11,Steel And Steel Products,2.69864914490537,3.18902550876463,0.21856119680931524,0.41498836891364627
SBICARD,Q3 FY24,11,Finance,-1.76713838822599,4.06295965744092,0.27848199415765323,0.41498836891364627
SRF,Q3 FY24,11,Textiles - Synthetic,2.5612201370891396,2.5612201370891396,0.20489412507833019,0.41498836891364627
DIXON,Q3 FY24,11,Consumer Durables,4.26255716832142,4.26255716832142,0.29041150072965904,0.41498836891364627
JUBLFOOD,Q3 FY24,11,Food And Food Processing,-2.13919969216164,-2.13919969216164,0.2320921537152048,0.41498836891364627
UPL,Q3 FY24,11,Pesticides And Agrochemicals,-11.92128343598908,-11.92128343598908,0.19494621641542093,0.41498836891364627
MFSL,Q3 FY24,11,Insurance,8.13107650024357,8.13107650024357,0.22540316344172828,0.41498836891364627
NESTLEIND,Q3 FY24,11,Food And Food Processing,-1.55983952917277,-1.55983952917277,0.12690268070758692,0.41498836891364627
PAGEIND,Q3 FY24,11,Textile Products,-0.12494799322673,-0.12494799322673,0.2082272315830813,0.41498836891364627
BANDHANBNK,Q3 FY24,11,Banks,-7.18311302294483,-7.18311302294483,0.16010093654571694,0.41498836891364627
AUROPHARMA,Q3 FY24,11,Pharmaceuticals,2.36080107955767,2.36080107955767,0.29522800781730435,0.41498836891364627
DIVISLAB,Q3 FY24,11,Pharmaceuticals,0.4726379632878,0.4726379632878,0.24639052705085518,0.41498836891364627
CROMPTON,Q3 FY24,11,Consumer Durables,-0.17167684536829,-0.17167684536829,0.20928049362776566,0.41498836891364627
GLENMARK,Q3 FY24,11,Pharmaceuticals,-2.4725171129893497,-2.4725171129893497,0.25300098949748007,0.41498836891364627
MUTHOOTFIN,Q3 FY24,11,Finance,-0.5373214331807801,-0.5373214331807801,0.18304489982796987,0.41498836891364627
ABB,Q3 FY24,11,Electrical Equipment,10.18522262907781,10.18522262907781,0.17106447331511013,0.41498836891364627
INFY,Q4 FY24,12,Computers - Software,1.29914861968423,1.29914861968423,0.3542367956835989,0.3910375670274543
WIPRO,Q4 FY24,12,Computers - Software,3.0413116946194902,3.0413116946194902,0.3403104719244573,0.3910375670274543
PERSISTENT,Q4 FY24,12,Computers - Software,-8.037003107241961,-8.037003107241961,0.34138944113424347,0.3910375670274543
TATACONSUM,Q4 FY24,12,Food And Food Processing,-2.29493574673951,3.09135137986378,0.2963900682959201,0.3910375670274543
LTM,Q4 FY24,12,Computers - Software,-0.86711545064482,-0.86711545064482,0.23975634769337884,0.3910375670274543
OFSS,Q4 FY24,12,Computers - Software,-5.3114552589890796,-5.3114552589890796,0.3432899514333338,0.3910375670274543
MPHASIS,Q4 FY24,12,Computers - Software,2.45100233260315,2.45100233260315,0.26475045433390565,0.3910375670274543
TECHM,Q4 FY24,12,Computers - Software,6.606608806121559,6.606608806121559,0.1611136636985852,0.3910375670274543
HCLTECH,Q4 FY24,12,Computers - Software,-6.19673142505524,-6.19673142505524,0.24481041234016254,0.3910375670274543
COFORGE,Q4 FY24,12,Computers - Software,-13.956772065248341,-13.956772065248341,0.36071320765178605,0.3910375670274543
BRITANNIA,Q4 FY24,12,Food And Food Processing,6.0237866948702905,6.0237866948702905,0.1947929898036911,0.3910375670274543
TITAN,Q4 FY24,12,Gems Jewellery And Watches,-8.72816793048564,-8.72816793048564,0.17355755988364782,0.3910375670274543
KOTAKBANK,Q4 FY24,12,Banks,4.38646992342652,3.1797962793952403,0.30973431875414903,0.3910375670274543
LT,Q4 FY24,12,Engineering,-5.36509328198181,-5.36509328198181,0.11064321821923137,0.3910375670274543
PNB,Q4 FY24,12,Banks,1.3534210409093301,1.3534210409093301,0.32283771442955966,0.3910375670274543
DLF,Q4 FY24,12,Construction,0.27744560698021997,0.27744560698021997,0.2862237968542811,0.3910375670274543
PIIND,Q4 FY24,12,Pesticides And Agrochemicals,3.4300136791458296,3.4300136791458296,0.1627663904161902,0.3910375670274543
MANAPPURAM,Q4 FY24,12,Finance,-1.51376480033479,-1.51376480033479,0.11905174520151386,0.3910375670274543
APOLLOHOSP,Q4 FY24,12,Miscellaneous,-1.0768518440525299,-1.0768518440525299,0.17813920204937692,0.3910375670274543
BAJAJ-AUTO,Q1 FY25,13,Automobiles - 2 And 3 Wheelers,2.08942530076131,3.03763152918485,0.19515243249517705,0.38437352178696255
POLYCAB,Q1 FY25,13,Electrical Equipment,-4.82943588375163,-4.82943588375163,0.2605385623176954,0.38437352178696255
INDHOTEL,Q1 FY25,13,Hotels,5.8146113746873205,5.8146113746873205,0.15969731942897597,0.38437352178696255
OBEROIRLTY,Q1 FY25,13,Construction,1.08528613623897,1.08528613623897,0.24709523746098744,0.38437352178696255
RBLBANK,Q1 FY25,13,Banks,-2.81718316310903,-2.81718316310903,0.15699044198571063,0.38437352178696255
BAJFINANCE,Q1 FY25,13,Finance,-4.75896532168286,-4.75896532168286,0.18119758086259963,0.38437352178696255
SRF,Q1 FY25,13,Textiles - Synthetic,1.07004715145514,1.07004715145514,0.16434268220719334,0.38437352178696255
IEX,Q1 FY25,13,Capital Markets,2.71292226627146,2.71292226627146,0.2461637105567316,0.38437352178696255
JINDALSTEL,Q1 FY25,13,Steel And Steel Products,-1.47982746091553,-1.47982746091553,0.16818438412987502,0.38437352178696255
ASHOKLEY,Q1 FY25,13,Automobiles - 4 Wheelers,7.22153616258466,7.22153616258466,0.25754794746086207,0.38437352178696255
AUBANK,Q1 FY25,13,Banks,-0.7588837291250901,-0.7588837291250901,0.2210522357491845,0.38437352178696255
CANBK,Q1 FY25,13,Banks,0.89938950295656,0.89938950295656,0.16821332932477734,0.38437352178696255
DLF,Q1 FY25,13,Construction,2.51959327915674,2.51959327915674,0.19358354405263292,0.38437352178696255
BANDHANBNK,Q1 FY25,13,Banks,16.08119845794686,16.08119845794686,0.18287790294560907,0.38437352178696255
CHOLAFIN,Q1 FY25,13,Finance,3.24177307017472,3.24177307017472,0.2669934739378743,0.38437352178696255
INDUSINDBK,Q1 FY25,13,Banks,1.08304509496931,1.08304509496931,0.1380285370213869,0.38437352178696255
SHRIRAMFIN,Q1 FY25,13,Finance,8.13690779368214,7.521523178297521,0.17861260771489723,0.38437352178696255
IDFCFIRSTB,Q1 FY25,13,Banks,1.84583038730332,1.84583038730332,0.11946200202861948,0.38437352178696255
PNB,Q1 FY25,13,Banks,6.598546108779151,7.77177445523584,0.22255508959797712,0.38437352178696255
BEL,Q1 FY25,13,Electronics - Industrial,5.48650016848495,6.497858500521669,0.3063686629102575,0.38437352178696255
DIXON,Q1 FY25,13,Consumer Durables,7.2350269318679,3.14967265759451,0.32839103428697286,0.38437352178696255
BANKBARODA,Q1 FY25,13,Banks,-1.82404765865141,-1.82404765865141,0.1817309671984947,0.38437352178696255
TATASTEEL,Q1 FY25,13,Steel And Steel Products,0.13173727849133,0.13173727849133,0.19843896030349073,0.38437352178696255
ABCAPITAL,Q1 FY25,13,Finance,-5.11491762672634,-5.11491762672634,0.1931181653496787,0.38437352178696255
ADANIENT,Q1 FY25,13,Trading,1.05749454758082,1.05749454758082,0.21826301241378612,0.38437352178696255
LICHSGFIN,Q1 FY25,13,Finance - Housing,-10.78793447261516,-10.78793447261516,0.17479827525995528,0.38437352178696255
CUMMINSIND,Q1 FY25,13,Diesel Engines,6.752390045958601,6.752390045958601,0.3234334967153939,0.38437352178696255
VEDL,Q1 FY25,13,Metals,-0.22215743642236999,-0.22215743642236999,0.21513975528627577,0.38437352178696255
ABB,Q1 FY25,13,Electrical Equipment,6.70954676102519,5.42079108456006,0.3864895515068307,0.38437352178696255
ASTRAL,Q1 FY25,13,Plastic And Plastic Products,-2.81807804348506,-2.81807804348506,0.31604751209291077,0.38437352178696255
BHARATFORG,Q1 FY25,13,Castings/Forgings,7.65511366126099,5.71796208382164,0.42972172576615225,0.38437352178696255
BIOCON,Q1 FY25,13,Pharmaceuticals,0.8234173847453501,3.69207772795217,0.3110150641353316,0.38437352178696255
CONCOR,Q1 FY25,13,Travel And Transport,-0.1310733573814,-0.1310733573814,0.29963947726198126,0.38437352178696255
SAIL,Q1 FY25,13,Steel And Steel Products,-4.2895539933181395,4.5548501402628,0.35286333470543957,0.38437352178696255
SIEMENS,Q1 FY25,13,Electrical Equipment,1.40525561923802,1.40525561923802,0.28639366316457376,0.38437352178696255
NATIONALUM,Q1 FY25,13,Aluminium,-1.54813923017973,-1.54813923017973,0.35818008840846005,0.38437352178696255
NMDC,Q1 FY25,13,Mining,0.9734616057161299,3.2249095872516302,0.3349270154434881,0.38437352178696255
HEROMOTOCO,Q1 FY25,13,Automobiles - 2 And 3 Wheelers,-2.53839489838989,-2.53839489838989,0.23174143955864465,0.38437352178696255
HINDALCO,Q1 FY25,13,Aluminium,-0.21968251471553,-0.21968251471553,0.17244997612610657,0.38437352178696255
MOTHERSON,Q1 FY25,13,Auto Ancillaries,-1.59820618444535,-1.59820618444535,0.24593034580694217,0.38437352178696255
HAL,Q1 FY25,13,Aerospace & Defence,0.94236332975922,0.94236332975922,0.2695991258268831,0.38437352178696255
TCS,Q2 FY25,14,Computers - Software,-2.45764968167443,-2.45764968167443,0.28412154096332176,0.3877315699497009
RELIANCE,Q2 FY25,14,Refineries,-1.96890685051464,-1.96890685051464,0.18213117478802796,0.3877315699497009
MPHASIS,Q2 FY25,14,Computers - Software,5.67481643897062,5.16997909074646,0.1637386943879468,0.3877315699497009
TATACONSUM,Q2 FY25,14,Food And Food Processing,-8.822220048837199,-8.822220048837199,0.13703137556470849,0.3877315699497009
BAJFINANCE,Q2 FY25,14,Finance,1.52182881551409,1.52182881551409,0.1554779273274481,0.3877315699497009
INDUSTOWER,Q2 FY25,14,Telecommunication - Services,-7.3148217711472,-7.3148217711472,0.21906252069424687,0.3877315699497009
AUBANK,Q2 FY25,14,Banks,-2.8226584989956502,-2.8226584989956502,0.21500016568524383,0.3877315699497009
GMRAIRPORT,Q2 FY25,14,Travel And Transport,-1.8422502745132001,-1.8422502745132001,0.33021912912672535,0.3877315699497009
GODREJCP,Q2 FY25,14,Personal Care,-0.55996148603979,-0.55996148603979,0.18621170608698426,0.3877315699497009
IEX,Q2 FY25,14,Capital Markets,0.93344411308053,0.93344411308053,0.42871837154237624,0.3877315699497009
INDUSINDBK,Q2 FY25,14,Banks,-18.18087403040698,-18.18087403040698,0.23947551005323583,0.3877315699497009
BANDHANBNK,Q2 FY25,14,Banks,2.0830387996859603,2.0830387996859603,0.29691573189827253,0.3877315699497009
CHOLAFIN,Q2 FY25,14,Finance,-9.1608811127553,-9.1608811127553,0.2808574120999424,0.3877315699497009
DLF,Q2 FY25,14,Construction,2.37219410103303,2.37219410103303,0.33836757848274013,0.3877315699497009
BHEL,Q2 FY25,14,Electrical Equipment,3.63645672886833,3.63645672886833,0.3940998349977712,0.3877315699497009
LICHSGFIN,Q2 FY25,14,Finance - Housing,6.11551695322823,3.04332033264452,0.2297696333235857,0.3877315699497009
ADANIENT,Q2 FY25,14,Trading,9.92772963887462,3.90577140841672,0.47280119607116833,0.3877315699497009
CANBK,Q2 FY25,14,Banks,9.50768465376783,6.844227504244491,0.40079375266413875,0.3877315699497009
ABCAPITAL,Q2 FY25,14,Finance,0.48681153379002,6.12362260311258,0.2359134017756537,0.3877315699497009
BIOCON,Q2 FY25,14,Pharmaceuticals,-2.35710683312402,-2.35710683312402,0.2118934882628671,0.3877315699497009
GAIL,Q2 FY25,14,Gas,4.4980523889974,4.4980523889974,0.343023098023366,0.3877315699497009
MANAPPURAM,Q2 FY25,14,Finance,-1.50356417610972,-1.50356417610972,0.28940123976429444,0.3877315699497009
TITAN,Q2 FY25,14,Gems Jewellery And Watches,-3.5677623510765604,-3.5677623510765604,0.21643209578323153,0.3877315699497009
JINDALSTEL,Q2 FY25,14,Steel And Steel Products,4.194590719460041,4.64108964260969,0.14031493862415553,0.3877315699497009
TATASTEEL,Q2 FY25,14,Steel And Steel Products,2.76916790824934,3.63388907791766,0.12436084872717723,0.3877315699497009
SAIL,Q2 FY25,14,Steel And Steel Products,-0.08050995062023,4.5220619252509895,0.17784994563395537,0.3877315699497009
TMPV,Q2 FY25,14,Automobiles - 4 Wheelers,-4.21339844570798,-4.21339844570798,0.1793740960939184,0.3877315699497009
AUROPHARMA,Q2 FY25,14,Pharmaceuticals,-6.2862594277333805,-6.2862594277333805,0.1501106820530412,0.3877315699497009
HINDALCO,Q2 FY25,14,Aluminium,0.55133917568809,0.55133917568809,0.3023794883177274,0.3877315699497009
CROMPTON,Q2 FY25,14,Consumer Durables,-3.44117258524132,-3.44117258524132,0.27431644401582356,0.3877315699497009
MOTHERSON,Q2 FY25,14,Auto Ancillaries,-9.44181925050524,-9.44181925050524,0.2997227135604816,0.3877315699497009
ALKEM,Q2 FY25,14,Pharmaceuticals,-1.73996777569033,-1.73996777569033,0.15102522297224466,0.3877315699497009
IDEA,Q2 FY25,14,Telecommunication - Services,-6.35688285438622,-6.35688285438622,0.3532378647917655,0.3877315699497009
GLENMARK,Q2 FY25,14,Pharmaceuticals,-5.88406924367845,-5.88406924367845,0.3483446159041811,0.3877315699497009
HEROMOTOCO,Q2 FY25,14,Automobiles - 2 And 3 Wheelers,0.33844127427166,0.33844127427166,0.23725891023455722,0.3877315699497009
TATAELXSI,Q3 FY25,15,Computers - Software,-8.39289886363864,-8.39289886363864,0.1862673780730589,0.3836152369862112
TCS,Q3 FY25,15,Computers - Software,5.9110185529808605,5.9110185529808605,0.11253073241191769,0.3836152369862112
ANGELONE,Q3 FY25,15,Capital Markets,-10.05406875277945,-10.05406875277945,0.3636666644361828,0.3836152369862112
HDFCAMC,Q3 FY25,15,Capital Markets,5.2493140234171,5.2493140234171,0.32115901829701177,0.3836152369862112
HAVELLS,Q3 FY25,15,Electrical Equipment,3.2012909135218504,3.2012909135218504,0.38427765576289,0.3836152369862112
LTM,Q3 FY25,15,Computers - Software,2.42852251812911,3.9087526646468,0.25602455803199264,0.3836152369862112
JIOFIN,Q3 FY25,15,Finance,1.22727364826106,1.22727364826106,0.3620319692285045,0.3836152369862112
DIXON,Q3 FY25,15,Consumer Durables,-10.12317321737206,3.6306744259197297,0.34726763146669015,0.3836152369862112
ETERNAL,Q3 FY25,15,Internet & E-commerce,-11.29599035749141,-11.29599035749141,0.34741368434300024,0.3836152369862112
OBEROIRLTY,Q3 FY25,15,Construction,-5.30667069281813,-5.30667069281813,0.36644965202896546,0.3836152369862112
PAYTM,Q3 FY25,15,Internet & E-commerce,-4.52666547035277,-4.52666547035277,0.2976919306714259,0.3836152369862112
SUPREMEIND,Q3 FY25,15,Plastic And Plastic Products,-8.54556653877933,-8.54556653877933,0.3279208188717774,0.3836152369862112
HDFCBANK,Q3 FY25,15,Banks,0.8349827562333699,0.8349827562333699,0.17144050493555868,0.3836152369862112
PERSISTENT,Q3 FY25,15,Computers - Software,3.8277064622618804,3.8277064622618804,0.25336846540369556,0.3836152369862112
POLYCAB,Q3 FY25,15,Electrical Equipment,-8.26374022758282,-8.26374022758282,0.28693885932177604,0.3836152369862112
COFORGE,Q3 FY25,15,Computers - Software,11.78404018941813,11.36920620456528,0.37398777410548223,0.3836152369862112
HINDPETRO,Q3 FY25,15,Refineries,-4.67557487611063,-4.67557487611063,0.24253936500817114,0.3836152369862112
DLF,Q3 FY25,15,Construction,-1.34976127115816,-1.34976127115816,0.2785819568143984,0.3836152369862112
INDIGO,Q3 FY25,15,Travel And Transport,4.06184882079196,3.07366321824753,0.178941091966533,0.3836152369862112
SHRIRAMFIN,Q3 FY25,15,Finance,-1.28929619833892,-1.28929619833892,0.33922925859167863,0.3836152369862112
CDSL,Q3 FY25,15,Capital Markets,-17.37154538901288,-17.37154538901288,0.3057637626346367,0.3836152369862112
ICICIBANK,Q3 FY25,15,Banks,3.71376368858487,3.71376368858487,0.20153021418126774,0.3836152369862112
LODHA,Q3 FY25,15,Construction,4.44513651320068,4.44513651320068,0.34045367854049946,0.3836152369862112
BHEL,Q3 FY25,15,Electrical Equipment,0.14439687719129,0.14439687719129,0.3557060388425371,0.3836152369862112
BOSCHLTD,Q3 FY25,15,Auto Ancillaries,-7.34463515778589,-7.34463515778589,0.24624913185389322,0.3836152369862112
CGPOWER,Q3 FY25,15,Electrical Equipment,1.34797757649079,1.34797757649079,0.2913816728673929,0.3836152369862112
GMRAIRPORT,Q3 FY25,15,Travel And Transport,-0.309337598775,-0.309337598775,0.2462289745254292,0.3836152369862112
JSWENERGY,Q3 FY25,15,Power,-13.28434330999338,-13.28434330999338,0.3168874011913844,0.3836152369862112
CAMS,Q3 FY25,15,Capital Markets,-4.082740827847689,3.71720340394525,0.4626013893932626,0.3836152369862112
KPITTECH,Q3 FY25,15,Computers - Software,10.14514356721958,5.55407024872756,0.310441907420882,0.3836152369862112
VOLTAS,Q3 FY25,15,Engineering,-10.01783186215534,3.8753911213600096,0.3940028716912599,0.3836152369862112
ADANIENT,Q3 FY25,15,Trading,0.13994677103847,0.13994677103847,0.29614111970754636,0.3836152369862112
ADANIPORTS,Q3 FY25,15,Shipping,1.76000433261998,1.76000433261998,0.277806025305122,0.3836152369862112
ASTRAL,Q3 FY25,15,Plastic And Plastic Products,2.46129248221959,2.46129248221959,0.3532011610918918,0.3836152369862112
BANKBARODA,Q3 FY25,15,Banks,-3.76251735368601,-3.76251735368601,0.19344770819253274,0.3836152369862112
BEL,Q3 FY25,15,Electronics - Industrial,12.77478595112917,3.46563407550821,0.313780443141183,0.3836152369862112
GAIL,Q3 FY25,15,Gas,6.586231930259199,6.586231930259199,0.4547345932678654,0.3836152369862112
JINDALSTEL,Q3 FY25,15,Steel And Steel Products,-5.88840102981621,-5.88840102981621,0.2645843432662133,0.3836152369862112
KALYANKJIL,Q3 FY25,15,Gems Jewellery And Watches,14.80940309520386,14.80940309520386,0.5672034197409829,0.3836152369862112
MAXHEALTH,Q3 FY25,15,Miscellaneous,3.8338314994732197,3.8338314994732197,0.2935437549855037,0.3836152369862112
POLICYBZR,Q3 FY25,15,Internet & E-commerce,5.13562897855546,4.07238442822384,0.3589331484994361,0.3836152369862112
PRESTIGE,Q3 FY25,15,Construction,6.81539240907749,3.72118637400677,0.453255161084005,0.3836152369862112
SUNPHARMA,Q3 FY25,15,Pharmaceuticals,0.39462770271450004,0.39462770271450004,0.18232022393256225,0.3836152369862112
DIVISLAB,Q3 FY25,15,Pharmaceuticals,9.06416829226943,5.45868911958373,0.31248320847094374,0.3836152369862112
TIINDIA,Q3 FY25,15,Auto Ancillaries,-6.95881985111893,-6.95881985111893,0.3000565428228126,0.3836152369862112
GODREJPROP,Q3 FY25,15,Construction,-2.3930395375530202,-2.3930395375530202,0.2696379348119485,0.3836152369862112
CUMMINSIND,Q3 FY25,15,Diesel Engines,9.5331096025369,5.65779242418633,0.31630218319945047,0.3836152369862112
NAUKRI,Q3 FY25,15,Computers - Software,4.26143387726311,4.26143387726311,0.23546555941279404,0.3836152369862112
AUROPHARMA,Q3 FY25,15,Pharmaceuticals,1.74172817427676,1.74172817427676,0.1355510082594723,0.3836152369862112
RECLTD,Q3 FY25,15,Financial Institution,3.2568893618025,3.01860301860301,0.27865462885721354,0.3836152369862112
TRENT,Q3 FY25,15,Miscellaneous,-4.86983651886482,-4.86983651886482,0.31059018210484457,0.3836152369862112
ALKEM,Q3 FY25,15,Pharmaceuticals,-6.097997718815909,-6.097997718815909,0.125725151438081,0.3836152369862112
OIL,Q3 FY25,15,Oil Exploration/Production,-6.17841824644489,-6.17841824644489,0.31585037690433093,0.3836152369862112
VBL,Q3 FY25,15,Food And Food Processing,-8.69216815850463,-8.69216815850463,0.22829775840790115,0.3836152369862112
JUBLFOOD,Q3 FY25,15,Food And Food Processing,-2.2123259205632797,-2.2123259205632797,0.28048442816706515,0.3836152369862112
SIEMENS,Q3 FY25,15,Electrical Equipment,-4.61502154256812,-4.61502154256812,0.32750802354354275,0.3836152369862112
MOTHERSON,Q3 FY25,15,Auto Ancillaries,-2.98103310652173,-2.98103310652173,0.311593692362486,0.3836152369862112
ABB,Q3 FY25,15,Electrical Equipment,-5.60872561493412,-5.60872561493412,0.3497883534225248,0.3836152369862112
TCS,Q4 FY25,16,Computers - Software,-1.3558665819212299,-1.3558665819212299,0.43055409706959985,0.397375916777572
WIPRO,Q4 FY25,16,Computers - Software,-1.07222203918806,3.26858151421391,0.31932364685435277,0.397375916777572
INFY,Q4 FY25,16,Computers - Software,1.7673678590349602,1.7673678590349602,0.3584847513895043,0.397375916777572
TATAELXSI,Q4 FY25,16,Computers - Software,11.014376310509261,8.43107417647707,0.30752937831753036,0.397375916777572
HCLTECH,Q4 FY25,16,Computers - Software,10.62808528434128,3.05980528511822,0.30707606339628624,0.397375916777572
LTM,Q4 FY25,16,Computers - Software,5.477765100146089,5.54168821606735,0.2866903488841764,0.397375916777572
PERSISTENT,Q4 FY25,16,Computers - Software,6.21525227654532,4.081838339044539,0.3044874705739127,0.397375916777572
TECHM,Q4 FY25,16,Computers - Software,6.13555588958183,4.58409008354521,0.1968232073627451,0.397375916777572
HINDZINC,Q4 FY25,16,Metals,0.8551449324585699,0.8551449324585699,0.19049035535751188,0.397375916777572
KPITTECH,Q4 FY25,16,Computers - Software,4.17418176724979,4.17418176724979,0.31232757115859294,0.397375916777572
PHOENIXLTD,Q4 FY25,16,Construction,-5.82231166711308,-5.82231166711308,0.23596841627187928,0.397375916777572
SONACOMS,Q4 FY25,16,Auto Ancillaries,7.282111494240221,6.17377226119806,0.2516050284315171,0.397375916777572
VEDL,Q4 FY25,16,Metals,-0.23337504675569,-0.23337504675569,0.14588581759804023,0.397375916777572
COFORGE,Q4 FY25,16,Computers - Software,1.66470385225795,1.66470385225795,0.32183622801982886,0.397375916777572
INDHOTEL,Q4 FY25,16,Hotels,-4.26774333462396,-4.26774333462396,0.3430724394842939,0.397375916777572
CGPOWER,Q4 FY25,16,Electrical Equipment,-1.85952636868185,-1.85952636868185,0.3942412607712464,0.397375916777572
COALINDIA,Q4 FY25,16,Mining,-0.010106155137700001,-0.010106155137700001,0.11901968222077627,0.397375916777572
DABUR,Q4 FY25,16,Personal Care,-2.72681329478062,-2.72681329478062,0.2031517776541276,0.397375916777572
VOLTAS,Q4 FY25,16,Engineering,-1.37164626114547,-1.37164626114547,0.3285412476278283,0.397375916777572
BHARATFORG,Q4 FY25,16,Castings/Forgings,7.20760647656809,4.92964223305436,0.24942797279313828,0.397375916777572
RECLTD,Q4 FY25,16,Financial Institution,-5.046539576206531,-5.046539576206531,0.3397556117245736,0.397375916777572
UNIONBANK,Q4 FY25,16,Banks,4.1053096494718595,4.1053096494718595,0.2831778863515533,0.397375916777572
BANKINDIA,Q4 FY25,16,Banks,0.85201532110609,0.85201532110609,0.2535683017012849,0.397375916777572
LT,Q4 FY25,16,Engineering,7.84646666253017,3.6854863785498098,0.19766814930152599,0.397375916777572
MANAPPURAM,Q4 FY25,16,Finance,1.4168276097007402,1.4168276097007402,0.27252846533117153,0.397375916777572
JUBLFOOD,Q4 FY25,16,Food And Food Processing,-1.7698993868114898,-1.7698993868114898,0.3339212005476331,0.397375916777572
LUPIN,Q4 FY25,16,Pharmaceuticals,1.61749695355963,1.61749695355963,0.3114209243623547,0.397375916777572
MUTHOOTFIN,Q4 FY25,16,Finance,-6.7043718931120795,-6.7043718931120795,0.30655193760284566,0.397375916777572
CROMPTON,Q4 FY25,16,Consumer Durables,6.18339068125968,6.18339068125968,0.2669778295030207,0.397375916777572
JSWENERGY,Q4 FY25,16,Power,6.14398132948874,6.14398132948874,0.3793980140740488,0.397375916777572
PATANJALI,Q4 FY25,16,Food And Food Processing,-1.8502116494206602,-1.8502116494206602,0.31661869918448077,0.397375916777572
SHREECEM,Q4 FY25,16,Cement And Cement Products,4.80778541201045,4.12307203621427,0.337867265251684,0.397375916777572
PIIND,Q4 FY25,16,Pesticides And Agrochemicals,1.07390955593585,1.07390955593585,0.22365307883559699,0.397375916777572
POWERGRID,Q4 FY25,16,Power,-0.5566678160962499,-0.5566678160962499,0.27960695296293253,0.397375916777572
TORNTPHARM,Q4 FY25,16,Pharmaceuticals,0.71136583825954,0.71136583825954,0.28401311816738056,0.397375916777572
ZYDUSLIFE,Q4 FY25,16,Pharmaceuticals,-1.40116178644145,-1.40116178644145,0.22722056274809688,0.397375916777572
INDUSINDBK,Q4 FY25,16,Banks,0.15270784179211,0.15270784179211,0.37739859631266504,0.397375916777572
PFC,Q4 FY25,16,Financial Institution,-2.97959648774713,-2.97959648774713,0.23190875794436067,0.397375916777572
SUNPHARMA,Q4 FY25,16,Pharmaceuticals,-1.39336283481578,-1.39336283481578,0.1787513221661782,0.397375916777572
JSWSTEEL,Q4 FY25,16,Steel And Steel Products,3.11790292981419,3.11790292981419,0.20966387609122666,0.397375916777572
NTPC,Q4 FY25,16,Power,-0.82294178369559,-0.82294178369559,0.22420296432620182,0.397375916777572
IDEA,Q4 FY25,16,Telecommunication - Services,-1.2107382408701701,-1.2107382408701701,0.3427865416855846,0.397375916777572
IREDA,Q1 FY26,17,Financial Institution,-3.77679863345308,-3.77679863345308,0.23420325787004245,0.4013504075748123
TATAELXSI,Q1 FY26,17,Computers - Software,-1.7166337239930898,-1.7166337239930898,0.32909394795392505,0.4013504075748123
ANGELONE,Q1 FY26,17,Capital Markets,2.27851688512934,2.27851688512934,0.21592395395012037,0.4013504075748123
TECHM,Q1 FY26,17,Computers - Software,-0.77278055341959,-0.77278055341959,0.35299378172287726,0.4013504075748123
AXISBANK,Q1 FY26,17,Banks,-5.738039298531801,-5.738039298531801,0.2144198787848216,0.4013504075748123
HINDZINC,Q1 FY26,17,Metals,2.17156521836781,2.17156521836781,0.24138933532489204,0.4013504075748123
OFSS,Q1 FY26,17,Computers - Software,1.35696006074933,1.35696006074933,0.2561169027295104,0.4013504075748123
PERSISTENT,Q1 FY26,17,Computers - Software,-10.721470802927339,-10.721470802927339,0.38134717629274806,0.4013504075748123
APLAPOLLO,Q1 FY26,17,Steel And Steel Products,-6.936315747003401,-6.936315747003401,0.2780295792729683,0.4013504075748123
PHOENIXLTD,Q1 FY26,17,Construction,3.6368989219131196,3.6368989219131196,0.12112407267070942,0.4013504075748123
SUPREMEIND,Q1 FY26,17,Plastic And Plastic Products,5.37872927365667,3.7524064132140302,0.22557526609711398,0.4013504075748123
SBICARD,Q1 FY26,17,Finance,-6.568938170272701,-6.568938170272701,0.23992412815884487,0.4013504075748123
LODHA,Q1 FY26,17,Construction,-5.8787848394167,-5.8787848394167,0.24001866649041478,0.4013504075748123
COFORGE,Q1 FY26,17,Computers - Software,2.6459723154342902,2.6459723154342902,0.4916694985806068,0.4013504075748123
MAZDOCK,Q1 FY26,17,Aerospace & Defence,-8.30434453520357,-8.30434453520357,0.29077309839839693,0.4013504075748123
CAMS,Q1 FY26,17,Capital Markets,-4.09142879427285,-4.09142879427285,0.3189875227094424,0.4013504075748123
CHOLAFIN,Q1 FY26,17,Finance,-4.24669116317214,-4.24669116317214,0.298634262231048,0.4013504075748123
GODREJPROP,Q1 FY26,17,Construction,-1.4151285166214,-1.4151285166214,0.3050873700399972,0.4013504075748123
BHARATFORG,Q1 FY26,17,Castings/Forgings,-1.30515398747194,-1.30515398747194,0.2813460344191797,0.4013504075748123
BSE,Q1 FY26,17,Capital Markets,1.12992115004485,3.14859283950517,0.3987740519832153,0.4013504075748123
HINDPETRO,Q1 FY26,17,Refineries,1.75263959530462,1.75263959530462,0.20667885108901524,0.4013504075748123
SOLARINDS,Q1 FY26,17,Chemicals - Speciality,-3.06944015401452,-3.06944015401452,0.36049784589588346,0.4013504075748123
NAUKRI,Q1 FY26,17,Computers - Software,-0.06508368532652001,-0.06508368532652001,0.34701230590722565,0.4013504075748123
BDL,Q1 FY26,17,Aerospace & Defence,6.22376047371336,6.22376047371336,0.34761476163316474,0.4013504075748123
HAL,Q1 FY26,17,Aerospace & Defence,1.90623021397393,1.90623021397393,0.312147851211545,0.4013504075748123
RVNL,Q1 FY26,17,Construction,-3.01353565662264,-3.01353565662264,0.3193450712356506,0.4013504075748123
MOTHERSON,Q1 FY26,17,Auto Ancillaries,2.59492923165688,2.59492923165688,0.26074044203518315,0.4013504075748123
IDEA,Q1 FY26,17,Telecommunication - Services,0.03860905454582,0.03860905454582,0.2467372257093847,0.4013504075748123
INOXWIND,Q1 FY26,17,Electrical Equipment,-0.50319899030564,-0.50319899030564,0.3188208074106502,0.4013504075748123
DMART,Q2 FY26,18,Retail,-2.30934048380487,-2.30934048380487,0.19441843693670852,0.3995800755222165
TECHM,Q2 FY26,18,Computers - Software,0.13316380725283,0.13316380725283,0.22964218881498624,0.3995800755222165
DIXON,Q2 FY26,18,Consumer Durables,-4.19806253183121,-4.19806253183121,0.21034531883420685,0.3995800755222165
HAVELLS,Q2 FY26,18,Electrical Equipment,1.4470870402476699,1.4470870402476699,0.18744087514934435,0.3995800755222165
COLPAL,Q2 FY26,18,Personal Care,-0.18286692839121998,-0.18286692839121998,0.1986594065225362,0.3995800755222165
COFORGE,Q2 FY26,18,Computers - Software,5.07137683973666,5.07137683973666,0.27949152307717534,0.3995800755222165
MAZDOCK,Q2 FY26,18,Aerospace & Defence,-1.05294913108894,-1.05294913108894,0.19102357615970533,0.3995800755222165
SUPREMEIND,Q2 FY26,18,Plastic And Plastic Products,-8.28492787845217,-8.28492787845217,0.22753007991409466,0.3995800755222165
ADANIGREEN,Q2 FY26,18,Power,8.16857729890506,8.16857729890506,0.21573849465679942,0.3995800755222165
CAMS,Q2 FY26,18,Capital Markets,-0.5594595893785901,-0.5594595893785901,0.17548699137424753,0.3995800755222165
JINDALSTEL,Q2 FY26,18,Steel And Steel Products,6.10863058202887,6.37877496954635,0.14956848556185204,0.3995800755222165
SHREECEM,Q2 FY26,18,Cement And Cement Products,1.7683457299764198,1.7683457299764198,0.17332952910734525,0.3995800755222165
CGPOWER,Q2 FY26,18,Electrical Equipment,0.9524721068004101,0.9524721068004101,0.22360591172469982,0.3995800755222165
NMDC,Q2 FY26,18,Mining,2.06722425848442,3.12328683997074,0.13044621827824313,0.3995800755222165
SAIL,Q2 FY26,18,Steel And Steel Products,5.5979484588441295,8.08816546346882,0.16389814481164774,0.3995800755222165
MANAPPURAM,Q2 FY26,18,Finance,-2.4886158170746597,-2.4886158170746597,0.2391297465092047,0.3995800755222165
GODREJCP,Q2 FY26,18,Personal Care,6.42717172901472,6.42717172901472,0.18129113424724488,0.3995800755222165
MARUTI,Q2 FY26,18,Automobiles - 4 Wheelers,-3.00737095167193,-3.00737095167193,0.2891584040080938,0.3995800755222165
POWERINDIA,Q2 FY26,18,Electrical Equipment,14.09252356849153,14.09252356849153,0.29063639814106923,0.3995800755222165
ADANIENT,Q2 FY26,18,Trading,-6.8374080104619095,-6.8374080104619095,0.170995672944305,0.3995800755222165
KAYNES,Q2 FY26,18,Consumer Durables,-5.19092608245688,-5.19092608245688,0.28564914666321245,0.3995800755222165
BRITANNIA,Q2 FY26,18,Food And Food Processing,5.68507703801584,3.29046491529196,0.1948800330220106,0.3995800755222165
AMBER,Q2 FY26,18,Consumer Durables,-9.292429571418891,-9.292429571418891,0.22846633550252668,0.3995800755222165
CROMPTON,Q2 FY26,18,Consumer Durables,-2.46110475244577,-2.46110475244577,0.21475507121194293,0.3995800755222165
MANKIND,Q2 FY26,18,Pharmaceuticals,-5.84773858647726,-5.84773858647726,0.19087952877973866,0.3995800755222165
PFC,Q2 FY26,18,Financial Institution,-4.84017447322692,-4.84017447322692,0.19384877090973882,0.3995800755222165
TRENT,Q2 FY26,18,Miscellaneous,-8.13557022360391,-8.13557022360391,0.20756058294572852,0.3995800755222165
SOLARINDS,Q2 FY26,18,Chemicals - Speciality,3.09156985920694,3.09156985920694,0.20461219092785735,0.3995800755222165
UNOMINDA,Q2 FY26,18,Auto Ancillaries,6.332481577749411,6.95402330442265,0.30713718559996234,0.3995800755222165
BOSCHLTD,Q2 FY26,18,Auto Ancillaries,1.23499666664819,1.23499666664819,0.17279956170416266,0.3995800755222165
RVNL,Q2 FY26,18,Construction,-0.51534694945105,-0.51534694945105,0.15953318668404884,0.3995800755222165
JUBLFOOD,Q2 FY26,18,Food And Food Processing,6.1776131497978195,6.1776131497978195,0.23098449145140942,0.3995800755222165
PAGEIND,Q2 FY26,18,Textile Products,-1.08944779253674,-1.08944779253674,0.176658276477439,0.3995800755222165
PGEL,Q2 FY26,18,Consumer Durables,9.06331326929762,5.72968202432487,0.43772020989495547,0.3995800755222165
VOLTAS,Q2 FY26,18,Engineering,3.58728835811293,3.58728835811293,0.3391272244991036,0.3995800755222165
GLENMARK,Q2 FY26,18,Pharmaceuticals,1.16417665982088,1.16417665982088,0.27829088689969156,0.3995800755222165
MAXHEALTH,Q2 FY26,18,Miscellaneous,1.63414247808285,1.63414247808285,0.19322167121848421,0.3995800755222165
SIEMENS,Q2 FY26,18,Electrical Equipment,5.71274984368925,5.71274984368925,0.11967580138372945,0.3995800755222165
HDFCAMC,Q3 FY26,19,Capital Markets,4.33553882630693,4.33553882630693,0.21251622259230823,0.398894129547246
LTF,Q3 FY26,19,Finance,3.91133207961962,3.91133207961962,0.27795430460570464,0.398894129547246
RELIANCE,Q3 FY26,19,Refineries,-2.68731613785433,-2.68731613785433,0.1989278221812306,0.398894129547246
HDFCBANK,Q3 FY26,19,Banks,0.62247605698926,0.62247605698926,0.18837859403863508,0.398894129547246
UNITDSPR,Q3 FY26,19,Brew/Distilleries,-2.13389876977772,-2.13389876977772,0.20794457183147866,0.398894129547246
DRREDDY,Q3 FY26,19,Pharmaceuticals,4.35375377538137,4.35375377538137,0.16095645111793455,0.398894129547246
WAAREEENER,Q3 FY26,19,Electrical Equipment,3.6178676062085398,3.6178676062085398,0.24031399564559308,0.398894129547246
ADANIENSOL,Q3 FY26,19,Power,-7.72755948158302,4.39398031080451,0.2559642610442651,0.398894129547246
COFORGE,Q3 FY26,19,Computers - Software,-3.3778615528974503,-3.3778615528974503,0.3318869772211015,0.398894129547246
DLF,Q3 FY26,19,Construction,-3.98112892564808,-3.98112892564808,0.3817857536845076,0.398894129547246
PREMIERENE,Q3 FY26,19,Electrical Equipment,-6.57137871808499,-6.57137871808499,0.45716324287857,0.398894129547246
ADANIGREEN,Q3 FY26,19,Power,-8.2250305158729,-8.2250305158729,0.3742902458434975,0.398894129547246
CIPLA,Q3 FY26,19,Pharmaceuticals,-4.136295334604,-4.136295334604,0.257207076094046,0.398894129547246
SONACOMS,Q3 FY26,19,Auto Ancillaries,9.72514676262592,5.54618067274159,0.24133932291888666,0.398894129547246
CGPOWER,Q3 FY26,19,Electrical Equipment,1.9277197446711698,1.9277197446711698,0.3838141488689486,0.398894129547246
IDEA,Q3 FY26,19,Telecommunication - Services,-2.2420922256590403,-2.2420922256590403,0.18871574353251686,0.398894129547246
LODHA,Q3 FY26,19,Construction,5.58060456995435,3.18043236028908,0.510998060939799,0.398894129547246
SBICARD,Q3 FY26,19,Finance,-0.13094571921908,-0.13094571921908,0.2559623721965449,0.398894129547246
DIXON,Q3 FY26,19,Consumer Durables,2.55155758919976,2.55155758919976,0.41279264975055197,0.398894129547246
ITC,Q3 FY26,19,Cigarettes,1.1047882196936,1.1047882196936,0.33597879896381877,0.398894129547246
KPITTECH,Q3 FY26,19,Computers - Software,-5.65677320700335,-5.65677320700335,0.24475361093529643,0.398894129547246
PAYTM,Q3 FY26,19,Internet & E-commerce,-0.56308007892704,-0.56308007892704,0.3023875703452789,0.398894129547246
PRESTIGE,Q3 FY26,19,Construction,4.92373793779545,4.92373793779545,0.28166711481955164,0.398894129547246
SWIGGY,Q3 FY26,19,Internet & E-commerce,-0.57742044964493,3.6028823058446604,0.3736993083824867,0.398894129547246
CDSL,Q3 FY26,19,Capital Markets,-6.46037569876336,-6.46037569876336,0.3084743309763963,0.398894129547246
SUNPHARMA,Q3 FY26,19,Pharmaceuticals,2.4107712853475,2.4107712853475,0.14702122748559573,0.398894129547246
POLICYBZR,Q3 FY26,19,Internet & E-commerce,-12.05946388407609,-12.05946388407609,0.24380698162294726,0.398894129547246
UPL,Q3 FY26,19,Pesticides And Agrochemicals,5.41793441280121,5.41793441280121,0.19937094535388306,0.398894129547246
ADANIENT,Q3 FY26,19,Trading,14.253578282637399,13.091315502286898,0.3315484033286026,0.398894129547246
TIINDIA,Q3 FY26,19,Auto Ancillaries,3.7592050149853096,8.10122209267178,0.39327792245573484,0.398894129547246
TRENT,Q3 FY26,19,Miscellaneous,10.66171363770964,7.703531910151449,0.2982478512754826,0.398894129547246
GODREJPROP,Q3 FY26,19,Construction,0.03614106880028,0.03614106880028,0.3258517855612893,0.398894129547246
KAYNES,Q3 FY26,19,Consumer Durables,4.46065957413962,6.452975804861549,0.3535510585194448,0.398894129547246
NYKAA,Q3 FY26,19,Internet & E-commerce,12.42205395813509,5.1821298418317205,0.3125084389223467,0.398894129547246
RVNL,Q3 FY26,19,Construction,-3.28464412953815,-3.28464412953815,0.2337999794521616,0.398894129547246
SUZLON,Q3 FY26,19,Electrical Equipment,-2.21982522328376,-2.21982522328376,0.24214436317307308,0.398894129547246
UNOMINDA,Q3 FY26,19,Auto Ancillaries,-4.51464297081978,-4.51464297081978,0.3397358802106398,0.398894129547246
KALYANKJIL,Q3 FY26,19,Gems Jewellery And Watches,13.2526049360499,13.2526049360499,0.43243483467757915,0.398894129547246
DIVISLAB,Q3 FY26,19,Pharmaceuticals,1.27578363115108,4.43087640497086,0.2334316679662054,0.398894129547246
PATANJALI,Q3 FY26,19,Food And Food Processing,-1.5746155879500598,-1.5746155879500598,0.21253873811233073,0.398894129547246
HAL,Q3 FY26,19,Aerospace & Defence,1.06619325845109,1.06619325845109,0.2734286737991315,0.398894129547246
NAUKRI,Q3 FY26,19,Computers - Software,-4.01862226478917,-4.01862226478917,0.33025985079823555,0.398894129547246
NBCC,Q3 FY26,19,Construction,-1.80459750787662,-1.80459750787662,0.2167135757434373,0.398894129547246
ICICIPRULI,Q4 FY26,20,Insurance,2.01961264342135,2.01961264342135,0.18010668410179898,0.4096731021525163
ICICIGI,Q4 FY26,20,Insurance,5.58507597157283,4.04040428158359,0.18305430836379263,0.4096731021525163
HDFCBANK,Q4 FY26,20,Banks,2.05226679483654,2.05226679483654,0.17710382786220283,0.4096731021525163
RELIANCE,Q4 FY26,20,Refineries,0.32776398391402,0.32776398391402,0.21833211937982283,0.4096731021525163
COALINDIA,Q4 FY26,20,Mining,3.62405011173536,3.62405011173536,0.2983490267599245,0.4096731021525163
SBICARD,Q4 FY26,20,Finance,-4.91298748004028,-4.91298748004028,0.29077051281668664,0.4096731021525163
SUPREMEIND,Q4 FY26,20,Plastic And Plastic Products,-1.22506993919514,-1.22506993919514,0.20128218451487823,0.4096731021525163
FORCEMOT,Q4 FY26,20,Automobiles - 4 Wheelers,-0.49966043224667,3.6018957345971403,0.30935377567811945,0.4096731021525163
INDUSTOWER,Q4 FY26,20,Telecommunication - Services,-3.33255776226518,-3.33255776226518,0.19706702677271454,0.4096731021525163
APLAPOLLO,Q4 FY26,20,Steel And Steel Products,-4.94023627518703,-4.94023627518703,0.27391056947324655,0.4096731021525163
HEROMOTOCO,Q4 FY26,20,Automobiles - 2 And 3 Wheelers,1.39543492757754,1.39543492757754,0.19949457568435855,0.4096731021525163
BIOCON,Q4 FY26,20,Pharmaceuticals,3.30324948847253,3.35369993211134,0.303147848011431,0.4096731021525163
SWIGGY,Q4 FY26,20,Internet & E-commerce,-5.75659005988231,-5.75659005988231,0.33293830355719883,0.4096731021525163
BPCL,Q4 FY26,20,Refineries,3.27736797191501,3.27736797191501,0.3800930224713285,0.4096731021525163
NAUKRI,Q4 FY26,20,Computers - Software,-0.28800412042373,-0.28800412042373,0.3693261265900269,0.4096731021525163
RVNL,Q4 FY26,20,Construction,-4.03416398941318,-4.03416398941318,0.19554913637990612,0.4096731021525163
PGEL,Q4 FY26,20,Consumer Durables,2.40175274012903,2.40175274012903,0.4783249313383992,0.4096731021525163
ASHOKLEY,Q4 FY26,20,Automobiles - 4 Wheelers,-6.72214022631009,-6.72214022631009,0.332094023409626,0.4096731021525163
BDL,Q4 FY26,20,Aerospace & Defence,-9.68864286668726,-9.68864286668726,0.409943415493609,0.4096731021525163
TCS,Q1 FY27,21,Computers - Software,-1.2788850065074,-1.2788850065074,0.3406171796151774,0.4066404678141777
INDIANB,Q1 FY27,21,Banks,9.23087058919427,12.46390148387672,0.2638662574888122,0.4066404678141777
LTM,Q1 FY27,21,Computers - Software,5.40890550744769,4.74263179742631,0.35882583310742505,0.4066404678141777
TATAELXSI,Q1 FY27,21,Computers - Software,-4.475569861427791,3.61217245210416,0.31474981029358773,0.4066404678141777
JSWSTEEL,Q1 FY27,21,Steel And Steel Products,2.44626106050797,2.44626106050797,0.22291444818254896,0.4066404678141777
KOTAKBANK,Q1 FY27,21,Banks,2.38878315415473,3.39387511600159,0.21364025821412355,0.4066404678141777
VMM,Q1 FY27,21,Retail,-4.92364017814698,-4.92364017814698,0.18873770837485002,0.4066404678141777
BANKBARODA,Q1 FY27,21,Banks,-0.69491528987243,-0.69491528987243,0.15143049104899325,0.4066404678141777
HINDZINC,Q1 FY27,21,Metals,-1.07555390559536,-1.07555390559536,0.17544502571346296,0.4066404678141777
JINDALSTEL,Q1 FY27,21,Steel And Steel Products,2.00453808323829,2.00453808323829,0.1685500784600013,0.4066404678141777
SAIL,Q1 FY27,21,Steel And Steel Products,0.39969850892769,0.39969850892769,0.15130391435782428,0.4066404678141777
GODFRYPHLP,Q1 FY27,21,Cigarettes,-0.2473364603341,4.06059125335938,0.2287697249391942,0.4066404678141777
TATAPOWER,Q1 FY27,21,Power,-1.26734835625622,-1.26734835625622,0.3118386039728606,0.4066404678141777
LT,Q1 FY27,21,Engineering,3.81596180998562,3.81596180998562,0.25649687810299987,0.4066404678141777
SUZLON,Q1 FY27,21,Electrical Equipment,-9.1748176217809,-9.1748176217809,0.23194792856604926,0.4066404678141777
VBL,Q1 FY27,21,Food And Food Processing,-1.8306658115528798,-1.8306658115528798,0.26093930964157097,0.4066404678141777
FORCEMOT,Q1 FY27,21,Automobiles - 4 Wheelers,2.02388394073157,2.02388394073157,0.25886653668264437,0.4066404678141777
KPITTECH,Q1 FY27,21,Computers - Software,1.3018736062879601,8.97310648300029,0.4603024785270164,0.4066404678141777
WAAREEENER,Q1 FY27,21,Electrical Equipment,-4.23065043704139,-4.23065043704139,0.18982949430448162,0.4066404678141777
MAZDOCK,Q1 FY27,21,Aerospace & Defence,3.7159724618791503,3.7159724618791503,0.21300062424123667,0.4066404678141777
VEDL,Q1 FY27,21,Metals,1.90499579459807,3.11994906562611,0.24472465636716512,0.4066404678141777
IREDA,Q1 FY27,21,Financial Institution,0.45502886072664994,0.45502886072664994,0.20377360565763117,0.4066404678141777
KEI,Q1 FY27,21,Miscellaneous,14.13255784347034,4.15668298781122,0.1813675629661434,0.4066404678141777
BSE,Q1 FY27,21,Capital Markets,-3.05506165714584,-3.05506165714584,0.25319077380700594,0.4066404678141777
AUROPHARMA,Q1 FY27,21,Pharmaceuticals,2.22231689308486,3.7408491851389005,0.31909708015814897,0.4066404678141777
FORTIS,Q1 FY27,21,Miscellaneous,2.44391952359548,2.44391952359548,0.17152271563873422,0.4066404678141777
LICI,Q1 FY27,21,Insurance,0.71198220428844,0.71198220428844,0.2722606339820181,0.4066404678141777
TRENT,Q1 FY27,21,Miscellaneous,-3.55800693132444,-3.55800693132444,0.2543392897567608,0.4066404678141777
INOXWIND,Q1 FY27,21,Electrical Equipment,-6.8619114432602295,-6.8619114432602295,0.3425816624908056,0.4066404678141777
DELHIVERY,Q1 FY27,21,Travel And Transport,2.13494296188829,3.1592975139945003,0.2342333423582282,0.4066404678141777
IDEA,Q1 FY27,21,Telecommunication - Services,2.0521048083893203,2.0521048083893203,0.20073494039653286,0.4066404678141777
NBCC,Q1 FY27,21,Construction,-3.3482650510638403,-3.3482650510638403,0.19961157211486977,0.4066404678141777
ZYDUSLIFE,Q1 FY27,21,Pharmaceuticals,8.040601510873891,6.86511872330042,0.29506496963177187,0.4066404678141777
GMRAIRPORT,Q1 FY27,21,Travel And Transport,-3.1347926141929396,-3.1347926141929396,0.30867086530473825,0.4066404678141777
MAXHEALTH,Q1 FY27,21,Miscellaneous,-3.01314866493992,-3.01314866493992,0.22018076830055036,0.4066404678141777
MFSL,Q1 FY27,21,Insurance,2.5959082776591798,2.5959082776591798,0.29713805648860553,0.4066404678141777
AMBER,Q1 FY27,21,Consumer Durables,3.88749025205286,3.3751667959465097,0.3302012906045194,0.4066404678141777
PATANJALI,Q1 FY27,21,Food And Food Processing,0.37146168219376,0.37146168219376,0.38328711525522374,0.4066404678141777
VOLTAS,Q1 FY27,21,Engineering,-1.6862227647474,-1.6862227647474,0.2567119325095721,0.4066404678141777
