r1w_le_pct,days_after_qe_ge,exit,trades,avg_pct,win_rate_pct,quarters_with_picks,quarters_pos,quarters_pos_net,first14,last8
-0.5,0,3day,1382,0.015037493450163631,47.9739507959479,22,13,10,9/14,4/8
-0.5,0,tp,1382,-0.010502539990628716,50.94066570188133,22,13,11,8/14,5/8
-0.5,15,3day,1341,0.03687989763895058,48.173005219985086,22,13,11,9/14,4/8
-0.5,15,tp,1341,0.0013434281221182437,51.1558538404176,22,14,10,9/14,5/8
-0.5,20,3day,1232,0.10306074376054848,48.538961038961034,22,11,11,8/14,3/8
-0.5,20,tp,1232,0.047931121135698036,51.5422077922078,22,13,11,9/14,4/8
-0.5,23,3day,1158,0.21736126346553797,49.740932642487046,22,13,11,9/14,4/8
-0.5,23,tp,1158,0.15542377455261477,52.59067357512953,22,14,13,10/14,4/8
-0.5,26,3day,1003,0.47385550764379497,50.94715852442672,22,17,12,12/14,5/8
-0.5,26,tp,1003,0.38916657090180834,53.838484546360924,22,15,14,11/14,4/8
-0.5,30,3day,739,0.4054145844855944,50.20297699594046,22,16,15,12/14,4/8
-0.5,30,tp,739,0.25728722103246154,52.09742895805142,22,13,13,9/14,4/8
-0.5,35,3day,524,0.16017412355903235,48.091603053435115,22,16,14,12/14,4/8
-0.5,35,tp,524,0.05443952522693836,50.19083969465649,22,13,12,10/14,3/8
-0.5,40,3day,347,0.36702835751848345,49.85590778097983,22,15,12,11/14,4/8
-0.5,40,tp,347,0.2293229936351933,51.873198847262245,22,14,10,9/14,5/8
-1.0,0,3day,1203,0.13647027439919085,49.459684123025774,22,12,12,8/14,4/8
-1.0,0,tp,1203,0.09268055130558335,52.53532834580216,22,14,12,9/14,5/8
-1.0,15,3day,1172,0.17698003133609735,49.829351535836174,22,12,12,8/14,4/8
-1.0,15,tp,1172,0.12148761129470911,52.901023890784984,22,14,13,9/14,5/8
-1.0,20,3day,1085,0.21400056444280954,49.86175115207373,22,13,11,9/14,4/8
-1.0,20,tp,1085,0.13489605214856024,52.903225806451616,22,14,12,9/14,5/8
-1.0,23,3day,1023,0.35350575861719347,51.2218963831867,22,15,13,10/14,5/8
-1.0,23,tp,1023,0.25898876001058124,54.05669599217986,22,15,14,10/14,5/8
-1.0,26,3day,883,0.6175507369758492,52.434881087202726,22,17,14,11/14,6/8
-1.0,26,tp,883,0.50171240732139,55.379388448471126,22,17,15,10/14,7/8
-1.0,30,3day,639,0.6007649144136713,52.42566510172144,22,20,18,13/14,7/8
-1.0,30,tp,639,0.4080857828939639,54.147104851330205,22,17,13,11/14,6/8
-1.0,35,3day,450,0.36201018879116625,50.22222222222222,22,16,15,12/14,4/8
-1.0,35,tp,450,0.22100654605784467,52.22222222222223,22,15,13,10/14,5/8
-1.0,40,3day,302,0.48856612385005016,51.324503311258276,22,14,14,10/14,4/8
-1.0,40,tp,302,0.29533013418793136,52.980132450331126,22,14,14,10/14,4/8
-1.6420000000000001,0,3day,984,0.2126177220230481,49.390243902439025,22,16,13,12/14,4/8
-1.6420000000000001,0,tp,984,0.18149168787238612,52.947154471544714,22,16,12,11/14,5/8
-1.6420000000000001,15,3day,957,0.25620036990491757,49.843260188087775,22,17,14,12/14,5/8
-1.6420000000000001,15,tp,957,0.21128281816913014,53.396029258098224,22,16,14,11/14,5/8
-1.6420000000000001,20,3day,887,0.2976514669278998,49.83089064261556,22,17,13,12/14,5/8
-1.6420000000000001,20,tp,887,0.23192973097838915,53.43855693348365,22,17,14,11/14,6/8
-1.6420000000000001,23,3day,841,0.4061218984466518,51.010701545778836,22,19,16,13/14,6/8
-1.6420000000000001,23,tp,841,0.31159162161885445,54.34007134363853,22,18,17,12/14,6/8
-1.6420000000000001,26,3day,725,0.735445731560785,52.689655172413794,22,22,17,14/14,8/8
-1.6420000000000001,26,tp,725,0.6033189796357268,56.137931034482754,22,19,17,11/14,8/8
-1.6420000000000001,30,3day,518,0.6980165505348526,52.123552123552116,22,20,19,13/14,7/8
-1.6420000000000001,30,tp,518,0.47362150591755026,54.054054054054056,22,18,17,11/14,7/8
-1.6420000000000001,35,3day,363,0.4394009462509573,49.862258953168045,22,16,15,12/14,4/8
-1.6420000000000001,35,tp,363,0.25757415117792515,52.066115702479344,22,16,13,11/14,5/8
-1.6420000000000001,40,3day,248,0.5730946226586754,50.806451612903224,21,13,13,10/13,3/8
-1.6420000000000001,40,tp,248,0.3312051829142572,52.82258064516129,21,14,14,11/13,3/8
-2.0,0,3day,880,0.20460685602336567,49.77272727272727,22,14,13,10/14,4/8
-2.0,0,tp,880,0.16834996176376665,53.40909090909091,22,13,12,9/14,4/8
-2.0,15,3day,855,0.24811870601611621,50.29239766081871,22,14,13,10/14,4/8
-2.0,15,tp,855,0.20702034596567226,54.03508771929825,22,14,13,10/14,4/8
-2.0,20,3day,792,0.2963351682953876,50.505050505050505,22,16,12,12/14,4/8
-2.0,20,tp,792,0.23490511714803933,54.292929292929294,22,16,14,11/14,5/8
-2.0,23,3day,754,0.39604120118284114,51.45888594164456,22,17,13,12/14,5/8
-2.0,23,tp,754,0.30339215140344933,54.907161803713535,22,17,14,12/14,5/8
-2.0,26,3day,645,0.736416924644353,53.02325581395348,22,19,17,13/14,6/8
-2.0,26,tp,645,0.6028520938425685,56.58914728682171,22,17,16,12/14,5/8
-2.0,30,3day,459,0.7245015281353375,52.723311546840954,22,18,16,12/14,6/8
-2.0,30,tp,459,0.4441771828867672,54.46623093681917,22,16,14,10/14,6/8
-2.0,35,3day,324,0.47504785684736545,50.617283950617285,21,15,14,11/13,4/8
-2.0,35,tp,324,0.24282554656363517,52.46913580246913,21,14,13,11/13,3/8
-2.0,40,3day,221,0.7353654948334488,52.488687782805435,21,13,13,10/13,3/8
-2.0,40,tp,221,0.41165551749131796,53.84615384615385,21,15,15,12/13,3/8
-3.0,0,3day,610,0.05720431272913689,48.68852459016394,22,14,12,11/14,3/8
-3.0,0,tp,610,0.03506064922456327,52.622950819672134,22,12,12,9/14,3/8
-3.0,15,3day,596,0.10163252478115627,49.16107382550335,22,13,12,11/14,2/8
-3.0,15,tp,596,0.07354415962600136,53.187919463087255,22,13,11,10/14,3/8
-3.0,20,3day,558,0.16870124590305682,49.46236559139785,22,13,11,11/14,2/8
-3.0,20,tp,558,0.1318347819262214,53.584229390681,22,12,11,9/14,3/8
-3.0,23,3day,532,0.262777134280248,50.37593984962406,22,14,12,11/14,3/8
-3.0,23,tp,532,0.19034020345849603,54.13533834586466,22,14,11,10/14,4/8
-3.0,26,3day,453,0.6814020747241442,52.09713024282561,22,16,12,12/14,4/8
-3.0,26,tp,453,0.5490940388051592,55.84988962472406,22,17,15,13/14,4/8
-3.0,30,3day,307,0.6378081041428894,51.465798045602604,22,14,14,11/14,3/8
-3.0,30,tp,307,0.3043786589803388,53.09446254071661,22,14,14,11/14,3/8
-3.0,35,3day,217,0.37083945539576957,49.30875576036866,21,14,14,11/13,3/8
-3.0,35,tp,217,0.1003565802718139,51.1520737327189,21,14,14,11/13,3/8
-3.0,40,3day,155,0.671039226252269,51.61290322580645,21,14,14,10/13,4/8
-3.0,40,tp,155,0.2519684609679328,52.25806451612903,21,14,14,10/13,4/8
-5.0,0,3day,283,0.47373676295930955,52.29681978798587,22,14,13,11/14,3/8
-5.0,0,tp,283,0.4025087388943249,57.95053003533569,22,13,13,11/14,2/8
-5.0,15,3day,277,0.48717550363864226,52.34657039711191,22,14,14,11/14,3/8
-5.0,15,tp,277,0.40273304260949716,58.12274368231047,22,15,13,12/14,3/8
-5.0,20,3day,261,0.47080534171803756,52.10727969348659,22,14,14,11/14,3/8
-5.0,20,tp,261,0.3753380383739363,57.8544061302682,22,15,14,12/14,3/8
-5.0,23,3day,250,0.628951975721877,53.2,22,17,16,12/14,5/8
-5.0,23,tp,250,0.4506299202412248,57.99999999999999,22,16,15,13/14,3/8
-5.0,26,3day,210,1.1350198656513266,53.80952380952381,22,18,18,12/14,6/8
-5.0,26,tp,210,0.9117445085285093,59.523809523809526,22,17,17,12/14,5/8
-5.0,30,3day,138,1.1332987808171369,55.79710144927537,22,17,17,12/14,5/8
-5.0,30,tp,138,0.6216272466878248,57.971014492753625,22,17,16,12/14,5/8
-5.0,35,3day,99,0.5887689729751738,50.505050505050505,18,13,13,10/10,3/8
-5.0,35,tp,99,0.10510407200004597,53.535353535353536,18,12,12,10/10,2/8
-5.0,40,3day,70,1.0528014423418495,52.85714285714286,17,12,12,9/10,3/7
-5.0,40,tp,70,0.411834950591378,54.285714285714285,17,12,12,9/10,3/7
