version,threshold_pct,exit,windows,avg_pct,win_rate_pct,quarters_with_picks,quarters_pos,avg_p95_pct,frac_quarters_pos,p_frac_quarters_pos_ge_results,p_avg_ge_results,p_all_quarters_pos
all eligible dates,-10.0,3day,7942.0,0.48112925748262403,54.986149584487535,22.0,19.0,,,,,
all eligible dates,-10.0,tp,7942.0,0.3771671839255855,55.65348778645177,22.0,18.0,,,,,
all eligible dates,-12.0,3day,4730.0,0.48300500981606764,54.5877378435518,22.0,17.0,,,,,
all eligible dates,-12.0,tp,4730.0,0.36654790934460885,55.20084566596194,22.0,16.0,,,,,
all eligible dates,-15.0,3day,2146.0,0.6251156843243243,55.35880708294501,22.0,17.0,,,,,
all eligible dates,-15.0,tp,2146.0,0.4859668672087604,56.19757688723206,22.0,17.0,,,,,
all eligible dates,-18.0,3day,998.0,0.8917264930861724,57.51503006012024,20.0,14.0,,,,,
all eligible dates,-18.0,tp,998.0,0.7152915444889779,59.018036072144284,20.0,15.0,,,,,
all eligible dates,-20.0,3day,669.0,0.9223382386547084,57.69805680119582,19.0,15.0,,,,,
all eligible dates,-20.0,tp,669.0,0.6888018054708517,59.19282511210763,19.0,15.0,,,,,
one random date per stock-season (500 draws),-10.0,3day,201.388,0.45341583229986354,,21.702,13.756,0.9041342414609959,0.6338307359307359,0.206,0.156,0.0
one random date per stock-season (500 draws),-10.0,tp,202.836,0.36228961174849494,,21.742,13.816,0.7812084460311373,0.6354709956709956,0.102,0.032,0.0
one random date per stock-season (500 draws),-12.0,3day,120.51,0.457023237434345,,21.118,12.76,1.0654982470624315,0.6040544543176122,0.178,0.068,0.0
one random date per stock-season (500 draws),-12.0,tp,119.956,0.3666305636109958,,21.028,12.746,0.8848690396525463,0.6060563378142325,0.172,0.018,0.0
one random date per stock-season (500 draws),-15.0,3day,55.676,0.5455898981668544,,17.518,10.06,1.496541371794339,0.5746402376605163,0.006,0.01,0.0
one random date per stock-season (500 draws),-15.0,tp,54.938,0.48300332673209456,,17.442,10.31,1.3893450025410252,0.5908275501072715,0.0,0.004,0.0
one random date per stock-season (500 draws),-18.0,3day,26.318,0.8401582351288347,,12.51,7.11,2.6476118293989876,0.5688709628606686,0.01,0.042,0.002
one random date per stock-season (500 draws),-18.0,tp,26.334,0.6034304375725098,,12.712,7.228,2.2015675095007494,0.5691316242580948,0.008,0.01,0.0
one random date per stock-season (500 draws),-20.0,3day,17.992,0.8014582294142026,,10.456,5.896,3.1776337937828947,0.5619798201798202,0.002,0.024,0.002
one random date per stock-season (500 draws),-20.0,tp,17.666,0.7175004884180677,,10.312,6.036,2.683607164537815,0.5853693473193473,0.006,0.006,0.006
