max_abs_t,n_abs_t_ge2,n_t_ge2,best_A_avg,worst_B_avg
2.1430337084487774,1,0,0.5344831710812045,-0.6096339669451493
2.3524698622808007,2,1,1.2132856708748438,-0.6266720998617761
2.1927141763721463,1,0,0.4943145778401665,-0.7278932463094138
2.4792039052832293,3,2,0.3750363755700026,-1.2517205757835022
2.698830773402674,2,1,0.8247868739610601,-0.43732097351919064
4.575907481486266,3,3,0.47082312202078236,-1.432544866629605
2.9876510333920483,5,2,1.230912003376522,-1.075155490576792
3.4520503984678284,1,1,0.9261666503882985,-0.4854253502003526
2.8022597753031784,3,1,0.1345978080672527,-0.9684701354711992
2.028949667801944,1,1,1.0241611906222639,-0.6786863868815141
10.307759469926166,4,0,0.6785409725468238,-0.6665023817725299
3.0547807295868505,3,1,1.2388858745608815,-0.7401330352480503
2.5794152878890166,2,0,0.9825617001372153,-0.9555133056800567
2.79269389591621,1,0,0.943432931768232,-0.41683370069212267
11.066605795902953,6,2,0.9020682293080682,-0.6456009730725796
2.840637023978206,2,1,1.9758558980338305,-0.46573667874801056
3.3264262844536994,4,2,1.0509404191718288,-1.5592150135168037
9.702466463805335,3,1,1.2283252972836411,-0.6786348461095745
2.3578390120593995,3,3,0.8305685631190189,-0.8527409225543511
2.542144509972976,4,4,1.324502904557864,-0.5307116842254053
2.84617323015702,3,3,1.2620391287347033,-0.8527611747271389
2.2575044913033704,3,1,1.4220727628170053,-0.697709882208628
3.3007275587101543,5,3,1.0867031646272383,-0.7068256892090474
2.2793671114707834,3,2,1.6768396798327168,-0.16545937373602362
10.201802107733483,3,1,0.4452477066123694,-1.0506035015377504
3.0006275134929643,6,5,1.7887802473709002,-0.8095232952065575
2.3231077224394077,1,0,1.3825950792932264,-0.3947148076524741
2.630054081629311,3,3,0.5427837802758908,-1.0407326332073912
2.061631233763527,1,1,0.689014849159289,-0.8093235966744676
2.70030614799491,2,2,0.7358045375835209,-0.7010639096978971
3.533412604468399,6,0,1.0845367403292157,-0.750039686886685
3.140623124332253,5,2,0.32112171561504643,-1.6745131164009848
2.630074061858904,1,0,0.5859971071785293,-0.4888264616264549
2.9244115240681055,5,1,0.6561225168993322,-1.531818130016156
2.0390538002403065,1,1,1.1219311006002113,-0.80287111523418
2.7385952326795646,1,1,2.099400198620386,-0.6881886238695972
3.0871606773143427,9,2,0.7258813706665237,-1.5696640694268347
2.5950392051647584,3,3,0.9821820076962825,-0.6565196324880321
2.2993592028113627,3,2,0.9946829697870817,-0.823670295909234
3.2166045722746155,4,2,1.5392203942958913,-0.26430274320273867
2.3820246182058287,2,1,0.6810186124771558,-0.39178195481834316
6.9960992885754,6,5,0.9348315216927052,-2.026554914572398
2.001458409829639,1,1,1.408033484678552,-0.6061574651630949
3.343878545285895,6,5,0.9953806006912883,-1.2287497202924218
6.958994741509095,4,2,0.9500188596046037,-0.6838245395367809
13.521059088674475,5,1,0.9778260382457264,-0.85800292131643
2.2911458318312934,2,0,1.2349646394705462,-0.8224846539060754
2.773330349218665,4,3,0.9299955723547366,-0.4365655569396426
4.334963556784106,5,3,0.8195949719417611,-0.8911262358875645
2.498227926845529,2,0,0.685465856143615,-0.6788108798608286
2.3068920202036147,1,0,0.7452802580587068,-0.7591889865779751
2.4410295582353725,2,0,0.70810692135406,-0.47298096052428046
3.133943176977283,5,3,1.399189526152577,-0.5806606792234066
6.774093170313072,3,3,0.9869295853451531,-0.4563404423884054
3.0668622708830595,4,2,1.4346271914166435,-0.5782535271208401
2.910404925155061,5,0,0.8348474298314543,-0.9067641725431651
2.773458608261429,5,4,0.7433832633765823,-0.7387504780440745
5.365250708949764,3,1,1.9041001088098386,-0.6214091726878384
3.287454511693994,1,1,1.3337772298823765,-0.8936889802656914
6.803992787408389,4,0,1.2102717543811712,-0.6152392660756452
4.0048299521951005,2,1,1.3106917318304225,-0.4779418542404891
2.384720996991885,3,0,0.43168122151640126,-0.7496585063981317
9.31317431716429,2,1,0.9945885138164522,-0.6823435511944219
5.136293861834518,1,1,1.350624006006907,-0.5462949388927205
2.675109001890621,5,1,0.9143798461426929,-0.9645619508244482
2.1222851626216332,1,0,0.5462126976380849,-1.0667628575245238
2.6561940856310966,1,0,0.684705360416723,-0.7678243219726416
3.18163076374646,4,3,1.1665570815606272,-0.7217781536352417
2.112887352435172,1,1,1.6178137301956346,-0.7740668471361408
2.5143303633837077,4,2,0.4385165527636807,-1.1504049466488941
2.607162560513131,6,4,2.2443130486813176,-0.1936947140289141
18.331292701679782,5,4,1.0919269411814194,-1.6820389396155022
3.0333703412654365,2,1,0.8357090512463918,-0.6682311810219566
2.022772954206657,1,0,0.5427923546343901,-0.8581108385448605
2.678902357870061,1,1,0.9488945965784221,-0.6790447253986498
3.0705605741599955,4,1,1.1819631230159906,-0.5561816003983656
32.61626546360298,3,3,1.7570472868258131,-0.41395472545790357
7.896812577446404,5,5,0.86090574483279,-0.9796064804297958
3.235644260879441,4,2,0.4907843724011618,-1.0251964742700854
3.345434465780957,4,0,0.3741723698391297,-1.2668155922005844
2.41643091777707,2,1,1.723983395409701,-0.4517127793285009
2.268714428421515,2,0,0.8172030173409454,-0.5554707834173664
2.521196620520206,3,0,0.8678249347704688,-0.7965275737231291
3.978458738808631,5,3,0.7183782092212284,-0.8389812419812934
2.9911898784857187,4,0,1.1166215401647248,-0.48797154252558517
2.135985747415615,1,0,0.8462708429353073,-0.4512331474602154
2.5394734365130884,4,3,0.9342568987798624,-1.0432156939659507
3.226446164052946,2,2,1.4589258557308877,-0.9813161451295206
3.7754489451224917,3,2,2.202140879446618,-0.8236296144567923
4.473408625895313,4,2,1.669057208735841,-0.5199251526322795
2.076635260535234,2,0,0.4018532319663982,-1.0032487600819973
9.928594762070992,5,2,0.649571966924598,-0.5217518871963148
2.4662697700395317,3,1,0.8810629819573893,-0.864872741858326
3.3400846713361947,3,1,0.8432870289507448,-0.8472082101759697
21.90045346246573,2,0,2.0899602556555337,-0.1427226491867041
2.48441908999561,2,1,1.4038354308833476,-0.6339605530348367
2.6679472932157604,5,4,1.2191132722982123,-1.2006093041546717
2.071741009427956,1,1,0.5633365616095312,-0.9568286409698114
6.121722811939366,3,1,0.7546765363194635,-1.0134257327453622
6.341612523712433,2,0,1.1983391584049246,-0.4480643963243815
1.6663890451983432,0,0,1.121415417418373,-0.36149406245128335
2.703315842177737,10,3,0.5645488699441583,-0.7501788937368628
3.277171456526388,2,2,0.6625203613780744,-0.503768581829671
1.8414295278025894,0,0,0.6721355052933728,-0.811907851488137
2.624808736051151,1,1,1.1013575341375075,-0.39880073577942077
2.9047406855357965,6,3,0.7116941617961202,-0.5078554374804362
2.7992903520590993,5,3,0.8957707259632764,-0.8332028194467458
2.776070666166532,3,2,1.0589606158014193,-0.9966894360400702
2.1722716549402916,1,1,1.1366678196927305,-0.8072014445124778
2.035524946576412,1,1,1.5095091319551042,0.07728979950169733
1.7647400630109014,0,0,0.866279796288282,-0.7133169617821273
2.331726170672018,2,0,0.3197503109898972,-0.9917822439848312
2.518252642033069,2,1,1.13399028897527,-0.62967369239475
3.513965590845779,3,1,0.8795562629778135,-0.8708985780184606
3.50573080515041,5,5,1.8555268020198867,-0.40915033899967396
2.8681237003732063,4,1,1.026132625369036,-0.8811475486550836
2.3997799415157512,2,1,0.8864051274022579,-0.6419164651549362
2.7310324702587394,3,1,1.0845567170456434,-0.12932005929159948
4.715084816996635,3,1,0.4673437501462373,-0.8973756273893876
3.53530996001891,5,2,0.6978034546134453,-1.1626301273517405
2.7167819308693972,3,2,0.7460035945808207,-0.6618714890027917
2.6780830664536075,3,2,1.1148989861783687,-0.6225988357361126
1.5104096509964071,0,0,1.2960921007428876,-1.8614985987295465
3.020706122391462,4,3,0.39546116416515015,-1.2794128969671426
2.2481770666779752,4,2,1.018043244475991,-0.6278300497150083
6.702086291357464,3,1,0.811589234078219,-0.0048437620136709
3.04184489474447,4,2,0.7135517920685595,-0.8757487178044217
2.6520581425144854,3,1,1.4037981727596385,-0.8198297605347858
2.8965317141911853,3,1,0.911279328665415,-1.29178568797137
1.838444325177049,0,0,0.8331778364090174,-0.8946457171284469
2.388745743171586,2,1,1.0286389412799146,-0.4910862734220721
3.990652241721982,7,2,1.4046385814691018,-0.9893556733485724
10.883745411359241,6,4,0.7444456425939534,-1.4028464479548948
2.3019754406935293,1,1,1.136173260331135,-1.0741365209403606
1.9309327661136733,0,0,1.5251589851233691,-0.5618067161562011
1.7680167795163986,0,0,0.6721806876929294,-0.5378502122722072
1.8910193584626234,0,0,1.649923330573135,-0.7083906614138709
2.3641536000906647,2,1,1.2232000196678015,-0.4179326678453014
2.0802345583922657,1,1,0.6026506947582817,-1.116018935679594
2.0332855378178674,1,1,0.2677336912427142,-1.0886239947462972
2.8257697541980606,2,1,0.7219658163011896,-0.6743529039555884
3.1097997338052243,3,1,0.44164884326336323,-0.8131301064099067
2.226516220627747,2,1,1.0599691242307767,-0.48810255754482246
2.8773152873043686,5,1,0.764644316109067,-1.6174836590210442
2.101447532941128,2,1,0.7791383550021886,-0.3524014344090684
2.257415771408633,1,1,0.3536386425784437,-0.6788917913343613
1.838421869737405,0,0,0.5937220141530294,-1.4709301408666622
2.808096077903862,2,1,1.2807110586880004,-0.618614581921079
3.54412891157052,1,0,1.3677032719288595,-0.1373927582081889
2.855887641228796,4,1,1.187892737951203,-1.0288763972947954
1.986701312636018,0,0,1.5427518611508126,-0.3494203710854819
2.5146877899775832,1,0,0.6729981544908805,-1.1485483787241682
3.46351546302076,4,2,0.6745368825443657,-0.8867166804408291
2.7896482524438118,2,2,0.9924120450811759,-0.6182752968166743
71.72124609349379,7,1,1.0489288177293525,-0.5067002481338062
88.10525800322594,2,2,0.579625103390958,-0.5695488241736022
12.752676143431835,7,3,0.8469102414913294,-0.7346132250342824
2.970882764510769,4,2,1.134496054763642,-0.8627135123788007
1.3269008870856631,0,0,0.4381906785765,-0.7679278099835997
2.366118431382815,5,2,1.8104098081300273,-0.4791868422772763
3.2829518773139617,5,2,0.7918818048782901,-0.8321557727663965
2.6157006248391688,3,1,1.5211958161162513,-0.6146299753562694
2.8824461292331036,2,0,1.6900577808059074,-0.2965834854449409
3.1325209873409063,2,0,0.35964365193027303,-1.0837451428429052
1.9200407651081004,0,0,0.8299473109829547,-1.4086786401644498
3.0093499093137117,2,1,0.6435595595215643,-0.7698927953581477
3.1321048313435376,6,4,1.5970778735621127,-0.5521157659493449
5.06401762735666,1,1,0.9427662244524826,-0.705920059716438
8.062488887698457,8,3,0.9824666300071119,-0.4574634865038621
2.4650668141903713,3,3,1.6890352660050454,-1.1555112381663002
3.0917256371312383,2,1,1.1540888178567066,-0.26150316643088595
2.7653008957184384,6,3,0.9597825645263822,-0.805475177270577
2.1012562260874286,1,1,1.3528118025461866,-0.9821711787875482
2.574224032982216,2,1,0.9872727466298721,-0.8452516218706498
4.0100915688777725,4,1,0.9703130989948466,-0.8277492367805597
7.923352398979106,3,2,0.833028681085603,-1.3037247791152033
4.356766400951444,3,1,1.1230412014915834,-0.18696819323510044
2.850706447523001,4,2,1.237764312708889,-0.7406646487066728
3.8572322189061645,2,0,0.5132454197867519,-0.2562221678799177
2.4437820484157906,6,0,0.8655459100712839,-0.7720665109320746
17.05920219946291,6,6,0.6777832779671998,-0.9775985634943104
5.393330248551514,2,1,1.3042794715835055,-0.586003309408548
4.587821843453509,2,2,1.4383785441651364,-0.7497547002588656
3.7164984322666714,2,1,1.536798769301181,-0.3792343279188856
2.1004251775550973,1,1,1.2557487354540033,-0.5698060498324192
2.6125281264888454,3,2,0.890899134833737,-1.1422809570127497
43.011440860865164,1,0,1.0407673795947667,-0.8235006788848631
2.3020550501497232,3,2,0.971921176897924,-0.4883137683309509
8.122826015708055,5,2,0.8169569299354834,-0.7903110788729887
2.7952563825850207,4,4,1.2764995224820843,-0.8628253952961078
3.959319174558623,2,1,0.18563092089949473,-1.0067012885765674
9.801604492153206,5,5,0.8388802355506465,-0.7808641655557442
1.9555611968780646,0,0,1.2856721713147226,-1.16844457797514
15.912312654320326,1,1,0.4805823942845045,-0.7340139682914866
2.7683880585609444,1,0,0.5173426076926255,-0.9131910308747787
2.5719764514787067,4,3,1.5457553814440559,-0.8451872920629278
4.016948983696709,4,2,1.03086655944495,-0.9770138232502148
3.073097420200851,5,2,1.1285695710355061,-0.5275554467851497
2.243202989899425,1,0,0.6331792336740047,-1.3423097213165016
4.405490409231877,1,1,1.1131828202425533,-1.0447765424594901
5.61331163022002,3,3,0.6647321294201192,-0.6539575157111818
4.831295448647012,5,1,0.4939785840930306,-0.8820678393569481
2.827253052240058,3,2,1.1508687984311066,-1.7988760198215188
1.964229753667467,0,0,0.884344563743391,-0.5273156172831024
36.33962637197307,6,4,2.142644469310738,-0.3729819643497219
3.49002871998713,2,1,0.6733740700900565,-1.1493644515048085
16.836868875142034,1,0,0.8186733125487399,-0.5379565380269133
2.1967452562448098,2,2,0.8082650946075477,-0.6021534683182901
2.2465363419741635,3,0,0.8749060004193843,-1.0228505238660588
2.3484325873636753,1,1,1.2746485964139442,-1.7203736791038315
2.6893023496730875,3,2,0.6682801887268793,-0.986664354301519
2.701932152965337,5,2,0.9331235282381862,-0.19683792956983714
2.8134257796900246,1,0,0.7006553155616163,-1.1725662265721168
2.219503344592162,1,0,0.9911218334487294,-0.9800651635699875
3.554349143525043,3,2,1.0361354337030615,-0.3304681072122573
3.5095644032623996,5,4,1.6053358221771556,-0.7711224830318966
3.4979328459963503,2,2,0.6250780946245876,-0.8576211744682685
2.279689315222419,1,0,1.134034852497132,-0.870972655953979
10.178330745274103,4,4,1.0547125952698535,-1.0153254072793292
2.4931513128103013,1,0,1.4839916721389836,-0.2969456769472301
3.4906390164012815,4,0,0.6087644969509619,-0.7179244968161231
2.4541176526842703,2,1,0.7403726389929354,-0.8044153772021267
2.734353433177602,3,1,0.7361966362179315,-0.9194647843598135
2.788548302752562,3,1,0.6933452725923831,-0.9917441379155663
3.091414679076281,1,0,0.9555455437588313,-0.6792053775986137
2.2414948901481067,3,1,1.035162749190055,-0.6094982042110866
2.677077185621707,4,1,1.0917744837445635,-0.6801326373731404
2.9676649293317148,3,3,1.1901981401951227,-1.4601655119439627
2.8666074814752993,1,1,0.8052959114277114,-1.018826907999992
2.4461357150318923,2,2,1.524722288139626,-0.5252372244992668
1.9263406876139304,0,0,1.098536096689276,-0.6873230976117445
3.0966576120127307,7,2,1.2470925537101492,-0.9661416517617991
5.910013601147333,2,1,0.8808082082533063,-1.0281632172771724
2.6779935241201365,5,3,0.966776126566185,-1.3670544109552258
3.1947782187602662,5,3,1.1706084701853534,-0.4003662550658952
2.6296316628401266,4,3,0.6985170348688463,-0.6543453856209488
2.285211841568845,2,1,0.5690637921265349,-1.2723605555259612
1.8841713890009253,0,0,1.224192777847481,-0.7019139045878878
2.876677812773004,5,2,0.8389980538005279,-0.8691626113396566
3.1005163409438903,6,4,0.3229534513059789,-1.1419913094078153
3.4427089276433094,3,2,0.7379945640743996,-0.7762596993573111
2.3780640485474795,2,1,1.0498509232258015,-0.4931147649027074
2.5466014820028557,2,2,0.5830244660783325,-1.2378803002744658
2.86741002369503,3,1,0.868849708081744,-0.5643507712020087
2.671971381069971,2,1,1.0151702112900207,-1.2180326010468645
2.521620479492979,2,0,1.0580868161330566,-0.529470571166298
2.9154850583833483,3,2,0.7311464554304948,-1.2526369233950094
7.3368711337839665,2,2,0.5519069796166353,-0.5907899793112533
2.5853070797053794,3,0,0.7325428502998301,-0.6009633192704513
4.0823451042492245,3,2,0.6812315427107615,-1.6574747330698318
239.87438273864282,2,1,0.6623199762003356,-0.7135016423537834
2.357042479901565,2,2,0.45091347245092,-1.116648257798434
2.629961166901175,3,1,1.1032981535120674,-0.3370933149862906
2.279909377487393,2,1,1.600714006919113,-1.3651003455289035
5.037183057251672,3,2,1.7220194509848439,-0.4165331894086139
4.970200856290161,3,0,0.2194189269954876,-0.9758307387640852
2.245710031708288,1,0,1.1542122132825903,-0.43855752558461397
1.8589718087159648,0,0,1.0019038613401798,-1.3553822526264792
3.3273579404783566,3,3,0.905512764475087,-0.6846453274995867
3.5217744599899565,4,4,1.191184452095634,-0.8038146581136385
2.7401105199118474,3,3,1.087605734037341,-0.6976089060672582
2.5439890688744575,2,2,0.6751774469841756,-0.7810879573954475
3.1302309412642773,1,0,0.5995286616511843,-0.6748265483162014
2.0940256335900695,1,1,0.8645871868928453,-0.24514206067091845
3.108417200360809,1,1,1.1236916700205457,-1.91892409441792
2.813602021844899,5,1,1.2549607302304913,-0.5439719001121838
8.65082539594928,4,1,0.8239053995039748,-0.6614769048743359
13.890734780056311,1,1,1.174123334375741,-0.23698454415707065
3.140110590420198,1,1,0.31506525733783114,-0.7821441372515454
2.3039527747152335,1,1,0.7142732916821493,-0.8146336941785411
3.309083442703239,4,3,1.1106073882030367,-0.6390747322662816
1.9341963210643334,0,0,0.5712663675656254,-1.0560519300725246
3.252421618123143,3,0,0.7515510794501402,-0.334504114993359
3.3053987107881975,5,3,1.2298379248839857,-1.0493526657467054
7.874701535417147,1,1,0.8522780166925691,-0.8549655466948398
3.247316882731943,3,3,0.7772774559932332,-1.4868536785484763
2.705021988896296,2,2,1.5670387043806926,-0.4097215148445377
2.2840786943333318,1,1,0.4315802990073135,-0.8980840157558142
1.7286419617772124,0,0,0.6083219089187009,-0.7687645208169281
2.5378226823765107,2,2,1.4779786947155413,-1.6833699861056197
2.636421085814258,3,2,0.35724286133586514,-0.8662916347930594
4.990932563146492,1,1,1.4453705588473205,-0.8978770722359676
4.4091301972917325,6,3,0.9902420285938994,-0.6279234830442549
2.201406088304508,2,1,0.5871892596167958,-1.1163245460649514
3.9504107245191613,3,1,0.8808279038089738,-0.5304399137736557
3.798124541371576,3,2,2.3809194945506307,-0.4641544516199058
7.091477208612847,9,9,1.2695458362304493,-0.9957743341381146
3.0189634146326596,2,0,0.2945836757464451,-1.1083223253616492
3.303327336550887,2,1,1.027786970002062,-0.5770662615052836
2.157243275217491,2,1,1.1994936217166927,-0.3141002558678539
4.964585782927694,3,3,0.7616220089269519,-0.8016439642509116
3.4970282987648265,4,0,0.9757249226615078,-0.2835189680819383
2.2793787455115186,2,0,0.8124291074638267,-0.7210998341880328
2.433554958649845,1,1,0.8502019437285137,-0.715088130039511
2.6341968212536657,4,3,0.522028525683134,-1.0892112432985335
2.49658354333311,2,0,0.20344113707824366,-1.3518664599147294
3.0407168439539443,1,1,0.6868412715045839,-0.8081536149034358
2.3461333628814973,4,1,0.6704322534066572,-0.8471087387361569
2.5761290960211456,2,0,0.7296301035580839,-0.8206433449712688
3.7932693499218404,4,2,1.087888452986052,-0.4840707035302187
11.12669608114041,4,3,0.36985778461402147,-2.1008343163247436
1.8392044019860079,0,0,0.5225703675066342,-1.013743149347195
2.6676594920819654,1,0,1.2699291232379082,-0.7311759662879908
2.229001315534229,2,0,0.68451859602491,-0.7474825412066206
4.193570498112378,4,0,0.6192716459098098,-1.45695521987522
2.697228514453086,1,0,0.6878392119803793,-0.8455856823966114
2.125883670094754,1,0,1.0297956687305168,-0.375895774313483
3.3071382339647437,4,0,1.451965658845192,-0.6758143318822013
3.5215727396236076,2,2,0.7674334851028326,-0.7840746954785477
3.2437700318290013,3,2,1.2696805478927564,-0.6776761431018362
4.885497645940917,3,2,0.7788883877988744,-0.36965689094594606
2.2128954833719896,5,2,1.0909039440194563,-0.8949959690268497
1.9845604772019152,0,0,1.2620278841225443,-0.5724576335290052
5.355990730512834,2,1,1.5499820849886057,-0.6808218473494991
2.531409313733467,3,3,2.210132734896619,-1.0976604627261004
2.4470327352582406,2,1,1.7645388143049492,-0.32757611050170315
10.345879696443108,2,0,0.6703596405949324,-0.6758328849012611
2.1627027166304207,1,0,1.6873370779014787,-0.5456542189061995
1.9852967446279028,0,0,0.6362208910556879,-0.5814007359987181
4.143192610775663,5,1,0.6321964082558214,-1.0350072659337692
2.3680941144009116,3,2,1.4324542540479155,-2.203407807407596
2.6385526925897347,5,1,0.5391107013325711,-0.6908661147318691
2.55785991523759,2,2,0.5588085839756775,-1.4152750394945346
2.4185470699289637,2,1,0.5628620762506568,-0.8654597802084343
2.965709953267973,1,0,0.885376459426872,-1.4681850431272643
2.9632801332912146,4,1,0.7666345207872913,-0.819316518743946
2.3045676724362782,2,1,1.884324343016655,-0.8103866351459608
6.508804289264648,6,3,0.8263402068549504,-0.9336918045854609
2.374247177706075,3,0,0.9997744045777817,-2.538981765511044
4.2150385116761155,6,1,1.044557329420707,-1.02332281701727
2.933330923234729,1,0,1.0618812987044919,-0.7491585310438392
2.1729912886136957,2,2,1.9466763321562466,-0.25719001738197217
68.87617994653803,5,0,0.6221545923963531,-0.7953214669985627
3.6009764233074435,2,1,1.118750348191294,-0.4521581250575819
2.782254795320654,4,4,1.578677782450341,-0.4637276128861218
2.6214981148251737,3,0,0.6380859011662409,-0.7526733335490766
5.644711201130446,5,4,1.196674796178292,-0.912070349952647
3.09297523624301,4,2,1.0575955592997293,-0.5704264633165332
3.666996814738542,9,4,1.2231127524136325,-0.45989292077095206
5.631727906917486,4,1,0.9397000580818174,-0.7345541700327088
2.4125138467497407,2,2,1.193573195451652,-0.7997638202214076
4.908329757439567,3,2,1.6030183944329373,-0.6415188244084711
2.9992316606264207,2,2,0.9001789328691203,-0.17417388810268633
2.0518055392449774,1,1,0.6420068099725181,-1.064332692108655
1.9611235046623383,0,0,0.7530011618787469,-0.5691429492238674
4.397549894239365,2,0,1.0509076307500576,-0.983666871367801
15.93466114669785,5,1,0.47586974234316787,-0.7024110786517261
2.4312138739926135,1,0,1.2161545088321395,-0.6644511015864598
3.084975653468857,2,1,0.7066232449335574,-1.59494669758466
4.0933488471398105,3,1,1.357259323027196,-0.4203384495416385
2.511689568958219,2,1,0.12947255394583798,-1.1167256424901708
28.991340342194114,3,3,1.4605707764405977,-0.4464425798525135
6.504356964895163,1,1,0.9386796065772145,-0.42914724239213003
2.6817807503419826,4,0,0.6135848058040269,-0.9609195733669099
2.4691850966602127,2,1,0.26690580528851643,-1.0985589508184614
2.298244636129634,3,1,0.374548765950447,-1.0800940364652647
2.3118837702700334,2,1,1.2796658486251125,-0.8451907442153422
3.5956377703615603,5,2,0.48094249536358047,-0.7464072006843712
2.2698782534395887,3,0,0.9953249204561112,-0.5845141441726742
3.3854244002227905,2,1,1.2563126035166214,-0.9151079121925999
2.5733126156561767,3,2,0.736075558073181,-1.361919633261336
13.21623976965719,3,1,1.0482695877636798,-0.40437115684376634
2.0537176040037273,2,1,1.3878833977583331,-0.0010142855084532916
3.390225776392348,3,1,1.274285612052827,-0.748138693011824
1.9921678399511458,0,0,0.6645043424907641,-0.8086779017325407
2.161699445475275,2,1,0.9500725053247282,-0.7187032548942014
1.7983632183472837,0,0,0.6017968822389691,-0.9103785243158997
3.3382622232686145,4,3,0.7230298556178208,-1.3749685826386653
3.0996148410954367,4,3,0.5281357807006141,-1.1675437940101305
2.9490685910741474,2,0,0.38748381231588364,-0.5704325320657758
2.018869506219989,1,0,0.9241110345640879,-0.44724029392785086
20.038521587040087,5,2,1.0194816299425669,-0.7108576718401901
2.4047908717744186,1,1,1.0900030266489527,-1.5682680376660454
2.67263485377461,3,2,0.45127210829046466,-1.3066652611791987
16.292198010075072,2,0,0.36430974140050243,-0.47914653277117064
3.8052698103982574,3,2,0.8407158198955497,-1.139270231717788
2.7157966864366303,5,3,0.9595577730289234,-0.5058163673776864
4.296698390956304,4,1,0.4971648690782905,-0.9515002318505831
1.647764884607885,0,0,1.07178565263621,-1.1085583076349363
2.0186965995018076,1,1,0.760530134908468,-1.130931791089248
3.0109671932246997,1,1,0.6842679944444007,-0.8921782136769081
3.708536531914641,6,2,0.7172997013338671,-0.7228568598895784
3.0872416640506386,4,3,0.8928621790351229,-1.1369132433843883
1.8442822097793756,0,0,0.8222587724643614,-0.42670594480492374
1.8909628936682268,0,0,0.5681492365185224,-0.6605648005199672
2.8801958875616,1,0,0.9222942692610521,-0.5049783330280162
2.508041912737843,1,0,0.11338595119029622,-1.1329284793417607
2.8450541555321536,2,0,0.46242896999745736,-0.9288001429744144
3.1048792123075795,3,1,1.9807055806774476,-1.1379525657075236
1.8712802674518503,0,0,1.3145135130834502,-0.1431088747200227
3.356143380200825,4,2,1.2962164126411877,-0.6705030641255428
2.6273635741860883,2,2,1.0606059145586602,-0.7458480432128967
2.261519685097533,1,0,1.0554946302244197,-0.561807761388973
278.93289955718774,1,0,0.8606905154925972,-0.3610463300082722
3.0142462999138795,3,2,0.7568133495877571,-0.8606053961496519
2.143499485822131,1,1,0.868320369076765,-0.5818503932931866
3.845599773298099,4,0,0.5063525980717423,-0.4407949857832946
56.843751392243355,3,2,0.7344762765783993,-0.592762087858371
11.997430609477304,2,2,0.7817833335441114,-0.4796430875055813
2.5517929419642336,1,1,1.44754711379617,-0.15802142097074726
4.5743982474066165,3,2,1.0749512019656606,-0.4416222284328437
2.1832235340557458,2,0,1.2020738923696246,-0.9025002730624013
4.302407843502514,6,4,0.8326854974178812,-0.6627298259182379
5.654876478756391,4,2,0.5440206511501035,-1.1998441369688528
2.9462246099869263,1,0,0.12627608756068995,-1.3966446942644268
3.1957935372893465,5,3,0.6374360251792914,-0.9531159607896228
3.4239087000415833,3,1,1.111222861643515,-0.5403060027784101
3.4773456801411085,5,5,0.6118094538169734,-1.7532884999193488
2.460123844488714,3,1,0.7539541368158336,-1.2564440636675969
2.9392090740005394,2,1,0.8462497310657047,-0.6829290641491407
3.5210553266351794,4,2,0.7301078213928689,-0.7379790178075132
16.304711331357048,2,2,1.0223765427086717,-0.6014061461137825
3.325335425519884,3,0,0.7553161753621016,-0.5707880907749922
3.1115810083514956,2,0,0.6410942499498528,-1.2088236475786382
2.125413891505643,1,1,0.9295447510461088,-1.4666227343726852
3.0696702528985638,2,1,1.1161252120116705,-0.8300981892781631
2.9659251363467907,4,1,1.0047962470899976,-0.528981176496127
2.051777477941129,2,2,0.47388762417734015,-1.2965694420274267
2.2907360676422313,2,2,0.6553219910582729,-0.8993523145361952
2.2429027980718517,1,0,1.1860181105300407,-0.23163331011449736
5.125348897826364,5,2,1.8553393135278549,-0.32879109377110766
2.1909219059181217,2,2,1.215713043337564,-0.3439441907888569
2.7025715321668686,6,3,1.7481470740567502,-0.3900094548083096
2.1889732630419765,3,2,0.41027858340207357,-0.9738586836441728
2.332124798030399,2,0,-0.009405457437331415,-1.0171923930237274
8.754654218156684,1,1,0.6503870552220804,-1.021604874457316
1.8663618884864346,0,0,1.048405909890335,-0.7649120762974486
1.7343188484111671,0,0,0.6978827942455746,-0.6993142574082011
2.081432154745358,1,0,0.7842636990689489,-0.8437023599665565
2.2604487070662804,1,1,1.49127080114598,-0.28737447677812755
3.2123284093260964,4,3,1.2122525243978188,-0.4437438489694537
18.259654620499653,2,1,0.8710486780818851,-0.3661354827528553
8.161948247147226,2,1,0.9310186197249951,-0.8499418964935034
2.340126859209761,3,2,1.0034696833356636,-1.1938380367937893
2.3776270051204866,2,1,0.9462005725202454,-1.0094665543182595
2.5465388196832466,2,0,0.656571325873792,-1.0453346040194813
5.375648440809658,1,1,0.26825042128349197,-0.8940286325321017
2.1313336798504365,1,1,1.3376952023684372,-0.7542339487467741
2.4792031634277527,3,1,1.1966604314713105,-0.05578584785801087
3.027901759573164,5,4,1.030616860814062,-0.2568130677391748
5.384271634975714,3,1,0.8626250356167795,-1.0363051465643691
1.7820920345105313,0,0,0.5033812434256604,-0.9156678984310194
3.823627646850955,4,1,0.7234587309309072,-0.37798372343129416
2.808921786527841,3,0,0.952968680524781,-0.9718981152128091
2.7400971346196483,3,2,0.3780468257837366,-1.416313374434233
2.9801720428707568,7,6,0.6674299330995683,-0.8034838422832915
2.193174848031667,1,1,0.7857412590961236,-0.6700920762916739
2.4742917648071785,1,0,0.9811002559790334,-0.27904751850256204
2.51106303211679,3,2,1.4362508237840046,-0.4645468726035932
3.252130969871629,5,2,0.8009704289583791,-0.4846839975296214
1.7017346235969035,0,0,0.39901022381076706,-0.9716666487605526
2.6743970495729656,4,2,0.676148235748755,-0.5283640962191185
3.0435794765922197,2,1,1.1009556487295864,-0.15670437687007446
1.9356578512577285,0,0,0.6834627114657048,-1.0273658095573204
3.4827748173838926,1,1,0.9134151125599278,-0.9135834140496468
2.300800345000505,1,0,0.8817542888263521,-0.573616389875296
3.293867473183319,4,2,0.7279314440596172,-1.4202121664154979
4.363873478438031,2,1,0.5637402847783357,-0.7061134979357695
2.145087206006864,3,0,0.9106087284284556,-0.5006741412715732
2.465361853610627,2,1,1.046208687448443,-0.8778634708553448
2.1050611992521073,1,0,0.9275985658969049,-0.4576052818450304
2.732489569190663,3,3,1.0204614030826833,-0.9200766499249401
2.6888635908166254,2,1,0.9529380060792296,-1.3953450766822648
2.316239235542946,2,2,0.8541094009178775,-0.5838420224939485
3.0643115135365644,4,1,0.7996187125871969,-1.2663665521926768
7.5411500759183205,4,2,1.0927913788114447,-0.6118103912115825
3.229021273529878,1,0,1.0995014550758069,-0.5321210582577641
2.2538566762799093,4,3,0.6851941037973244,-0.4267510347169057
2.762710069468317,3,1,0.9379556466350445,-0.7464017704190381
5.204935714427983,4,2,1.146184025163659,-0.9293793538979798
2.196031056784995,2,1,0.7253007488003564,-0.8354298181033788
2.3336989100571923,1,1,1.2723277144046192,-0.144337934675929
3.701701506844704,4,3,0.216896054718694,-1.2590402497673887
2.538862721189541,3,1,0.8661007082526745,-0.7863444281822904
3.1280194981215788,2,1,0.86068401877332,-0.512813529164145
3.193026522953085,1,1,0.918642290356422,-0.4482141586190479
2.1057582966858472,3,0,0.13273017272026405,-0.8783626513684546
2.6277352023701046,3,3,0.7696841438313018,-0.9562284299175619
12.559910542497088,3,1,1.1895964930677985,-1.0221274293169254
1.9898494619864069,0,0,1.030732356250777,-1.1068427046319818
3.3511428368704537,4,3,0.8529003950268909,-1.1949260403862312
3.5200862638707546,7,2,0.6574571590270859,-1.794010523463916
12.77421542721513,6,1,1.304669886592499,-0.7370517047690316
3.6454033572709177,4,2,0.8188812707646163,-0.4099738357731137
11.972190830444495,2,2,0.9900993456376672,-0.6702889573638632
1.8222865536756547,0,0,0.7310332092710213,-0.5422480791581221
2.6758542869979056,3,0,0.285088270590583,-1.3688988145463785
1.9926646936162722,0,0,0.9881859270230949,-0.3375804427414146
2.6852734532258125,6,2,0.9754218258159798,-0.9575943844627914
2.701098297794894,4,2,0.6383926395259149,-0.9225515962519937
3.1287035979286957,4,1,0.5729434083088493,-0.7254958251308379
3.140622181220319,5,0,0.31267288329535947,-0.734080127961444
7.513446731558683,7,3,0.7903373585829456,-0.974734416578948
5.741239338630176,2,1,1.1494415395407562,-1.1930603654152823
2.367846719495347,2,0,0.6398709504814006,-0.9510499978504979
2.7882768770269397,3,0,0.6742652647040722,-0.5166680073153528
2.4902528212165844,2,2,1.4074318973042943,-0.8608093752212387
2.6424729700910903,5,3,1.146194508482288,-0.6476293455097845
3.2559047789485422,3,0,0.7873511810603516,-0.6572753368847948
6.424761975831316,4,0,1.3465649485847455,-0.388303524772706
2.0229170353814956,1,0,0.8041222512404278,-0.8514582561623364
2.761928602226078,4,4,1.8927871391619344,-0.46664277037445423
2.39877549374074,2,1,0.7180405471058121,-0.5344489931446739
2.1861103884878355,1,0,1.0420269517518113,-0.6677136789604776
2.7654512430811584,1,0,1.2714675145075334,-0.4517989733958301
3.680853224862448,10,5,0.35080582039067093,-1.2647476548090948
3.4388947801345804,4,1,1.330623233348753,-0.061786829636314225
2.557005888656685,1,0,0.9962168308370825,-0.47767133096777764
2.939166334007408,6,3,1.016006619489407,-0.9168476808215517
2.2447103209710333,2,1,1.3851960753089503,-0.8661084656160215
2.2891529307000553,3,1,1.2639847109206452,-1.2431259007572042
2.873499708939645,6,5,2.406191532551075,-0.46725396770133715
3.9471702833662525,7,3,0.7819554139766894,-0.9715598505448265
2.2685991901941938,4,3,0.47138455769229887,-1.2768042862272777
7.140887964110204,5,3,0.9215025274858095,-0.4613002229520071
2.6491211564384,2,2,0.858025580248138,-1.2792624862431141
2.8680269021198215,2,1,0.9533557044214742,-0.5440462821260773
2.2529221345798187,2,1,1.6460567539414137,-0.42826179046650303
6.6903964878428335,4,2,1.0764386523569776,-0.5601793720659142
49.32612030277667,1,1,1.1464348403088964,-0.5663528102789657
3.0589800869232553,2,2,0.9530104812907536,-0.7985077817747442
2.6539671816995094,1,0,1.0583248731482933,-0.9796089963777198
2.621748326891667,6,4,0.7975296357212587,-1.0055428788114746
3.9356572876372264,8,3,1.2773459711320345,-1.0330426606641918
2.7759519111400626,1,1,1.0151765962239911,-0.6312188050141049
2.4973931711413138,2,0,1.5437062131346238,-0.604443677116799
4.302303173971112,1,1,0.9652403444663573,-0.7941424087797341
3.7592760981985256,4,1,1.2404141735665106,-0.7543419806486197
2.77292197442487,4,2,0.6049382530066854,-1.5006045211079282
3.8523599061022518,1,0,0.8528483975371995,-0.4323475976835734
2.1224070786307614,2,1,1.3384491275212451,-0.7259272388551178
2.520335170451511,2,0,0.9856963433034289,-0.6700432884899566
2.7047143123109443,1,1,1.0882782760055862,-0.3975663367841089
3.706733435047184,2,0,1.1083484900615863,-0.48648229209130917
2.1759645956366267,2,1,0.5148585934269589,-0.9691284371375992
6.779761019922061,3,1,1.259234779165355,-0.44007596294016027
2.096569839901841,1,0,0.7505893822435942,-1.026604793578606
2.6785776330838793,2,1,0.7177009640699908,-0.452898493138157
2.6934180309769977,1,0,1.2474955568194246,-0.8428098859531351
2.956248281014245,3,0,0.9059901259074118,-0.7576080576863644
15.440926466239038,2,1,1.0051102215622731,-0.48581973178889515
3.1340613502067955,2,1,0.885783468902219,-0.5695681779881239
2.3714623676752815,1,0,0.8106815115820782,-0.4457043378729616
2.8171356288302922,3,1,1.1867132590178928,0.05800526624034235
2.2637550868202805,1,1,1.2150880396003965,-0.9223312628722911
9.682357184348627,2,1,0.8988570102230115,-0.8045041844035262
3.3020930522772476,3,1,0.6028044332999094,-0.722337984589046
2.1478799157113806,1,1,1.2167824399257934,-0.8168628948018525
2.8536474499508,1,1,1.059255184839761,-1.0427155785411795
2.5564194146606773,2,0,0.5663007285188959,-1.3276977937623473
2.7605185153550877,2,2,0.6322062598984632,-1.0026092051198658
1.5393600231895503,0,0,1.0639879376883472,-0.5474876018716346
3.910135038538075,6,1,0.3137785641817319,-1.0904617915383652
2.3397933424706747,1,1,1.5000260127432368,-0.9293943714151124
3.060595070308005,6,2,0.49741088580281956,-2.073495092792395
2.686248945328008,3,3,1.0009558786513746,-1.1810303474226171
3.811446816123238,4,3,1.2751064600459934,-0.6730635417566042
3.9534049295830513,4,3,1.3391719691700417,-0.34935342652050444
3.14583201943317,2,1,0.4642881482850028,-1.030712609624633
2.0339409997502615,1,0,1.5019415914553178,-0.37139853932404504
3.90206051829683,2,1,1.3152837746234955,-0.05460274718983119
2.532989264038291,3,2,1.3063361261783322,-0.5419244073143125
2.675601470287312,3,2,0.6946226270639329,-2.040425550107844
4.229870807114463,2,1,1.6924580668114013,0.03720686812580117
2.2416286310844677,3,0,0.6912166640099641,-0.30745463466131545
2.0651580451502674,1,1,0.8349369727482377,-0.867433680847177
3.5093349770646878,4,1,0.7575030531456475,-1.1272944133949503
5.965412166935616,4,2,1.657094839682683,-1.1348257098170793
3.319316335026242,2,0,0.9177587154562414,-0.44863858307992793
4.2629035718217665,1,1,0.6494977921171264,-0.7703852861286851
2.2776777281215748,3,2,1.1346739422063623,-0.8347032381004729
1.578408108719404,0,0,0.8244269358291223,-1.3508763591220379
2.79512649339846,1,1,1.1227766367691676,-0.6756570189654798
4.324599356179978,4,1,0.9513095086093551,-0.8803655567089691
2.58530084375149,2,1,1.2031863739009154,-0.411408781279544
4.85776820922253,4,1,1.0019351197962127,-0.9682275063113795
3.689902449005938,1,0,1.0885428668353858,-0.5187875108941223
5.389254453063099,1,0,1.0931415678530747,-0.711501468060249
3.0958122889284163,4,2,1.008613881964756,-0.4891062147111417
3.012661011499857,5,0,0.6427163014836257,-0.7336010587951368
3.540178948234439,1,0,1.2499017800702032,-0.6612747484328646
2.875656658128262,3,1,0.6670350313510369,-1.1742812164582357
3.064597116149584,6,4,0.7262238094963038,-1.0884458527666738
3.3238323323146837,2,1,0.7893370044972757,-0.4336351765640654
3.324188747785379,7,3,1.0266539242180612,-0.9231555655354489
3.0897657377895316,6,3,1.1415459040384917,-0.7908240511454393
2.5829278551969845,3,1,1.032626562174206,-0.7198940408667319
3.0900756232915554,4,2,0.578923071713373,-0.8828032546070337
3.1839097431076864,2,0,0.6531622975111827,-0.7041635671621339
3.365451228411094,2,0,1.7623526828648697,-1.0157196971443663
80.13579843929314,10,7,0.5667378684000245,-1.4328827104528576
2.8189763584499294,3,1,0.36828519284838984,-1.9748118741206304
2.690220020557526,4,3,1.2839261222919118,-1.6168967417791422
3.7629736990456406,1,0,0.5749029119860484,-0.45129391124779833
2.3941784588327053,4,1,0.6119794578745741,-0.8707637183095277
2.580784865902148,4,2,1.3717872547219803,-0.9058542575177463
2.00691591818975,1,1,0.46973779082844125,-1.252751102128466
2.3858360889864025,2,1,0.8588492364734363,-0.15666307337540541
2.6778434269542606,2,1,0.42161285791641534,-0.7850523421770359
4.500938517411188,5,1,1.0638820344476436,-0.09777815287574237
3.0470113947163573,5,2,0.7860571832315821,-2.357581607364188
4.451037528850024,3,1,0.9671553713039064,-0.8878017474243293
3.1078665385725,3,3,1.7820222484824046,-0.7120112688570214
2.2382273830293027,1,1,0.4937415912194063,-0.6366461600148337
2.182095382062422,1,1,0.9788211824924722,-1.8151573657749958
2.7081773674599487,1,0,0.6733629621832554,-0.6308697065399754
1.9705628426925144,0,0,0.7640806180917769,-0.6430815317656688
1.8225751109324988,0,0,0.43530284940023756,-1.1588794139996905
2.0147464449499557,1,0,1.0835868356995624,-0.19387873749100212
28.04043617002992,4,2,1.0994525684385845,-0.5779224733261116
2.812292827567152,5,1,1.4296983690868497,-0.6780596485101184
12.181180968745249,2,2,2.0117844862011167,-1.0940741154211966
4.007736174456757,1,1,1.1411392242950216,-1.9980313467341568
3.3319855635486135,3,1,0.6155092026203096,-0.7068382884492032
2.6545610481511854,2,2,0.7790707226184921,-1.1589566656068284
2.3951442855854923,3,2,1.8118770868135534,-0.45819092133581185
2.6800515130089133,1,1,1.0249725255046203,-0.547928665977477
3.0941458918646907,4,1,0.5880937684383374,-0.9508077319905671
2.2818558573524332,2,2,0.5870061506314497,-0.46123207238969166
2.5346824306720794,4,3,0.9466209811228669,-0.7456751051312626
19.67054904696027,5,2,0.8529640967644452,-0.8347992372609726
2.3814034086359226,1,1,0.6478224217776425,-0.6286142678747013
2.6177152334826808,5,0,1.3099411556079998,-0.5221260947633649
2.4768045527508535,3,3,1.3461192259106332,-0.31297587226414986
2.846394458322823,2,1,1.1336233383640757,-0.5919489388802994
2.032309822934602,1,1,0.8947326115359846,-0.5246673465409402
2.0225790548631695,1,1,1.2888502707662775,-1.0790771842207854
3.004952131154763,2,1,0.6793221159843098,-1.398888279781767
1.7905236398378452,0,0,0.27894489115490756,-1.055950649679106
2.9209964269101025,5,5,1.0413570807173949,-0.659788017159503
3.1244410369739732,4,4,1.7910734438330564,-1.6572575847119817
3.7152638087807426,5,3,1.2672096071056285,-0.6464769820792103
2.5830769629470036,5,3,1.599717203076055,-0.7204245841398055
5.656591024233818,1,1,0.9304145534499907,-0.4144725450120459
3.5721775231241075,5,0,0.559594022525674,-0.5344112350190608
7.340087979047274,3,1,1.525453980955016,-0.7809541166441465
5.6666439960990465,3,1,1.085643165529158,-0.8062443087974138
2.727476600716347,1,1,0.3735346171520815,-0.9635091540025545
62.29127360751516,4,3,1.6868765307950209,-0.4983821949469849
34.329541150708685,3,1,0.8690542482842558,-0.6831771060050494
2.7927087046171373,2,0,0.8165197997277993,-0.9902988843893532
2.154074552181743,1,0,0.6351365029481789,-1.0619356340091595
4.531148474114505,7,5,0.8481991375943699,-0.8013549616422685
3.3801404050161734,5,4,1.1424909444821347,-1.6624032974361598
2.698771875270066,5,2,1.0474503961026311,-0.48630091082947985
3.0952765167117806,4,1,0.7721963400556099,-1.6855969380943316
3.71118968382753,1,0,0.9245538482280623,-1.1360375943465728
3.038973559024378,1,1,1.26299388579841,-0.3807617660061091
2.932706593032452,3,0,0.7433119556875883,-0.5562146379358092
3.1222899006424103,5,5,1.6183062742810932,-0.9039550741828947
3.178506501323447,3,2,0.8273272388970816,-0.833118291797363
4.239752252595188,4,2,2.0789618384298967,-0.5998028503811685
2.0928958639260644,1,0,0.9077854010440518,-0.5920236617728047
2.1539585886796373,2,2,0.975970583586523,-0.9070952899638409
2.36975953049947,2,0,0.9409271615910072,-0.5329180731879687
1.6436334987528374,0,0,0.8342965414845617,-0.9296919723269923
4.697744107294767,5,3,1.246018228545703,-0.3507779224217061
7.61136884988733,4,1,0.9213381908402841,-0.45904245008801214
3.8281378135270443,3,1,1.85402127157044,-0.5792234201473828
2.324001921732577,2,0,0.9418229045365913,-0.41888715662287324
2.421891790969639,2,1,1.218909633643005,-0.257080355746767
7.082692466729691,2,1,1.3387141034811572,-0.39499777127615915
3.5852693337037076,6,3,1.0821656401235014,-0.8341440173498519
1.9987235377336032,0,0,1.327730328677496,-0.20525598787655347
1.794554614957454,0,0,0.5526991783278533,-0.5985541434781098
48.25113816744649,5,5,1.4232165468039994,-0.5167642841439126
3.0587885059792046,4,3,1.3818603081599117,-1.5750502546255285
2.618745763779174,3,1,1.2538682671182062,-0.4333814855681629
1.4910368691171325,0,0,1.2574563872845455,-0.04556962875260055
2.695791884119319,1,1,0.6022221430415508,-0.8115681348517039
3.637326335776859,6,1,0.9770497227862842,-1.0674064497148217
4.536379522929389,3,2,1.4721956265046099,-0.2878205121140731
8.913378287630708,3,3,1.5545842556937053,-0.9759451741067328
2.9611747402474773,4,2,0.6546045833636607,-0.3080243335239909
2.832333630618071,2,2,1.0761419217358361,-1.0812067843567594
2.227294735975018,3,1,0.8532501439654798,-0.8597470905323241
2.212901964549918,2,1,0.9409980897178334,-0.2590132699448904
1.7284226754088976,0,0,0.8720803305083191,-0.8321696129607162
2.3054678692702577,2,1,0.2393315591090105,-1.0163051899001379
1.7500145172921973,0,0,1.1421183484075625,-0.4523737393282038
2.3303801478394344,2,0,0.4869075969790735,-0.6296966845446161
2.553659210625769,4,4,1.2257607209602217,-0.7240184673620945
2.2072542532293737,2,1,0.7627488246978477,-0.7957123390944273
4.234896920865132,3,1,0.726842147406278,-0.6648407726816212
3.0567478951573155,2,2,1.3880506153159844,-1.3896533619541236
2.734221493923099,3,1,1.7124409085097831,-0.3135766148231518
2.6084156760513864,2,1,1.3321996604868809,-0.5461080368456185
2.6090638900652317,4,0,1.3015807720710213,0.06111875143449735
2.586443924505055,2,0,0.7244638262707628,-0.49547148777705147
21.35653058761904,4,4,1.7953525323282593,-1.325485120174277
2.406114874202684,3,3,0.9220039150304015,-1.149326335192156
2.1806851537568597,2,1,1.5061517669125313,-0.2976301442029489
2.259858585336344,1,0,1.2843446141101842,-0.5513396335747865
1.924350633061843,0,0,0.701063651308951,-0.5151335023544639
2.1062728834383346,1,1,1.2052989355461208,-0.4129608793195976
11.522119491676666,2,2,1.0664142005618786,-0.8317995456470889
2.002863602391614,1,1,1.7265778534667569,-1.142010134143117
2.131030446374676,2,1,0.6738539758369063,-0.2853710378585508
1.9131900330717206,0,0,0.6816571495679994,-0.27530556071350254
3.5564544090993966,2,1,0.5793248026943212,-0.9599849914462073
3.15663514967526,3,1,0.9956360569129197,-0.9989813024740178
2.394421165599934,3,2,0.8908234579040767,-1.5866509098839419
2.3635094486180526,3,3,1.7600384451644597,-0.7651599905444887
3.8658533491165894,2,1,0.7480326595923402,-0.6723180301363033
7.386230083780206,1,1,0.602824631624013,-0.8667716496495349
2.3178511410710247,3,1,0.4050064765706238,-0.7514060878169487
2.7386099258288876,3,3,0.8536368393844751,-0.7365463276948508
2.397756279891012,2,1,0.6899303485059671,-0.6034418118384317
2.1334172365802284,1,1,0.6667042493078558,-1.0022218608399391
2.9579550090537983,5,2,0.9380376435660014,-0.5499382943784848
10.050048319974163,3,1,1.502890408110034,-0.41108280957049464
30.55603648623004,5,1,0.21690549149512925,-0.5116177559306071
1.8948199511012933,0,0,0.43899290029392707,-0.8731083006998024
3.251231930077806,8,5,0.7664109213582513,-1.1218664898581359
2.4074360823524046,3,2,1.200568891188054,-1.050577602292949
2.881897836382036,2,1,0.23244221178763375,-1.1615331128030761
2.6974760331640466,2,0,0.6880989874198704,-0.5342825534347753
2.0096138040085187,1,0,0.9824489008855662,-0.5672533373075754
2.5543877193184037,3,1,0.8294923439097907,-1.2942327489870893
2.268947528460768,1,1,1.89408644759065,-0.7356397276241929
2.766953764526349,3,2,0.9363673481511945,-1.2626805541417616
23.99238092052868,4,3,1.549993459082705,-0.5063999085276192
6.2034277942222875,2,1,1.2376690234522099,-0.8693434064583091
29.791411710807996,3,0,0.7204521294913578,-0.3138889075501413
2.4327046174906077,2,0,0.6871929468340156,-0.7335837466591739
2.966910742795607,9,6,0.9965508557899154,-1.0355467076515181
2.8071735497293537,4,4,0.4531029828616951,-1.1050582464751593
2.431328402927904,5,3,1.8338719585938077,-0.5239568305767692
2.340922469986337,3,1,1.1803207508904234,-0.4659347407964022
2.1763533953670673,1,0,0.7954179950997838,-0.5367444080110185
7.813504264722845,3,1,2.0391221020226205,-0.8355574049023947
3.9189981201022235,5,5,1.1945970273375506,-0.8202218803845446
2.120309910129919,2,1,1.26069857146297,-0.802184993498889
3.9743680260742416,3,3,1.3825959009278916,-0.8400605070273868
2.849147809391107,3,2,0.9056175176839245,-0.42574514908173394
4.472484670114111,7,6,0.8997563456090932,-0.8911004085726758
25.935547568024734,1,0,0.6199617384543901,-0.2350892656856272
2.606291620085275,2,1,1.025091062830714,-0.42522286977410845
2.800611758110801,5,3,0.7874415786629807,-0.3163627088344173
2.418175465297627,1,1,0.5105477610946405,-0.9006311610739741
4.424257039834852,3,1,0.9038104904359295,-0.5496085878809402
3.187082976976413,2,2,0.6159676647600488,-0.8531482114446393
2.587988748428334,2,1,0.766736166607545,-0.35691712092806566
2.5835223457112195,1,1,0.8950925962024506,-0.41112215900149146
2.855550974501568,2,0,0.5731800498474018,-1.6784572237488682
2.846889323802749,3,3,1.1520109386883723,-0.6872309650925198
18.78489943128445,3,0,0.8685695790542242,-0.7530965059251429
2.572928631608321,4,2,1.050356810941422,-1.2534478364880857
1.7233107750290282,0,0,0.68456025166798,-0.5431315222451142
2.2897882511318497,2,1,1.2395276287836374,-0.5614636675337764
2.690365030813156,2,2,1.8194193958606981,-0.1636369515824302
2.3243113712,1,0,0.7248931150076924,-0.6007193799256288
3.4407087083791956,2,0,0.8289093400396293,-0.549165581850613
2.8683690286519883,4,4,1.0188887446518886,-0.621085367906082
2.4966624151900105,1,1,1.0696382183032542,-1.2120718421283503
2.942144500988379,5,4,1.4239925564789682,-1.2237499111675152
2.7224435208966518,5,4,0.8304720339112058,-0.3346117223168013
3.114265368717424,2,1,0.6659297609933138,-0.43847413007158
2.436596856637889,3,1,0.5435933281448633,-1.084809255915652
2.403598785858008,2,1,0.8201983416431647,-0.4429677188524051
3.0723692117178123,2,1,0.7864566571689217,-1.6130040447814482
2.975891730623416,3,2,0.8605321608520032,-1.3695049029142157
2.4017833378537903,3,0,0.8395569786108491,-0.9274050314952199
1.987800558704615,0,0,0.6196368837561872,-1.6744904855291327
6.693696895532946,1,1,1.1089124743846452,-0.6847263200290387
2.6461588170784074,3,1,1.095329343259388,-0.20797574569502555
2.7509712284475145,1,1,0.9485445231920008,-0.97326157216167
9.063525667789786,3,2,0.9336214233003608,-1.0223057773270066
3.041687048040239,3,2,2.0272243321250625,-0.08156402579248338
5.645787390110396,2,1,0.39209305202544187,-0.8324477233685671
2.884467562639089,3,0,0.5310697394952058,-0.463674632149626
3.711834452447529,2,1,1.6388855088434728,-0.6572715697954782
2.048714953297741,1,1,1.2067775857395637,-0.6724494601673333
2.5405247985979784,4,0,0.6356785921578072,-0.7375673254934596
13.760882246390073,5,2,1.2803746908380174,-1.0356693014070633
2.248101230790061,1,1,0.6288009999569635,-0.5502428466108081
2.6136562885782046,5,3,1.101359290717917,-0.9033900388149939
4.014471055083252,2,1,1.517601722019677,-0.37086755583052283
2.9249969820152337,3,0,1.300553491298649,-0.15644003300611048
2.684452947132745,2,1,1.0382098663111319,-0.7211637443070662
2.603805948175713,4,2,1.3180630681917334,-0.7164120754394322
2.262975343304751,1,0,0.819404529456546,-0.7290868791712078
2.712724721994062,4,0,0.8323514275489582,-1.3336991676885768
2.6656049913590474,3,1,0.9694804727735341,-0.47008140687383443
2.2694393931811994,2,1,1.1218303872199007,-0.4778110351676586
4.31959724792507,2,1,0.7151313240045067,-1.238658148746076
1.929868827759123,0,0,1.0968056304600107,-1.0527643432385012
1.609538964053801,0,0,0.9637231087617472,-1.131805282132125
1.921393612609821,0,0,1.764819396206684,-0.044797259563925405
1.6454471345792008,0,0,0.7905602148236811,-0.8017025374872402
2.349571152007551,3,2,0.9879499502969487,-0.3168042877875478
2.290527994508705,2,0,0.879446725528989,-1.2895163814924613
4.095405900052591,4,2,2.0453841634741683,-0.43701813657673616
1.7930719496764285,0,0,1.1825916121346265,-1.2624844297103022
2.658683911611741,3,0,0.8412317993552675,-0.4962842634803554
2.9718727062598074,1,0,1.439894189659664,-0.42091245878849154
2.2080568030544305,3,1,0.9912208307759969,-0.8722475663194992
2.006333638334672,1,1,1.110975579153979,-0.46057421450599173
2.256436203924888,1,0,0.9684541048526597,-1.2631072029390413
3.0932841185240405,5,3,1.1220941475586537,-0.8548348929504166
1.9696710702917726,0,0,0.2740829283772819,-1.0552279785732483
1.9804191109685267,0,0,0.3185667766420836,-1.327723985289372
2.8714280148633944,1,0,0.5018398928546044,-0.7775111491825253
2.225226569964546,2,2,0.2372526547252071,-0.8824494342068786
3.4122173919078773,3,0,0.3864934648980074,-1.4877989140257937
2.7543416168244925,1,0,0.5725796110450997,-0.8728900520099341
2.213881731668832,1,0,1.5525630611391534,-0.7495879814564989
1.8083017251283178,0,0,1.0013610964766075,-0.888778560369266
4.329315320081289,4,3,0.9054998803781371,-0.8188844307201492
2.080186230703554,1,0,0.6519095942893536,-1.1022126224941455
4.437702189486712,1,1,0.28399424698702547,-1.164323451572888
2.4619610322628787,1,0,1.007379806299467,-0.7260960055645107
6.89643568885083,2,2,0.4214125022404358,-1.1687935443593969
2.8570322187457617,1,1,0.9935248487834335,-1.6876532695534079
2.7559467181656854,2,2,1.4577497955177652,-1.2121751764707576
9.460924563955173,2,2,0.9632912374187519,-0.7299448698992909
2.1886279742950445,1,0,0.8035053540870437,-1.425250493114486
4.19338097457391,3,1,0.19669982914798434,-0.9178701092727084
3.133402217980557,3,2,1.0927334725124025,-1.7226941585184383
12.11148417270082,6,5,1.1816583850784361,-0.5615395766011667
3.063729055193755,5,2,0.532738351674963,-0.8621469008002709
1.9757610049445782,0,0,0.6027850019379082,-1.016976638011469
2.9477277921387217,3,0,1.7314048999772171,-0.44366392770216634
3.9419358026689877,3,2,0.8835165881920343,-0.966926395020179
6.001764742797639,3,1,1.4699186143340495,-0.6344685306933442
3.0989221401513554,3,0,0.6004839569934404,-0.6900675246600695
3.060712885207158,1,0,0.7323788909651735,-0.43115951376326433
3.5782852503069154,1,0,0.8569366013129092,-0.7969966450476594
3.0169771754841155,3,3,0.9824153024192243,-1.2988816954969356
2.333324848169352,1,1,0.9476727397146146,-0.3302943186179228
4.214148495803948,5,3,1.0841716673869173,-1.0897655486841957
2.2654263795341794,2,1,1.2872301452770352,-0.7688881897991857
15.485284538309456,4,2,2.1255511029003333,-0.04952052927110979
3.4459844623059666,4,2,1.0110102013421622,-0.762978053266055
3.6745620581708596,2,0,0.638855195205332,-1.6719003968788484
3.3959004672718067,7,5,1.2472359089431069,-0.7140966188932889
2.95607795710944,6,3,1.2898177909952762,-0.5236128714214676
2.8299431582042036,3,2,0.808404733480317,-0.6627850192601185
2.2800706102933805,1,0,0.7000451877291435,-0.5923160563192136
4.312785375943403,6,5,1.4965750735242032,-0.6293303203463341
2.601159165751615,2,0,2.011343465511437,-0.20891101212905647
1.973610935583681,0,0,0.4093771285549546,-2.065340874131255
2.8322375603287915,3,0,0.7026177964700759,-0.6779699206061343
32.96387248202971,3,2,1.4673906937815968,-0.9404415185240795
73.15900223671552,5,4,0.8854362604457744,-0.8914299784126185
11.332514830648,2,1,0.6200516915003945,-0.9818217194681067
1.6123886558178533,0,0,0.5712190909686814,-0.9946298054606442
5.529043978465609,2,1,0.7321971978994365,-0.9979040884543727
2.1658359457788188,2,1,1.142995926264845,-0.5318436454392931
20.704020599912283,4,3,0.932866322346224,-1.125516840474552
8.063895135954136,4,3,2.216507283233501,-0.5467289451683629
4.254866517803215,6,2,0.9132315597060565,-1.019042445038157
2.140891696749686,1,1,0.7008557205525822,-0.49926588027410357
3.459085419943329,4,4,0.38418068941373745,-1.0164585186647788
2.394603664466063,2,0,0.7774203371425429,-0.6734989545440606
3.4604323527517207,1,0,0.8259270054773807,-0.6997211587520822
6.246181384718987,3,2,0.3992435914943567,-0.9545077552542266
3.6923688308993348,4,1,0.45444470394948344,-0.8954395267571772
2.215306423691219,4,0,0.8454807686044934,-0.7674391536811427
2.6329644470199804,2,0,0.18622968124753805,-0.7880072204769023
2.9840817713205494,3,3,1.055052099554,-1.121472109900521
2.4046153950455853,1,0,1.0741740370747221,-0.40957953011491266
3.3737390141866412,2,1,1.3669829848315502,-0.9731117793831061
2.0956697392353942,2,2,0.9673514907443796,-0.9033519746469955
3.075584090269525,2,2,1.672999747034735,-0.9802755828152643
10.096375341707507,2,0,0.47882794619351515,-0.7495965505002161
3.7300081284800517,3,2,1.5127465287608315,-0.39997840826607084
2.3832810516447585,2,1,1.064235421020234,-0.7111483927825564
3.0212329399733036,5,2,0.5845297051254306,-1.2239772480857496
2.7467229498449424,3,2,1.2097573995970379,-0.5206316926923922
2.423932533067981,4,3,0.600038405090719,-1.1686895883454855
5.261199699376361,6,1,0.8667037564241645,-1.6411704232152033
2.9439923913406165,4,0,0.5569244619868634,-1.2017682748629082
1.7326018654704975,0,0,1.0032955693377794,-0.5488907854871543
2.4972815621556683,3,3,1.3317425525962696,-2.3379855664498246
1.8995055956070415,0,0,1.2195896353434983,-0.6027119343343894
2.4874971727724504,2,0,0.9108881204823136,-0.5852466210953512
3.5733655414444603,1,0,0.9581115815183457,-1.1057669697474355
2.6995714212271573,1,1,0.958980826950289,-0.6368014142845402
6.479051824858347,7,3,0.6257030007312208,-0.9554864203168582
2.861066291529961,2,1,1.436656174223783,-0.2932740616841251
3.0904598511694505,5,2,0.9783165694689799,-0.6814651299007133
2.415333854787611,2,2,1.1900936441650054,-0.20033800254202744
3.7013587638263927,4,1,0.46603387610547004,-0.9097165479414082
2.82003316983618,2,0,1.128997813281847,-0.329972817713634
2.666009747499539,2,1,1.1192153051664528,-0.5175318164028603
2.61478075951301,4,3,1.1586348719454496,-0.4668093816589252
2.0435409506158164,1,1,0.6605483251041797,-0.7180393854407404
2.194849498541288,3,2,0.7802420322343672,-0.6652269414073821
4.04047064522479,5,3,1.0732367497364657,-1.1283263245602995
2.7128112331247496,2,1,0.7843979801273806,-1.3692825132900655
2.462256170234653,2,0,1.3138332261144496,-0.37951845856424626
2.2559699364222285,2,1,0.5868460713494087,-0.8497793587085678
2.6386863317057925,4,1,0.9480053124722624,-0.19704591052847495
2.8030832262576784,5,3,0.4288279688133674,-1.1000668632448343
2.8905668080672364,5,2,1.0350698008177306,-0.5751515062277208
2.744275011895616,6,3,0.7603466317434532,-0.5145032242303587
2.601166275700398,3,2,0.521434130841859,-0.9117732356316606
1.5371464576164011,0,0,1.2968750641120752,-0.7731284128223593
2.390149171318977,3,1,1.9224274330095927,-0.5940903315300297
2.7695870178978423,2,1,0.7780561404983383,-0.45662096988209033
3.350651298290123,5,3,1.45427341768626,-1.4092486750109898
2.0966561854544894,1,0,0.5652267599685774,-0.699384794377354
3.0159245366717937,4,3,0.7509278197940455,-1.0875210638384871
3.2505834003181633,3,3,0.5017300499735412,-1.1588743259198302
5.522234714551483,4,2,1.2995196506740894,-0.1348563896627516
2.6041537932766876,4,3,1.3695808372303637,-1.272739539016665
2.06180215726287,2,1,0.6194906787690063,-0.7890436870077566
2.0698194051596643,1,1,0.8644831245454454,-0.6609236182214717
2.514036121350579,2,1,1.037005810483903,-0.1832261011533199
12.158120259011234,1,1,0.749788245129409,-0.568562478902037
2.7303499314643114,2,0,0.2738236745460683,-0.7612596460780648
4.031447713930803,3,1,0.7490592456592959,-0.2433123966961157
2.5907064425425164,3,1,0.8176561637092082,-0.84896115225734
9.50287128612653,4,2,0.5356395343659908,-1.582313910325523
2.473642408797401,2,0,0.6549741595473411,-0.8731629141694884
7.015057183190892,7,1,0.3730875154517576,-0.7663732755905216
2.034492331968039,1,1,0.9436021852946347,-1.1831595219414053
2.4696572055282373,3,3,0.7951070479017461,-0.7146935135391205
2.7706157073100712,3,0,0.46102124454420973,-0.881858141637845
3.5384085188165844,5,2,1.1955468610631192,-0.6260821402124107
7.316002614217391,7,3,0.877156334853275,-0.8233077273494188
2.2156468756801524,1,0,0.5032882155465028,-0.9085404837828331
2.5299455304739245,2,0,0.8475763164713654,-0.24995536803108562
4.778284998780661,2,0,1.1785229024136514,-0.8431427300283927
2.6540951948506257,1,0,1.0041750392784234,-0.763031173475992
1.631801500857783,0,0,0.47075189428651537,-1.7267576783760648
4.080631904940904,3,2,1.818976363802626,-1.7437368041263845
2.452395168311569,3,2,1.2368953805115004,-0.8332990323116505
4.191739021067594,1,0,1.4031058616956367,-0.29703321781673686
9.21482970177479,4,2,0.7574025356420049,-1.0332842401481244
2.152770146351891,1,1,0.7887696091835609,-0.628826463851556
4.899665902567983,5,2,1.2576951799319078,-0.4679324713327832
3.556382296197819,2,2,1.2283644707557622,-0.5852958992947932
6.224161553041636,5,1,0.4093797786837136,-1.1830280816245897
2.345997133115106,2,1,1.4768303942112049,-1.381062816352762
2.775379770878463,2,2,0.8566388171703194,-0.557226993895968
19.220106726349446,2,1,0.8566469941084939,-1.0882209675248031
2.83854335208986,3,3,0.7196481481421714,-0.9713561748174382
2.391220552008843,2,1,0.7424522734925632,-1.3106696902987842
1.763521766525284,0,0,0.5437746673066989,-0.49390232270247364
5.339115979907553,1,1,0.9984078836236719,-0.4129975993890938
3.1608546357668192,2,0,1.2178521580887207,-0.43373929678860473
1.6609766407057989,0,0,1.279161904565464,-0.4567489061999141
2.51219184979092,3,2,0.648176277657303,-1.2772500023481188
4.955615822879428,4,4,1.2948108846755308,-0.8095996889410977
5.8315635971945605,3,2,0.7523109127402339,-0.6978588586265932
2.4136415580466957,3,2,1.057092052112488,-0.7266119760175164
2.6508209843820225,2,1,1.0468749259614873,-0.22559248521383615
3.170580312790922,1,1,0.9852339067028386,-0.9686337759397499
3.313307479241767,5,0,0.7852397307566622,-0.3828230982604197
4.867867660883462,3,1,0.9724042598789902,-0.7304125861023606
4.950006100991472,1,0,1.2942535658776226,-0.5043897289875872
2.4351375987541424,1,0,0.851835596850746,-1.4724301970287408
3.888977995690416,4,1,1.0244956968092795,-0.8871584391726453
2.634746549105703,4,1,0.29380385829041206,-1.2657619941863587
2.4414877562085344,3,1,0.32385303647568187,-1.0259744264941366
2.27386057824802,3,1,1.1834775113274258,-0.3366922602983715
2.6492642139059432,5,2,0.9159147823415451,-0.5865770765378482
4.583646050759985,4,2,1.1618612887572652,-0.4793436897573739
5.445876946316452,3,2,1.4283100763838315,-0.8046709161401874
1.6425553076537158,0,0,0.6768335911831269,-0.5338418335316703
2.635019483854227,2,1,0.9909779738517757,-1.3515897081796997
2.5476776113947426,2,1,0.4938806186985583,-0.6313528830311123
2.494033308929051,4,1,0.5604156019521311,-0.49154605941070384
2.3520567675524076,1,0,1.555807085231735,-1.1342963453383093
2.019735048201687,1,0,0.9756169264721719,-0.7438967591323984
58.771742250038685,4,1,0.671252816127596,-0.40444689943193585
4.4818104847659015,3,2,0.9204621288278493,-0.8138109667586428
2.3617142362956036,3,0,1.117551001954022,-0.15435636599168523
2.4471323982507815,1,1,1.1116475055076003,-0.5736352469753301
2.5396093702790408,4,2,1.6985137949135614,-0.47452905090874176
5.232704269992038,2,1,0.5725630995957213,-0.6545194624546101
2.1394900349119435,1,0,1.4852074071435966,-0.46503859839053974
2.6864713869655783,5,2,0.7917987599675786,-0.7044042210103976
3.001768440146605,1,0,1.1186890613569613,-0.30439767632933407
2.701480411597725,1,1,1.0692172869758365,-1.0793979586426867
3.0135432205564108,3,1,0.9629287997581562,-0.7390893274280734
19.143312459543477,2,2,1.5782449072356084,-0.7347233603786052
3.8108785320186054,4,3,1.1334644206947386,-1.036044580406864
2.0839130734277016,1,0,0.2580511999557223,-1.5099757207634668
2.317677408261226,1,1,1.1713007154859378,-0.14620580515655893
2.5361245515386166,1,0,0.47230042113157134,-0.8444175838596587
2.1248770311961036,2,1,0.8372314797377176,-1.0223077256427369
4.841722231190627,5,1,1.2988839247696433,-0.3538461527742084
2.9274661218803555,3,1,0.5771630609565525,-0.5393835066939469
2.631284957013034,2,2,1.0460544915373158,-0.7957988269054022
2.807118750939887,3,1,1.4488772415508646,-1.3888543526672061
2.684458347071911,3,1,1.0720692047083467,-0.8265659645523767
77.21501611887474,5,3,0.9624432098138218,-1.4054208512252708
2.9899000948087964,4,0,0.3297206050458456,-1.225074652250152
3.0197112277385267,7,2,0.8993325053515921,-1.5808507231111022
2.825936644593751,3,2,0.7314230988237819,-1.9805985704631524
4.214065860282272,3,1,1.5426606929917694,-0.37693406979143695
2.24326034891626,2,1,1.374116309679696,-0.5567845782229184
3.130925395027815,2,1,0.6355324211516887,-1.1813766980157923
2.812514556866913,2,2,0.49223813733485533,-1.2827709955991284
3.6395954969645046,4,3,1.2908618782932841,-1.1866884009645433
2.6860797032096957,2,0,1.0847532619091584,-0.8697471696978933
6.339960991941365,4,3,0.6164010382226834,-1.0090472717932184
