sector_index,n,avg,tp,up,f14,l8
Nifty Energy,8,-2.196416579387945,-0.6812241053395037,25.0,,-2.196416579387945
Nifty India Digital,8,-2.1526909204605,-2.668049159353675,25.0,,-2.1526909204605
Nifty India Consumption,10,-1.661419632691858,-1.661419632691858,30.0,-1.1845382674899985,-2.774142818162863
Nifty Infrastructure,28,-1.2950373851943113,-0.8196553040288211,39.285714285714285,-2.740471696615134,-0.7168636606259826
Nifty Financial Services,78,-0.6501249952959085,-0.34613353086434856,44.871794871794876,-0.16058897720892826,-1.3923247646535881
Nifty India Defence,8,-0.6489270994003775,-0.6489270994003775,62.5,0.94236332975922,-0.8762543035660345
Nifty Oil & Gas,25,-0.42351983490738165,-0.42351983490738165,48.0,-0.7199897270093938,0.10353775105175103
Nifty Bank,52,-0.3259988297669266,-0.17054902080646586,48.07692307692308,-0.5915787217278946,0.2715559271452513
Nifty 500,49,-0.2771929100883029,-1.0848764433833202,38.775510204081634,-0.6368489681285779,0.04096437202424812
Nifty Pharma,64,0.03101162433361311,0.09631248073460924,53.125,0.01927123938418251,0.055051460182447234
Nifty FMCG,42,0.05262419800575648,0.1038998809235134,38.095238095238095,0.49666112425815234,-0.6689358071543867
Nifty Services Sector,30,0.2602313417174959,-0.05454541934925664,46.666666666666664,1.382523742064615,-1.2073817971979677
Nifty Consumer Durables,30,0.30391540192248834,0.6799791352982391,50.0,-0.6145385991876661,1.2223694030326429
Nifty Metal,48,0.5196868802097779,1.2154610109362936,56.25,0.23320039325118974,0.8880266491565343
Nifty India Manufacturing,47,0.594495617511004,0.5144396852842403,55.319148936170215,0.9098756162165053,0.38048776124655664
Nifty Commodities,27,0.5949403308901793,0.4230824734175137,59.25925925925925,0.14158495800564247,2.181684135986058
Nifty IT,80,0.6674501574018725,0.469542976137898,55.00000000000001,-0.17737527878957635,1.753654289648021
Nifty Auto,45,1.7294626045812411,1.0702290779578933,57.77777777777777,3.316810168770449,-0.2547218506552695
