id,three_day_excess,three_day_z,three_day_p_single,three_day_p_maxT,tp3_excess,tp3_z,tp3_p_single,tp3_p_maxT
V1,-0.10446236081603265,-0.5099274745352211,0.619876024795041,1.0,-0.04557461497672063,-0.23970508492182024,0.8092381523695261,1.0
V1o,0.08255610566823303,0.5845501874688778,0.5572885422915417,1.0,-0.026369144336498725,-0.19491641907250346,0.8520295940811837,1.0
V2,-0.26511055291324664,-0.924485454693311,0.35112977404519097,1.0,-0.2208823205210026,-0.817119150642595,0.4169166166766647,1.0
V2o,0.006657634124366055,0.03530881811009809,0.972005598880224,1.0,-0.06522212844356162,-0.3670881504085068,0.7044591081783643,1.0
V3,-0.12995867361806687,-0.46340244570213796,0.6370725854829035,1.0,-0.10317799360256437,-0.39459106934882504,0.6990601879624075,1.0
V4,0.10984964198203886,0.4437587096876322,0.6676664667066586,1.0,0.1614164320820484,0.7048123539717027,0.4797040591881624,1.0
V4o,0.1255617310502455,0.6330295419574138,0.5252949410117976,1.0,0.11769408477564897,0.623948033744738,0.5258948210357929,1.0
V5,0.11368240250901093,0.649519353735515,0.5202959408118376,1.0,0.20433638220868822,1.244593392660543,0.21495700859828035,0.9994001199760048
V5o,-0.08826977110764865,-0.5797370700571638,0.5586882623475304,1.0,-0.12645592615816723,-0.8932093723984356,0.371125774845031,1.0
Q1,-0.02419059126318704,-0.17108430829375967,0.8620275944811038,1.0,-0.06123084392554677,-0.4674335843188835,0.6426714657068586,1.0
Q1o,0.10136438131867863,0.5733818520218313,0.5730853829234153,1.0,0.15803974087073527,0.9509225162373909,0.3411317736452709,1.0
Q2,-0.013120190001970324,-0.3942464365744969,0.6988602279544092,1.0,-0.025613056798778486,-0.81770385208696,0.40991801639672065,1.0
Q2o,0.10400442408856723,0.39424643657449704,0.6988602279544092,1.0,0.20303602471493726,0.8177038520869607,0.40991801639672065,1.0
Q3,0.2096321516015304,1.1240932105472707,0.25574885022995403,1.0,0.13075990907786247,0.756535172518181,0.4553089382123575,1.0
Q3o,0.07500280783419219,0.39996031456454467,0.6876624675064987,1.0,0.09761243929387928,0.5621321149760554,0.5806838632273545,1.0
G1,-0.017186678850982337,-0.12151336728924855,0.9038192361527695,1.0,0.05022487663036833,0.38392983976899814,0.7010597880423916,1.0
G1o,-0.23130583055720727,-0.9622684463087647,0.33833233353329334,1.0,-0.18081384547311508,-0.8137973891669606,0.41411717656468705,1.0
G2,0.1645676906174833,1.0216982404834143,0.3065386922615477,1.0,0.16146810218528834,1.0818090258385844,0.2845430913817237,1.0
G2o,-0.0905603353868634,-0.6119707172722308,0.5384923015396921,1.0,-0.1092251489907682,-0.798379330890961,0.42391521695660866,1.0
G3,0.10062644630558601,0.774868561696514,0.4373125374925015,1.0,0.0035857320506777757,0.029970877874303414,0.9772045590881824,1.0
G3o,0.12177232724672778,0.4845169371271945,0.6274745050989802,1.0,0.19725367051460002,0.8544175186943194,0.39472105578884226,1.0
GP1,0.2667041466947158,1.5413976367402424,0.11617676464707058,0.9862027594481104,0.2811166168868025,1.7609018377851702,0.08218356328734253,0.9288142371525695
GP1o,-0.18465278824483436,-0.8336909310082654,0.40891821635672865,1.0,-0.2227619562618323,-1.1034269889574038,0.26394721055788845,1.0
M1,0.2000335337003239,1.5796142537735993,0.11297740451909619,0.9792041591681664,0.26829617361274083,2.341548973116825,0.02459508098380324,0.49190161967606477
M1o,-0.21398289371392254,-1.5143795296772808,0.1299740051989602,0.9892021595680864,-0.25962351109583526,-1.9825373093115624,0.04839032193561288,0.8066386722655469
T1,0.39743479510741064,0.8339683689335448,0.40691861627674464,1.0,0.1962473660683857,0.44660660919039763,0.644871025794841,1.0
T1o,-0.017179562314591904,-0.02456697875537397,0.9788042391521695,1.0,-0.18245772393853169,-0.2819513289007228,0.7838432313537292,1.0
D1,-0.108380522581245,-0.455517103301619,0.6332733453309338,1.0,-0.17972938571012495,-0.8164246710313252,0.41611677664467106,1.0
D1o,0.1372539896367479,1.688326714549988,0.09338132373525294,0.9540091981603679,0.14497386564205586,1.8942464974325168,0.05678864227154569,0.8608278344331134
D2,-0.061127533368972586,-0.25075840415804174,0.7960407918416317,1.0,-0.1616156662312801,-0.7173921731993693,0.47570485902819437,1.0
P1,0.23129640904079682,1.7686038151864911,0.08018396320735853,0.9276144771045791,0.20249980633839007,1.6501764184044785,0.10337932413517296,0.9668066386722656
P1o,-1.3239723977724915,-1.574840747303878,0.11597680463907219,0.9798040391921615,-0.8386182467878487,-1.0365307461327382,0.3041391721655669,1.0
P2,0.2815896983106787,1.9772151393428739,0.05058988202359528,0.7996400719856028,0.24171900490260034,1.799517645276195,0.07278544291141771,0.9120175964807039
P2o,-0.4977865726970616,-1.1097893597657928,0.275744851029794,1.0,-0.6556632366959073,-1.568171369499675,0.11457708458308338,0.9850029994001199
S1,-0.1971579188991053,-1.7200297453450666,0.08778244351129774,0.9438112377524495,-0.17772342006092895,-1.6431231121703769,0.10097980403919216,0.9688062387522496
S1o,0.12204536485259986,1.720029745345068,0.08778244351129774,0.9438112377524495,0.11001495534799108,1.6431231121703762,0.10097980403919216,0.9688062387522496
S2,-0.6893160575697577,-1.5749526479096545,0.11737652469506099,0.9798040391921615,-0.6016628085322039,-1.50241067779536,0.1299740051989602,0.9922015596880623
DV1,0.02830379840964473,0.8469767588591641,0.39392121575684863,1.0,0.03284740931745879,1.050255591366325,0.29874025194961007,1.0
DV1o,-0.20306740155747632,-0.8469767588591656,0.39392121575684863,1.0,-0.23566582694845142,-1.0502555913663258,0.29874025194961007,1.0
C1,-0.9770085000115373,-2.0053370546785585,0.04579084183163367,0.7820435912817436,-0.6998946219715262,-1.5170550457776542,0.129374125174965,0.9916016796640672
C2,-0.10500033792349894,-0.4797812464093841,0.6334733053389322,1.0,-0.1187158331068439,-0.5953786303572306,0.5470905818836233,1.0
C3,0.4815604232790465,1.515342173050632,0.13457308538292342,0.9888022395520896,0.43363740984676236,1.4796047131033438,0.1349730053989202,0.9932013597280543
F1,0.11547644626900773,0.8131802195814682,0.41151769646070785,1.0,0.11165754934071304,0.8599146585696248,0.3837232553489302,1.0
F1o,0.1423534660819452,0.40449264341038016,0.6940611877624475,1.0,0.18791210579069928,0.5749756324329169,0.5584883023395321,1.0
