objective,min_trades,variant,qn,rule,is_obj,is_avg_pct,is_trades,is_q_pos,is_q,oos_trades,oos_avg_pct
mean,15,best_either,8,SHORT: r5y >= 2.448 AND nifty_1m >= 0.01122 AND days_since_dividend >= 20,0.07470505684614182,7.4705056846141815,16,5,6,1,-3.94995294797666
mean,15,best_long,8,LONG: r3y <= 1.493 AND vs_ma50 <= -0.08243 AND vs_nifty_1m >= -0.08098,0.07389455288648605,7.389455288648605,15,6,6,0,
mean,15,best_short,8,SHORT: r5y >= 2.448 AND nifty_1m >= 0.01122 AND days_since_dividend >= 20,0.07470505684614182,7.4705056846141815,16,5,6,1,-3.94995294797666
mean,30,best_either,8,LONG: vs_nifty_1w <= 0.00189 AND sec_vs_200dma <= 0.06827 AND r3d <= -0.03846,0.05019555240869522,5.019555240869522,30,5,6,0,
mean,30,best_long,8,LONG: vs_nifty_1w <= 0.00189 AND sec_vs_200dma <= 0.06827 AND r3d <= -0.03846,0.05019555240869522,5.019555240869522,30,5,6,0,
mean,30,best_short,8,SHORT: nifty_1w >= 0.009259 AND nifty_1m >= 0.004403 AND d1 <= -0.006995,0.04946361854672432,4.946361854672432,30,7,8,0,
mean,60,best_either,8,LONG: r1m <= -0.04536 AND nifty_1w <= -0.006081 AND days_after_quarter_end >= 22,0.03564920276403427,3.564920276403427,60,5,6,4,2.22560272749721
mean,60,best_long,8,LONG: r1m <= -0.04536 AND nifty_1w <= -0.006081 AND days_after_quarter_end >= 22,0.03564920276403427,3.564920276403427,60,5,6,4,2.22560272749721
mean,60,best_short,8,SHORT: d1 <= -0.006995 AND r3d >= -0.03846 AND gap5 <= 0.02404,0.03131062537431717,3.131062537431717,63,8,8,3,-0.7679997227647399
fpos,15,best_either,8,LONG: vs_ma50 <= -0.08243 AND vs_nifty_1m >= -0.08098 AND maxabs5 >= 0.01622,1.036947276443243,7.389455288648605,15,6,6,0,
fpos,15,best_long,8,LONG: vs_ma50 <= -0.08243 AND vs_nifty_1m >= -0.08098 AND maxabs5 >= 0.01622,1.036947276443243,7.389455288648605,15,6,6,0,
fpos,15,best_short,8,SHORT: r5y >= 2.448 AND intra5 >= -0.03636 AND vol20_60 >= 0.6911,1.0334584936499596,6.691698729991913,17,6,6,1,-3.94995294797666
fpos,30,best_either,8,LONG: vs_ma50 <= -0.08243 AND india_vix >= 14.4 AND peers_reported_n <= 1,1.024948937818408,4.9897875636816025,30,7,7,0,
fpos,30,best_long,8,LONG: vs_ma50 <= -0.08243 AND india_vix >= 14.4 AND peers_reported_n <= 1,1.024948937818408,4.9897875636816025,30,7,7,0,
fpos,30,best_short,8,SHORT: nifty_1w >= 0.009259 AND d1 <= -0.006995 AND gap5 <= 0.02404,1.0241054762154818,4.821095243096352,35,8,8,0,
fpos,60,best_either,8,LONG: nifty_1w <= 0.0145 AND prev_sales_yoy >= -0.1229 AND up10 <= 0.3,1.0174015704542398,3.480314090847969,60,7,7,5,2.441706823192408
fpos,60,best_long,8,LONG: nifty_1w <= 0.0145 AND prev_sales_yoy >= -0.1229 AND up10 <= 0.3,1.0174015704542398,3.480314090847969,60,7,7,5,2.441706823192408
fpos,60,best_short,8,SHORT: d1 <= -0.006995 AND r3d >= -0.03846 AND gap5 <= 0.02404,1.0156553126871586,3.131062537431717,63,8,8,3,-0.7679997227647399
worst,15,best_either,8,LONG: r1y >= -0.2162 AND vs_ma50 <= -0.08243 AND vs_nifty_1m >= -0.08098,0.055383652448654175,7.389455288648605,15,6,6,0,
worst,15,best_long,8,LONG: r1y >= -0.2162 AND vs_ma50 <= -0.08243 AND vs_nifty_1m >= -0.08098,0.055383652448654175,7.389455288648605,15,6,6,0,
worst,15,best_short,8,SHORT: r1m >= -0.04536 AND d1 <= -0.006995 AND exn_10d >= -0.05658,0.04926549643278122,6.39633983373642,16,6,6,2,-1.4106518679817148
worst,30,best_either,8,SHORT: nifty_1m >= 0.02326 AND d1 <= -0.006995 AND gap0 <= 0.005013,0.03242388367652893,4.268210753798485,31,7,7,2,-1.839984410042125
worst,30,best_long,8,LONG: vs_ma50 <= -0.08243 AND days_after_quarter_end >= 27 AND peers_reported_n <= 2,0.03210419416427612,4.7000255435705185,31,6,6,1,2.24025453463855
worst,30,best_short,8,SHORT: nifty_1m >= 0.02326 AND d1 <= -0.006995 AND gap0 <= 0.005013,0.03242388367652893,4.268210753798485,31,7,7,2,-1.839984410042125
worst,60,best_either,8,LONG: india_vix >= 13.21 AND days_after_quarter_end >= 27 AND r10d <= -0.06395,0.020762845873832703,2.9942357912659645,60,7,7,0,
worst,60,best_long,8,LONG: india_vix >= 13.21 AND days_after_quarter_end >= 27 AND r10d <= -0.06395,0.020762845873832703,2.9942357912659645,60,7,7,0,
worst,60,best_short,8,SHORT: sector_3m >= -0.08366 AND sector_3m <= 0.1577 AND own_rd <= -0.003831,0.02069796435534954,2.4721072986721992,60,6,6,7,-2.8327444370814603
mean,15,best_either,9,LONG: vs_ma50 <= -0.07911 AND vs_nifty_1m >= -0.07951 AND sec_d0 <= 0.0008612,0.07428590953350067,7.428590953350067,15,7,7,0,
mean,15,best_long,9,LONG: vs_ma50 <= -0.07911 AND vs_nifty_1m >= -0.07951 AND sec_d0 <= 0.0008612,0.07428590953350067,7.428590953350067,15,7,7,0,
mean,15,best_short,9,SHORT: nifty_1w >= 0.009259 AND vol20_60 >= 0.7693 AND maxabs5 <= 0.01596,0.0715218037366867,7.152180373668671,15,6,6,2,-0.07295437324606
mean,30,best_either,9,LONG: r3y <= 2.094 AND vs_ma50 <= -0.07911 AND nifty_1w <= -0.01321,0.0548856295645237,5.48856295645237,30,6,6,0,
mean,30,best_long,9,LONG: r3y <= 2.094 AND vs_ma50 <= -0.07911 AND nifty_1w <= -0.01321,0.0548856295645237,5.48856295645237,30,6,6,0,
mean,30,best_short,9,SHORT: vs_ma200 >= -0.1465 AND nifty_1w >= 0.009259 AND dist_60h <= -0.1128,0.04959004744887352,4.959004744887352,30,9,9,1,3.5011954426058796
mean,60,best_either,9,LONG: nifty_1w <= -0.006081 AND days_after_quarter_end >= 25 AND nifty_3d <= 0.005184,0.03768637403845787,3.768637403845787,62,6,6,3,0.07123402610183334
mean,60,best_long,9,LONG: nifty_1w <= -0.006081 AND days_after_quarter_end >= 25 AND nifty_3d <= 0.005184,0.03768637403845787,3.768637403845787,62,6,6,3,0.07123402610183334
mean,60,best_short,9,SHORT: d1 <= -0.006367 AND gap5 <= 0.02284 AND intra5 >= -0.04767,0.0340711884200573,3.4071188420057297,62,8,9,6,-0.976249142769915
fpos,15,best_either,9,LONG: vs_ma50 <= -0.07911 AND vs_nifty_1m >= -0.07951 AND sec_d0 <= 0.0008612,1.0371429547667503,7.428590953350067,15,7,7,0,
fpos,15,best_long,9,LONG: vs_ma50 <= -0.07911 AND vs_nifty_1m >= -0.07951 AND sec_d0 <= 0.0008612,1.0371429547667503,7.428590953350067,15,7,7,0,
fpos,15,best_short,9,SHORT: nifty_1w >= 0.009259 AND vol20_60 >= 0.7693 AND maxabs5 <= 0.01596,1.0357609018683434,7.152180373668671,15,6,6,2,-0.07295437324606
fpos,30,best_either,9,LONG: r3y <= 2.094 AND vs_ma50 <= -0.07911 AND nifty_1w <= -0.01321,1.0274428147822618,5.48856295645237,30,6,6,0,
fpos,30,best_long,9,LONG: r3y <= 2.094 AND vs_ma50 <= -0.07911 AND nifty_1w <= -0.01321,1.0274428147822618,5.48856295645237,30,6,6,0,
fpos,30,best_short,9,SHORT: vs_ma200 >= -0.1465 AND nifty_1w >= 0.009259 AND dist_60h <= -0.1128,1.0247950237244368,4.959004744887352,30,9,9,1,3.5011954426058796
fpos,60,best_either,9,LONG: nifty_1w <= -0.006081 AND days_after_quarter_end >= 25 AND nifty_3d <= 0.005184,1.018843187019229,3.768637403845787,62,6,6,3,0.07123402610183334
fpos,60,best_long,9,LONG: nifty_1w <= -0.006081 AND days_after_quarter_end >= 25 AND nifty_3d <= 0.005184,1.018843187019229,3.768637403845787,62,6,6,3,0.07123402610183334
fpos,60,best_short,9,SHORT: d1 <= -0.006367 AND d2 >= -0.01553 AND intra5 >= -0.04767,1.0157578699290752,3.151573985815048,62,9,9,5,-0.62175038773306
worst,15,best_either,9,LONG: sector_1w <= -0.0006588 AND r10d <= -0.07856 AND exn_3d >= -0.02583,0.04492082819342613,5.387741327285767,17,6,6,0,
worst,15,best_long,9,LONG: sector_1w <= -0.0006588 AND r10d <= -0.07856 AND exn_3d >= -0.02583,0.04492082819342613,5.387741327285767,17,6,6,0,
worst,15,best_short,9,SHORT: d1 <= -0.006367 AND gap0 <= 0.003511 AND z20 >= -0.2691,0.04209476709365845,6.332584470510483,16,6,6,3,-1.68436363960846
worst,30,best_either,9,LONG: vs_ma200 <= -0.1742 AND season_so_far_3d <= 0.006734 AND own_abs3d <= 0.08297,0.03771495446562767,4.619650915265083,30,6,6,0,
worst,30,best_long,9,LONG: vs_ma200 <= -0.1742 AND season_so_far_3d <= 0.006734 AND own_abs3d <= 0.08297,0.03771495446562767,4.619650915265083,30,6,6,0,
worst,30,best_short,9,SHORT: sector_1w >= 0.01994 AND vs_sector_1m >= -0.1593 AND days_since_dividend >= 78,0.030988601967692375,3.5762175917625427,34,7,7,1,-0.18128509229028
worst,60,best_either,9,LONG: r1w <= -0.001129 AND sector_3m <= -0.01257 AND dist_20h <= -0.07981,0.024223072454333305,2.990950085222721,60,7,7,0,
worst,60,best_long,9,LONG: r1w <= -0.001129 AND sector_3m <= -0.01257 AND dist_20h <= -0.07981,0.024223072454333305,2.990950085222721,60,7,7,0,
worst,60,best_short,9,SHORT: vs_sector_1w <= 0.01999 AND nifty_1w >= 0.01428 AND sector_3m >= -0.08395,0.01835482195019722,2.947760559618473,64,9,9,6,2.0520023219045638
mean,15,best_either,10,LONG: nifty_1w <= -0.01639 AND peers_reported_n <= 2 AND up10 <= 0.3,0.07715870440006256,7.715870440006256,15,6,6,0,
mean,15,best_long,10,LONG: nifty_1w <= -0.01639 AND peers_reported_n <= 2 AND up10 <= 0.3,0.07715870440006256,7.715870440006256,15,6,6,0,
mean,15,best_short,10,SHORT: r5y >= 2.409 AND vs_ma200 >= -0.1302 AND vs_sector_3m <= -0.0001467,0.06783553957939148,6.783553957939148,15,6,6,2,2.001720906483015
mean,30,best_either,10,LONG: r3y <= 1.73 AND vs_ma50 <= -0.07708 AND nifty_1w <= -0.01312,0.0549992099404335,5.49992099404335,30,6,6,0,
mean,30,best_long,10,LONG: r3y <= 1.73 AND vs_ma50 <= -0.07708 AND nifty_1w <= -0.01312,0.0549992099404335,5.49992099404335,30,6,6,0,
mean,30,best_short,10,SHORT: sector_1w >= 0.01249 AND nifty_1w >= 0.0009002 AND d1 <= -0.0004575,0.046116843819618225,4.6116843819618225,30,7,7,2,0.07644346293065526
mean,60,best_either,10,LONG: days_after_quarter_end >= 27 AND r10d <= -0.06071 AND nifty_3d <= 0.01248,0.03555929660797119,3.555929660797119,60,8,8,3,1.2902006577339664
mean,60,best_long,10,LONG: days_after_quarter_end >= 27 AND r10d <= -0.06071 AND nifty_3d <= 0.01248,0.03555929660797119,3.555929660797119,60,8,8,3,1.2902006577339664
mean,60,best_short,10,SHORT: nifty_1w >= 0.01425 AND sector_3m >= -0.03314 AND up10 <= 0.6,0.03217753395438194,3.2177533954381943,60,10,10,3,-3.003564730062487
fpos,15,best_either,10,LONG: nifty_1w <= -0.01639 AND peers_reported_n <= 2 AND up10 <= 0.3,1.0385793522000313,7.715870440006256,15,6,6,0,
fpos,15,best_long,10,LONG: nifty_1w <= -0.01639 AND peers_reported_n <= 2 AND up10 <= 0.3,1.0385793522000313,7.715870440006256,15,6,6,0,
fpos,15,best_short,10,SHORT: r5y >= 2.409 AND vs_ma200 >= -0.1302 AND vs_sector_3m <= -0.0001467,1.0339177697896957,6.783553957939148,15,6,6,2,2.001720906483015
fpos,30,best_either,10,LONG: r3y <= 1.73 AND vs_ma50 <= -0.07708 AND nifty_1w <= -0.01312,1.0274996049702168,5.49992099404335,30,6,6,0,
fpos,30,best_long,10,LONG: r3y <= 1.73 AND vs_ma50 <= -0.07708 AND nifty_1w <= -0.01312,1.0274996049702168,5.49992099404335,30,6,6,0,
fpos,30,best_short,10,SHORT: sector_1w >= 0.01249 AND nifty_1w >= 0.0009002 AND d1 <= -0.0004575,1.0230584219098091,4.6116843819618225,30,7,7,2,0.07644346293065526
fpos,60,best_either,10,LONG: days_after_quarter_end >= 27 AND r10d <= -0.06071 AND nifty_3d <= 0.01248,1.0177796483039856,3.555929660797119,60,8,8,3,1.2902006577339664
fpos,60,best_long,10,LONG: days_after_quarter_end >= 27 AND r10d <= -0.06071 AND nifty_3d <= 0.01248,1.0177796483039856,3.555929660797119,60,8,8,3,1.2902006577339664
fpos,60,best_short,10,SHORT: nifty_1w >= 0.01425 AND sector_3m >= -0.03314 AND up10 <= 0.6,1.016088766977191,3.2177533954381943,60,10,10,3,-3.003564730062487
worst,15,best_either,10,LONG: r3m <= -0.1661 AND vs_nifty_1m <= -0.1287 AND maxabs5 >= 0.00995,0.043047234416007996,5.889709293842316,15,6,6,0,
worst,15,best_long,10,LONG: r3m <= -0.1661 AND vs_nifty_1m <= -0.1287 AND maxabs5 >= 0.00995,0.043047234416007996,5.889709293842316,15,6,6,0,
worst,15,best_short,10,SHORT: nifty_1w >= 0.01425 AND prev_net_margin >= 0.1328 AND peers_reported_n >= 2,0.041899703443050385,5.914108082652092,15,7,7,2,0.07644346293065526
worst,30,best_either,10,LONG: vs_ma200 <= -0.1699 AND gap0 >= -0.008823 AND own_dm1 >= -0.01462,0.03580750524997711,4.4220466166734695,33,6,6,0,
worst,30,best_long,10,LONG: vs_ma200 <= -0.1699 AND gap0 >= -0.008823 AND own_dm1 >= -0.01462,0.03580750524997711,4.4220466166734695,33,6,6,0,
worst,30,best_short,10,SHORT: sector_1w >= 0.01974 AND vs_sector_1w >= -0.04366 AND days_since_dividend >= 77,0.030988601967692375,3.523126244544983,32,7,7,1,-3.49649271356893
worst,60,best_either,10,LONG: nifty_1w <= 0.0009002 AND nifty_3m <= 0.03987 AND z20 <= -0.4513,0.022086121141910553,2.946741133928299,61,6,6,5,-2.7775702517850496
worst,60,best_long,10,LONG: nifty_1w <= 0.0009002 AND nifty_3m <= 0.03987 AND z20 <= -0.4513,0.022086121141910553,2.946741133928299,61,6,6,5,-2.7775702517850496
worst,60,best_short,10,SHORT: vs_sector_1w <= 0.01993 AND nifty_1w >= 0.01425 AND sector_3m >= -0.0797,0.01835482195019722,2.778630703687668,68,10,10,3,-3.003564730062487
mean,15,best_either,11,LONG: nifty_1w <= -0.01608 AND peers_reported_n <= 2 AND up10 <= 0.3,0.07715870440006256,7.715870440006256,15,6,6,1,-1.76713838822599
mean,15,best_long,11,LONG: nifty_1w <= -0.01608 AND peers_reported_n <= 2 AND up10 <= 0.3,0.07715870440006256,7.715870440006256,15,6,6,1,-1.76713838822599
mean,15,best_short,11,SHORT: r5y >= 2.421 AND nifty_1m >= 0.01427 AND sec_vs_200dma >= -0.06643,0.07129836827516556,7.129836827516556,15,6,6,1,-10.18522262907781
mean,30,best_either,11,LONG: r3y <= 1.775 AND vs_ma50 <= -0.07705 AND nifty_1w <= -0.01279,0.0549992099404335,5.49992099404335,30,6,6,1,2.95277910658421
mean,30,best_long,11,LONG: r3y <= 1.775 AND vs_ma50 <= -0.07705 AND nifty_1w <= -0.01279,0.0549992099404335,5.49992099404335,30,6,6,1,2.95277910658421
mean,30,best_short,11,SHORT: nifty_1w >= 0.01428 AND sector_3m >= -0.03184 AND prev_pat_yoy >= 0.1256,0.04554672911763191,4.554672911763191,31,9,9,1,-1.8950138266956198
mean,60,best_either,11,LONG: nifty_1w <= -0.005783 AND days_after_quarter_end >= 27 AND nifty_3d <= 0.004597,0.03571528568863869,3.5715285688638687,60,8,9,3,-1.0605051305128066
mean,60,best_long,11,LONG: nifty_1w <= -0.005783 AND days_after_quarter_end >= 27 AND nifty_3d <= 0.004597,0.03571528568863869,3.5715285688638687,60,8,9,3,-1.0605051305128066
mean,60,best_short,11,SHORT: r3y >= 0.3802 AND from_52w_high >= -0.3419 AND nifty_1w >= 0.009226,0.030694585293531418,3.069458529353142,60,10,11,2,-6.040118227886715
fpos,15,best_either,11,LONG: nifty_1w <= -0.01608 AND peers_reported_n <= 2 AND up10 <= 0.3,1.0385793522000313,7.715870440006256,15,6,6,1,-1.76713838822599
fpos,15,best_long,11,LONG: nifty_1w <= -0.01608 AND peers_reported_n <= 2 AND up10 <= 0.3,1.0385793522000313,7.715870440006256,15,6,6,1,-1.76713838822599
fpos,15,best_short,11,SHORT: r5y >= 2.421 AND nifty_1m >= 0.01427 AND sec_vs_200dma >= -0.06643,1.0356491841375828,7.129836827516556,15,6,6,1,-10.18522262907781
fpos,30,best_either,11,LONG: r3y <= 1.775 AND vs_ma50 <= -0.07705 AND nifty_1w <= -0.01279,1.0274996049702168,5.49992099404335,30,6,6,1,2.95277910658421
fpos,30,best_long,11,LONG: r3y <= 1.775 AND vs_ma50 <= -0.07705 AND nifty_1w <= -0.01279,1.0274996049702168,5.49992099404335,30,6,6,1,2.95277910658421
fpos,30,best_short,11,SHORT: nifty_1w >= 0.01428 AND sector_3m >= -0.03184 AND prev_pat_yoy >= 0.1256,1.022773364558816,4.554672911763191,31,9,9,1,-1.8950138266956198
fpos,60,best_either,11,LONG: days_after_quarter_end >= 27 AND r10d <= -0.06078 AND sec_3d <= 0.01353,1.017324686050415,3.464937210083008,61,9,9,2,-0.055858016715839946
fpos,60,best_long,11,LONG: days_after_quarter_end >= 27 AND r10d <= -0.06078 AND sec_3d <= 0.01353,1.017324686050415,3.464937210083008,61,9,9,2,-0.055858016715839946
fpos,60,best_short,11,SHORT: nifty_1w >= 0.01428 AND r20d >= -0.1141 AND vol20_60 >= 0.7035,1.0144602805376053,2.892056107521057,61,11,11,4,2.722817143454568
worst,15,best_either,11,LONG: vs_ma200 <= -0.1691 AND sec_vs_nifty_3m <= -0.005039 AND own_abs3d <= 0.06973,0.043047234416007996,5.695312097668648,23,6,6,0,
worst,15,best_long,11,LONG: vs_ma200 <= -0.1691 AND sec_vs_nifty_3m <= -0.005039 AND own_abs3d <= 0.06973,0.043047234416007996,5.695312097668648,23,6,6,0,
worst,15,best_short,11,SHORT: sector_1w >= 0.0195 AND d1 <= -0.0003867 AND gap0 >= -0.002057,0.04087869077920914,4.927786439657211,23,6,6,3,4.010999823140254
worst,30,best_either,11,LONG: vs_ma200 <= -0.1691 AND sec_rank_1m >= 0.1053 AND own_dm1 >= -0.01429,0.03580750524997711,4.532139003276825,30,6,6,0,
worst,30,best_long,11,LONG: vs_ma200 <= -0.1691 AND sec_rank_1m >= 0.1053 AND own_dm1 >= -0.01429,0.03580750524997711,4.532139003276825,30,6,6,0,
worst,30,best_short,11,SHORT: sector_1w >= 0.02506 AND sector_3m >= -0.05554 AND up10 <= 0.5,0.02885768748819828,3.570890799164772,30,8,8,3,3.0292814643812034
worst,60,best_either,11,LONG: log_mcap >= 9.678 AND days_after_quarter_end >= 27 AND r10d <= -0.06078,0.020762845873832703,2.9674123972654343,61,9,9,3,1.3836137116299136
worst,60,best_long,11,LONG: log_mcap >= 9.678 AND days_after_quarter_end >= 27 AND r10d <= -0.06078,0.020762845873832703,2.9674123972654343,61,9,9,3,1.3836137116299136
worst,60,best_short,11,SHORT: nifty_1w >= 0.01428 AND sec_rank_3m >= 0.1111 AND n_prior <= 6,0.01708040200173855,2.442544139921665,60,7,7,0,
mean,15,best_either,12,LONG: r6m <= -0.193 AND r3d <= -0.02817 AND vol20_60 >= 0.8474,0.07508085668087006,7.508085668087006,15,6,6,0,
mean,15,best_long,12,LONG: r6m <= -0.193 AND r3d <= -0.02817 AND vol20_60 >= 0.8474,0.07508085668087006,7.508085668087006,15,6,6,0,
mean,15,best_short,12,SHORT: r5y >= 2.416 AND nifty_1m >= 0.01284 AND nifty_3d <= 0.004968,0.06532242894172668,6.5322428941726685,15,6,7,1,1.0768518440525299
mean,30,best_either,12,LONG: r3y <= 1.724 AND vs_ma50 <= -0.07583 AND nifty_1w <= -0.01279,0.05417754873633385,5.417754873633385,31,7,7,2,2.17023015715186
mean,30,best_long,12,LONG: r3y <= 1.724 AND vs_ma50 <= -0.07583 AND nifty_1w <= -0.01279,0.05417754873633385,5.417754873633385,31,7,7,2,2.17023015715186
mean,30,best_short,12,SHORT: r1m >= -0.04304 AND india_vix >= 12.8 AND d1 <= -0.005913,0.04614477604627609,4.614477604627609,31,7,8,0,
mean,60,best_either,12,LONG: days_after_quarter_end >= 27 AND r10d <= -0.06068 AND sec_3d <= 0.01341,0.033531658351421356,3.3531658351421356,63,9,10,3,-4.108635139119596
mean,60,best_long,12,LONG: days_after_quarter_end >= 27 AND r10d <= -0.06068 AND sec_3d <= 0.01341,0.033531658351421356,3.3531658351421356,63,9,10,3,-4.108635139119596
mean,60,best_short,12,SHORT: nifty_1w >= 0.01418 AND vs_nifty_1m >= -0.111 AND vol20_60 >= 0.7055,0.030569300055503845,3.0569300055503845,61,12,12,2,-0.9581244394055197
fpos,15,best_either,12,LONG: r6m <= -0.193 AND r3d <= -0.02817 AND vol20_60 >= 0.8474,1.037540428340435,7.508085668087006,15,6,6,0,
fpos,15,best_long,12,LONG: r6m <= -0.193 AND r3d <= -0.02817 AND vol20_60 >= 0.8474,1.037540428340435,7.508085668087006,15,6,6,0,
fpos,15,best_short,12,SHORT: r3m <= 0.00858 AND sec_rank_3m >= 0.6737 AND z5 >= -0.2189,1.0305758006870747,6.115160137414932,16,7,7,0,
fpos,30,best_either,12,LONG: r3y <= 1.724 AND vs_ma50 <= -0.07583 AND nifty_1w <= -0.01279,1.027088774368167,5.417754873633385,31,7,7,2,2.17023015715186
fpos,30,best_long,12,LONG: r3y <= 1.724 AND vs_ma50 <= -0.07583 AND nifty_1w <= -0.01279,1.027088774368167,5.417754873633385,31,7,7,2,2.17023015715186
fpos,30,best_short,12,SHORT: nifty_1w >= 0.01418 AND prev_pat_yoy >= 0.1227 AND intra5 >= -0.03308,1.0219707265496254,4.394145309925079,32,9,9,2,-1.1765809175466497
fpos,60,best_either,12,LONG: days_after_quarter_end >= 27 AND r10d <= -0.06068 AND z5 <= -0.2189,1.0165793988853693,3.31587977707386,62,10,10,3,2.0057788571053567
fpos,60,best_long,12,LONG: days_after_quarter_end >= 27 AND r10d <= -0.06068 AND z5 <= -0.2189,1.0165793988853693,3.31587977707386,62,10,10,3,2.0057788571053567
fpos,60,best_short,12,SHORT: nifty_1w >= 0.01418 AND vs_nifty_1m >= -0.111 AND vol20_60 >= 0.7055,1.015284650027752,3.0569300055503845,61,12,12,2,-0.9581244394055197
worst,15,best_either,12,LONG: dist_60h <= -0.1582 AND vol20_60 >= 0.9237 AND cal_days >= 3,0.04724567010998726,5.640222504734993,19,6,6,1,1.29914861968423
worst,15,best_long,12,LONG: dist_60h <= -0.1582 AND vol20_60 >= 0.9237 AND cal_days >= 3,0.04724567010998726,5.640222504734993,19,6,6,1,1.29914861968423
worst,15,best_short,12,SHORT: sector_1w >= 0.02504 AND d1 <= -0.0004117 AND own_rd <= 0.007126,0.04717836156487465,5.262096971273422,15,6,6,0,
worst,30,best_either,12,LONG: from_52w_high <= -0.3327 AND sec_vs_nifty_3m <= -0.005076 AND own_dm1 >= -0.01421,0.03487982228398323,4.723872244358063,30,6,6,0,
worst,30,best_long,12,LONG: from_52w_high <= -0.3327 AND sec_vs_nifty_3m <= -0.005076 AND own_dm1 >= -0.01421,0.03487982228398323,4.723872244358063,30,6,6,0,
worst,30,best_short,12,SHORT: r6m >= -0.2579 AND sector_1w >= 0.02504 AND up10 <= 0.5,0.03029281459748745,3.5795584321022034,30,9,9,1,-3.4300136791458296
worst,60,best_either,12,LONG: vs_ma50 <= -0.03607 AND sector_3m <= -0.02354 AND peers_reported_n <= 7,0.019384749233722687,2.8297938406467438,61,7,7,8,-0.8767792236128339
worst,60,best_long,12,LONG: vs_ma50 <= -0.03607 AND sector_3m <= -0.02354 AND peers_reported_n <= 7,0.019384749233722687,2.8297938406467438,61,7,7,8,-0.8767792236128339
worst,60,best_short,12,SHORT: nifty_1w >= 0.01418 AND sector_3m >= -0.07523 AND india_vix >= 15.59,0.01708040200173855,2.7996810153126717,60,7,7,3,-0.2797990115861698
mean,15,best_either,13,LONG: vs_ma200 <= -0.1512 AND peers_reported_n <= 1 AND d2 <= 0.008734,0.07359294593334198,7.359294593334198,15,6,6,0,
mean,15,best_long,13,LONG: vs_ma200 <= -0.1512 AND peers_reported_n <= 1 AND d2 <= 0.008734,0.07359294593334198,7.359294593334198,15,6,6,0,
mean,15,best_short,13,SHORT: r5y >= 2.535 AND nifty_1m >= 0.01284 AND sec_vs_200dma >= -0.06434,0.07269478589296341,7.269478589296341,17,7,8,10,-2.2840726847193684
mean,30,best_either,13,LONG: r3y <= 1.733 AND vs_ma50 <= -0.07589 AND nifty_1w <= -0.01321,0.05220935121178627,5.220935121178627,33,8,8,3,-1.6214105392605798
mean,30,best_long,13,LONG: r3y <= 1.733 AND vs_ma50 <= -0.07589 AND nifty_1w <= -0.01321,0.05220935121178627,5.220935121178627,33,8,8,3,-1.6214105392605798
mean,30,best_short,13,SHORT: r5y >= 1.433 AND nifty_1m >= 0.01284 AND days_after_quarter_end <= 39.8,0.045538607984781265,4.5538607984781265,32,7,9,18,-2.383828505532233
mean,60,best_either,13,LONG: vs_ma50 <= -0.07589 AND nifty_3m <= 0.01611 AND z5 <= 0.1849,0.0334443673491478,3.3444367349147797,63,8,8,0,
mean,60,best_long,13,LONG: vs_ma50 <= -0.07589 AND nifty_3m <= 0.01611 AND z5 <= 0.1849,0.0334443673491478,3.3444367349147797,63,8,8,0,
mean,60,best_short,13,SHORT: iv_vs_realised >= 1.112 AND days_after_quarter_end <= 26.2 AND d2 >= -0.0152,0.03294098377227783,3.294098377227783,64,11,12,3,1.1662981040384701
fpos,15,best_either,13,LONG: vs_ma200 <= -0.1512 AND peers_reported_n <= 1 AND d2 <= 0.008734,1.036796472966671,7.359294593334198,15,6,6,0,
fpos,15,best_long,13,LONG: vs_ma200 <= -0.1512 AND peers_reported_n <= 1 AND d2 <= 0.008734,1.036796472966671,7.359294593334198,15,6,6,0,
fpos,15,best_short,13,SHORT: r5y >= 1.433 AND days_after_quarter_end <= 39.8 AND pre5_vs_own >= -0.0005524,1.0347871705889702,6.957434117794037,15,7,7,5,-1.1139408263110817
fpos,30,best_either,13,LONG: r3y <= 1.733 AND vs_ma50 <= -0.07589 AND nifty_1w <= -0.01321,1.0261046756058931,5.220935121178627,33,8,8,3,-1.6214105392605798
fpos,30,best_long,13,LONG: r3y <= 1.733 AND vs_ma50 <= -0.07589 AND nifty_1w <= -0.01321,1.0261046756058931,5.220935121178627,33,8,8,3,-1.6214105392605798
fpos,30,best_short,13,SHORT: r3m <= 0.005184 AND nifty_1w >= -0.006082 AND sec_rank_3m >= 0.6316,1.021939119324088,4.387823864817619,30,11,11,1,-1.07004715145514
fpos,60,best_either,13,LONG: vs_ma50 <= -0.07589 AND nifty_3m <= 0.01611 AND z5 <= 0.1849,1.016722183674574,3.3444367349147797,63,8,8,0,
fpos,60,best_long,13,LONG: vs_ma50 <= -0.07589 AND nifty_3m <= 0.01611 AND z5 <= 0.1849,1.016722183674574,3.3444367349147797,63,8,8,0,
fpos,60,best_short,13,SHORT: india_vix >= 12.71 AND days_after_quarter_end <= 26.2 AND d2 <= 0.01533,1.0158528368920088,3.1705673784017563,60,9,9,12,-1.1331626249399709
worst,15,best_either,13,SHORT: sector_1w >= 0.02495 AND d1 <= -0.0006391 AND own_rd <= 0.008811,0.047802411019802094,5.299108475446701,15,6,6,0,
worst,15,best_long,13,LONG: from_52w_high <= -0.3692 AND vol60 >= 0.3344 AND log_mcap >= 9.676,0.043047234416007996,6.25494197010994,15,6,6,0,
worst,15,best_short,13,SHORT: sector_1w >= 0.02495 AND d1 <= -0.0006391 AND own_rd <= 0.008811,0.047802411019802094,5.299108475446701,15,6,6,0,
worst,30,best_either,13,LONG: from_52w_high <= -0.3225 AND sec_vs_nifty_3m <= -0.005112 AND own_dm1 >= -0.01382,0.03461988642811775,4.507507383823395,31,6,6,0,
worst,30,best_long,13,LONG: from_52w_high <= -0.3225 AND sec_vs_nifty_3m <= -0.005112 AND own_dm1 >= -0.01382,0.03461988642811775,4.507507383823395,31,6,6,0,
worst,30,best_short,13,SHORT: sector_1w >= 0.02495 AND peers_reported_n <= 7 AND own_rd <= 0.004148,0.029824020341038704,3.5306230187416077,30,8,8,1,-1.05749454758082
worst,60,best_either,13,LONG: vol60 >= 0.2654 AND days_since_dividend >= 74.1 AND season_so_far_3d <= -0.006466,0.02191668562591076,2.5482406839728355,61,6,6,0,
worst,60,best_long,13,LONG: vol60 >= 0.2654 AND days_since_dividend >= 74.1 AND season_so_far_3d <= -0.006466,0.02191668562591076,2.5482406839728355,61,6,6,0,
worst,60,best_short,13,SHORT: sector_3m >= -0.08068 AND own_rd <= -0.003753 AND n_prior <= 7,0.016735030338168144,2.2726286202669144,65,6,6,0,
mean,15,best_either,14,LONG: gap0 <= 0 AND intra0 <= 0.021 AND gap5 <= -0.01189,0.07679114490747452,7.679114490747452,15,6,6,3,1.99427855925534
mean,15,best_long,14,LONG: gap0 <= 0 AND intra0 <= 0.021 AND gap5 <= -0.01189,0.07679114490747452,7.679114490747452,15,6,6,3,1.99427855925534
mean,15,best_short,14,SHORT: r5y >= 1.715 AND vol60 <= 0.4209 AND pre5_vs_own >= 0.008233,0.06595125049352646,6.595125049352646,15,9,9,1,0.08050995062023
mean,30,best_either,14,LONG: r6m <= 0.1254 AND nifty_1w <= -0.007281 AND r2d <= -0.0307,0.0534396767616272,5.34396767616272,30,7,8,7,-0.07876612520719001
mean,30,best_long,14,LONG: r6m <= 0.1254 AND nifty_1w <= -0.007281 AND r2d <= -0.0307,0.0534396767616272,5.34396767616272,30,7,8,7,-0.07876612520719001
mean,30,best_short,14,SHORT: nifty_1w >= 0.0125 AND sector_1m >= -0.01924 AND d1 <= -0.006219,0.0500740110874176,5.00740110874176,31,10,12,0,
mean,60,best_either,14,LONG: nifty_1w <= -0.007281 AND days_after_quarter_end >= 26 AND exn_10d <= -0.02286,0.03597734868526459,3.5977348685264587,60,8,9,6,2.552917746416389
mean,60,best_long,14,LONG: nifty_1w <= -0.007281 AND days_after_quarter_end >= 26 AND exn_10d <= -0.02286,0.03597734868526459,3.5977348685264587,60,8,9,6,2.552917746416389
mean,60,best_short,14,SHORT: r3y >= 0.3939 AND nifty_1w >= 0.0125 AND dist_20h >= -0.1885,0.03512103855609894,3.512103855609894,60,13,13,0,
fpos,15,best_either,14,LONG: gap0 <= 0 AND intra0 <= 0.021 AND gap5 <= -0.01189,1.0383955724537373,7.679114490747452,15,6,6,3,1.99427855925534
fpos,15,best_long,14,LONG: gap0 <= 0 AND intra0 <= 0.021 AND gap5 <= -0.01189,1.0383955724537373,7.679114490747452,15,6,6,3,1.99427855925534
fpos,15,best_short,14,SHORT: r5y >= 1.715 AND vol60 <= 0.4209 AND pre5_vs_own >= 0.008233,1.0329756252467632,6.595125049352646,15,9,9,1,0.08050995062023
fpos,30,best_either,14,LONG: vs_ma200 <= -0.02229 AND maxabs5 >= 0.0338 AND pre5_vs_own <= -0.02937,1.0253541395068169,5.070827901363373,30,8,8,6,4.668985909336632
fpos,30,best_long,14,LONG: vs_ma200 <= -0.02229 AND maxabs5 >= 0.0338 AND pre5_vs_own <= -0.02937,1.0253541395068169,5.070827901363373,30,8,8,6,4.668985909336632
fpos,30,best_short,14,SHORT: nifty_1w >= 0.0125 AND nifty_1m >= 0.006817 AND r2d <= -0.003457,1.0216619856655598,4.332397133111954,31,10,10,0,
fpos,60,best_either,14,LONG: vol60 >= 0.2754 AND maxabs5 >= 0.02843 AND z5 <= -0.6013,1.0176389645785093,3.527792915701866,64,12,12,11,0.004156682190261713
fpos,60,best_long,14,LONG: vol60 >= 0.2754 AND maxabs5 >= 0.02843 AND z5 <= -0.6013,1.0176389645785093,3.527792915701866,64,12,12,11,0.004156682190261713
fpos,60,best_short,14,SHORT: r3y >= 0.3939 AND nifty_1w >= 0.0125 AND vs_nifty_1m >= -0.1381,1.0175605192780495,3.512103855609894,60,13,13,0,
worst,15,best_either,14,LONG: sec_rank_1m >= 0.1053 AND gap0 <= 0 AND gap5 <= -0.01189,0.04386470094323158,6.4261294901371,15,6,6,3,-1.4664286516366098
worst,15,best_long,14,LONG: sec_rank_1m >= 0.1053 AND gap0 <= 0 AND gap5 <= -0.01189,0.04386470094323158,6.4261294901371,15,6,6,3,-1.4664286516366098
worst,15,best_short,14,SHORT: vs_nifty_1w >= -0.02733 AND iv_t5 >= 0.3574 AND own_dm1 >= 0.01151,0.04225531220436096,5.727181956171989,15,6,6,0,
worst,30,best_either,14,LONG: vs_ma200 <= -0.1761 AND season_so_far_3d <= 0.01131 AND own_rd >= -0.02203,0.03580750524997711,4.671347513794899,30,6,6,1,-6.35688285438622
worst,30,best_long,14,LONG: vs_ma200 <= -0.1761 AND season_so_far_3d <= 0.01131 AND own_rd >= -0.02203,0.03580750524997711,4.671347513794899,30,6,6,1,-6.35688285438622
worst,30,best_short,14,SHORT: nifty_1w >= 0.01857 AND india_vix >= 14.83 AND r10d <= -0.01166,0.02365489862859249,3.2021425664424896,31,7,7,0,
worst,60,best_either,14,LONG: vol60 >= 0.2987 AND season_so_far_3d <= -0.004125 AND gap5 <= 0.03141,0.017747478559613228,2.123832330107689,60,6,6,9,2.3261988639796347
worst,60,best_long,14,LONG: vol60 >= 0.2987 AND season_so_far_3d <= -0.004125 AND gap5 <= 0.03141,0.017747478559613228,2.123832330107689,60,6,6,9,2.3261988639796347
worst,60,best_short,14,SHORT: sector_3m >= -0.08915 AND own_rd <= -0.003323 AND n_prior <= 7,0.01578878052532673,2.0295439288020134,70,6,6,0,
mean,15,best_either,15,LONG: r1w <= -0.03859 AND r6m <= -0.1399 AND own_rd >= -0.006116,0.08058078587055206,8.058078587055206,15,6,6,11,-0.6489873017632044
mean,15,best_long,15,LONG: r1w <= -0.03859 AND r6m <= -0.1399 AND own_rd >= -0.006116,0.08058078587055206,8.058078587055206,15,6,6,11,-0.6489873017632044
mean,15,best_short,15,SHORT: r5y >= 2.467 AND d0 <= 0.01188 AND pre5_vs_own >= -0.001563,0.0720084011554718,7.20084011554718,15,7,8,6,7.253793252668565
mean,30,best_either,15,LONG: r6m <= -0.07817 AND r2d <= -0.0222 AND sec_3d <= -0.01335,0.05639871954917908,5.639871954917908,31,5,6,9,2.998070161472283
mean,30,best_long,15,LONG: r6m <= -0.07817 AND r2d <= -0.0222 AND sec_3d <= -0.01335,0.05639871954917908,5.639871954917908,31,5,6,9,2.998070161472283
mean,30,best_short,15,SHORT: nifty_1w >= 0.01693 AND d1 <= -0.006367 AND dist_60h >= -0.2009,0.04917781054973602,4.917781054973602,30,9,11,1,-1.74172817427676
mean,60,best_either,15,LONG: r1w <= -0.02873 AND vol60 >= 0.2972 AND sec_d0 <= -0.001358,0.035634979605674744,3.5634979605674744,60,10,12,13,-0.46550863846926926
mean,60,best_long,15,LONG: r1w <= -0.02873 AND vol60 >= 0.2972 AND sec_d0 <= -0.001358,0.035634979605674744,3.5634979605674744,60,10,12,13,-0.46550863846926926
mean,60,best_short,15,SHORT: iv_vs_realised >= 1.182 AND days_after_quarter_end <= 26 AND d2 >= -0.01582,0.03539656475186348,3.539656475186348,61,12,13,6,0.3018810283334687
fpos,15,best_either,15,LONG: r1w <= -0.03859 AND r6m <= -0.1399 AND own_rd >= -0.006116,1.040290392935276,8.058078587055206,15,6,6,11,-0.6489873017632044
fpos,15,best_long,15,LONG: r1w <= -0.03859 AND r6m <= -0.1399 AND own_rd >= -0.006116,1.040290392935276,8.058078587055206,15,6,6,11,-0.6489873017632044
fpos,15,best_short,15,SHORT: r5y >= 2.467 AND intra0 <= 0.01299 AND pre5_vs_own >= -0.001563,1.0353450328111649,7.069006562232971,15,8,8,6,7.253793252668565
fpos,30,best_either,15,LONG: vs_ma200 <= -0.02797 AND maxabs5 >= 0.03404 AND pre5_vs_own <= -0.03207,1.0270305778831244,5.40611557662487,32,8,8,14,0.4013010311800123
fpos,30,best_long,15,LONG: vs_ma200 <= -0.02797 AND maxabs5 >= 0.03404 AND pre5_vs_own <= -0.03207,1.0270305778831244,5.40611557662487,32,8,8,14,0.4013010311800123
fpos,30,best_short,15,SHORT: r3m <= 0.005672 AND sec_vs_nifty_3m >= 0.0131 AND z5 >= -0.2736,1.0231557227671146,4.631144553422928,32,12,12,4,-0.13239875411406743
fpos,60,best_either,15,LONG: r1w <= -0.02873 AND vol60 >= 0.2972 AND vol20_60 >= 0.7694,1.0173100028187037,3.4620005637407303,60,12,12,19,-0.6817180092642525
fpos,60,best_long,15,LONG: r1w <= -0.02873 AND vol60 >= 0.2972 AND vol20_60 >= 0.7694,1.0173100028187037,3.4620005637407303,60,12,12,19,-0.6817180092642525
fpos,60,best_short,15,SHORT: prev2_sum >= -0.07918 AND iv_vs_realised >= 1.182 AND days_after_quarter_end <= 26,1.0169304572045803,3.3860914409160614,64,12,12,4,-3.662483866038562
worst,15,best_either,15,LONG: r1w <= -0.03859 AND r6m <= -0.1399 AND own_rd >= -0.006116,0.052033111453056335,8.058078587055206,15,6,6,11,-0.6489873017632044
worst,15,best_long,15,LONG: r1w <= -0.03859 AND r6m <= -0.1399 AND own_rd >= -0.006116,0.052033111453056335,8.058078587055206,15,6,6,11,-0.6489873017632044
worst,15,best_short,15,SHORT: nifty_1w >= 0.01693 AND own_rd <= -0.006116 AND own_dp1 >= -0.01707,0.042989689856767654,5.662938207387924,15,6,6,2,-3.335564377358205
worst,30,best_either,15,LONG: r3m <= -0.05644 AND nifty_3m <= -0.00609 AND intra5 <= -0.04505,0.036138515919446945,4.757002368569374,39,6,6,19,-1.730627732352716
worst,30,best_long,15,LONG: r3m <= -0.05644 AND nifty_3m <= -0.00609 AND intra5 <= -0.04505,0.036138515919446945,4.757002368569374,39,6,6,19,-1.730627732352716
worst,30,best_short,15,SHORT: nifty_1w >= 0.01693 AND vs_nifty_1m <= -0.05705 AND r10d <= -0.01273,0.029755715280771255,3.652379661798477,37,10,10,7,-1.15223111368125
worst,60,best_either,15,LONG: vol60 >= 0.2972 AND vs_nifty_1m <= -0.05705 AND season_so_far_3d <= -0.004995,0.017974846065044403,2.0854584872722626,61,7,7,28,-0.7182549454655919
worst,60,best_long,15,LONG: vol60 >= 0.2972 AND vs_nifty_1m <= -0.05705 AND season_so_far_3d <= -0.004995,0.017974846065044403,2.0854584872722626,61,7,7,28,-0.7182549454655919
worst,60,best_short,15,SHORT: nifty_1w >= 0.01693 AND sector_3m >= -0.06766 AND n_prior <= 8,0.016448212787508965,2.7961816638708115,60,8,8,0,
mean,15,best_either,16,LONG: r1w <= -0.08303 AND r6m <= -0.1028 AND sector_3m >= -0.1096,0.0874326229095459,8.74326229095459,16,6,6,0,
mean,15,best_long,16,LONG: r1w <= -0.08303 AND r6m <= -0.1028 AND sector_3m >= -0.1096,0.0874326229095459,8.74326229095459,16,6,6,0,
mean,15,best_short,16,SHORT: r5y >= 2.763 AND intra0 <= 0.005578 AND pre5_vs_own >= -0.002963,0.08604578673839569,8.604578673839569,15,8,8,6,-5.343922325472744
mean,30,best_either,16,LONG: r6m <= -0.1028 AND sector_1w <= -0.02036 AND r2d <= -0.02379,0.05557747185230255,5.557747185230255,31,6,7,0,
mean,30,best_long,16,LONG: r6m <= -0.1028 AND sector_1w <= -0.02036 AND r2d <= -0.02379,0.05557747185230255,5.557747185230255,31,6,7,0,
mean,30,best_short,16,SHORT: r5y >= 1.433 AND intra0 <= 0.005578 AND pre5_vs_own >= -0.002963,0.050573475658893585,5.0573475658893585,30,10,11,12,-2.5697604291572733
mean,60,best_either,16,LONG: vol60 >= 0.2552 AND season_so_far_3d <= -0.007678 AND nifty_3d <= -0.008036,0.036867182701826096,3.6867182701826096,60,6,6,0,
mean,60,best_long,16,LONG: vol60 >= 0.2552 AND season_so_far_3d <= -0.007678 AND nifty_3d <= -0.008036,0.036867182701826096,3.6867182701826096,60,6,6,0,
mean,60,best_short,16,SHORT: nifty_3m <= 0.05513 AND days_after_quarter_end <= 25 AND vol5_60 <= 1.146,0.0346614271402359,3.46614271402359,61,9,9,6,-6.721029965597057
fpos,15,best_either,16,LONG: r1w <= -0.08303 AND r6m <= -0.1028 AND sector_3m >= -0.1096,1.043716311454773,8.74326229095459,16,6,6,0,
fpos,15,best_long,16,LONG: r1w <= -0.08303 AND r6m <= -0.1028 AND sector_3m >= -0.1096,1.043716311454773,8.74326229095459,16,6,6,0,
fpos,15,best_short,16,SHORT: r5y >= 2.763 AND intra0 <= 0.005578 AND pre5_vs_own >= -0.002963,1.0430228933691978,8.604578673839569,15,8,8,6,-5.343922325472744
fpos,30,best_either,16,LONG: vs_ma200 <= -0.153 AND volume_5d_vs_60d >= 0.7943 AND vs_nifty_1w <= -0.02158,1.0268089547753334,5.361790955066681,31,8,8,6,5.789889074779742
fpos,30,best_long,16,LONG: vs_ma200 <= -0.153 AND volume_5d_vs_60d >= 0.7943 AND vs_nifty_1w <= -0.02158,1.0268089547753334,5.361790955066681,31,8,8,6,5.789889074779742
fpos,30,best_short,16,SHORT: r3y >= 0.8584 AND nifty_3m <= 0.05513 AND days_after_quarter_end <= 25,1.023204818367958,4.640963673591614,31,9,9,1,-6.21525227654532
fpos,60,best_either,16,LONG: vol60 >= 0.2552 AND season_so_far_3d <= -0.007678 AND nifty_3d <= -0.008036,1.018433591350913,3.6867182701826096,60,6,6,0,
fpos,60,best_long,16,LONG: vol60 >= 0.2552 AND season_so_far_3d <= -0.007678 AND nifty_3d <= -0.008036,1.018433591350913,3.6867182701826096,60,6,6,0,
fpos,60,best_short,16,SHORT: nifty_3m <= 0.05513 AND days_after_quarter_end <= 25 AND vol5_60 <= 1.146,1.017330713570118,3.46614271402359,61,9,9,6,-6.721029965597057
worst,15,best_either,16,LONG: r6m <= -0.1028 AND r3y >= 0.2215 AND pre5_vs_own <= -0.07869,0.052033111453056335,7.11103156208992,18,6,6,1,-5.046539576206531
worst,15,best_long,16,LONG: r6m <= -0.1028 AND r3y >= 0.2215 AND pre5_vs_own <= -0.07869,0.052033111453056335,7.11103156208992,18,6,6,1,-5.046539576206531
worst,15,best_short,16,SHORT: from_52w_low >= 0.2682 AND nifty_1w <= -0.003022 AND days_after_quarter_end <= 23.6,0.04885443300008774,6.140797957777977,15,6,6,0,
worst,30,best_either,16,LONG: r3m <= -0.1489 AND r3y >= 0.2215 AND r3d <= -0.02416,0.03585022687911987,5.220315605401993,33,8,8,0,
worst,30,best_long,16,LONG: r3m <= -0.1489 AND r3y >= 0.2215 AND r3d <= -0.02416,0.03585022687911987,5.220315605401993,33,8,8,0,
worst,30,best_short,16,SHORT: nifty_3m <= -0.001976 AND past_pct_up >= 0.4444 AND days_after_quarter_end <= 25,0.026288125663995743,4.126075655221939,32,7,7,2,-0.34757290992345
worst,60,best_either,16,LONG: season_so_far_3d <= -0.007678 AND nifty_3d <= -0.001421 AND dist_60h <= -0.1476,0.022702952846884727,2.988840825855732,68,7,7,0,
worst,60,best_long,16,LONG: season_so_far_3d <= -0.007678 AND nifty_3d <= -0.001421 AND dist_60h <= -0.1476,0.022702952846884727,2.988840825855732,68,7,7,0,
worst,60,best_short,16,SHORT: sector_3m >= -0.06081 AND own_rd <= -0.003429 AND n_prior <= 7,0.016735030338168144,2.175491116940975,61,6,6,0,
mean,15,best_either,17,LONG: r1w <= -0.08143 AND vs_ma200 <= -0.1326 AND own_abs3d >= 0.02657,0.08319080621004105,8.319080621004105,15,6,6,0,
mean,15,best_long,17,LONG: r1w <= -0.08143 AND vs_ma200 <= -0.1326 AND own_abs3d >= 0.02657,0.08319080621004105,8.319080621004105,15,6,6,0,
mean,15,best_short,17,SHORT: nifty_3m <= 0.003415 AND past_pct_up >= 0.5333 AND days_after_quarter_end <= 21,0.06893189996480942,6.893189996480942,15,7,7,0,
mean,30,best_either,17,LONG: r6m <= -0.1695 AND volume_5d_vs_60d >= 0.8604 AND days_after_quarter_end <= 30,0.05714884027838707,5.714884027838707,30,8,9,0,
mean,30,best_long,17,LONG: r6m <= -0.1695 AND volume_5d_vs_60d >= 0.8604 AND days_after_quarter_end <= 30,0.05714884027838707,5.714884027838707,30,8,9,0,
mean,30,best_short,17,SHORT: vs_ma50 <= -0.05437 AND vol60 <= 0.2275 AND prev1_next20 >= -0.04507,0.04574408009648323,4.574408009648323,30,11,12,1,6.936315747003401
mean,60,best_either,17,LONG: days_after_quarter_end >= 21 AND gap5 <= -0.007895 AND dist_20l <= 0.06479,0.03756459429860115,3.756459429860115,60,12,15,6,-2.3511090946667004
mean,60,best_long,17,LONG: days_after_quarter_end >= 21 AND gap5 <= -0.007895 AND dist_20l <= 0.06479,0.03756459429860115,3.756459429860115,60,12,15,6,-2.3511090946667004
mean,60,best_short,17,SHORT: vs_nifty_3m >= -0.1752 AND days_after_quarter_end <= 24 AND d2 >= -0.007659,0.03215726092457771,3.2157260924577713,61,14,16,5,1.3562779104961642
fpos,15,best_either,17,LONG: r1w <= -0.08143 AND vs_ma200 <= -0.1326 AND own_abs3d >= 0.02657,1.0415954031050205,8.319080621004105,15,6,6,0,
fpos,15,best_long,17,LONG: r1w <= -0.08143 AND vs_ma200 <= -0.1326 AND own_abs3d >= 0.02657,1.0415954031050205,8.319080621004105,15,6,6,0,
fpos,15,best_short,17,SHORT: nifty_3m <= 0.003415 AND past_pct_up >= 0.5333 AND days_after_quarter_end <= 21,1.0344659499824047,6.893189996480942,15,7,7,0,
fpos,30,best_either,17,LONG: r6m <= -0.2042 AND volume_5d_vs_60d >= 0.8604 AND days_after_quarter_end <= 39,1.0282433032989502,5.648660659790039,30,8,8,0,
fpos,30,best_long,17,LONG: r6m <= -0.2042 AND volume_5d_vs_60d >= 0.8604 AND days_after_quarter_end <= 39,1.0282433032989502,5.648660659790039,30,8,8,0,
fpos,30,best_short,17,SHORT: nifty_3m <= 0.003415 AND days_after_quarter_end <= 26 AND sec_vs_200dma >= -0.0149,1.0222304724156857,4.446094483137131,32,8,8,0,
fpos,60,best_either,17,LONG: r6m <= -0.1695 AND volume_5d_vs_60d >= 0.7966 AND vs_nifty_1w <= 0.01558,1.0184886753559113,3.697735071182251,60,10,10,0,
fpos,60,best_long,17,LONG: r6m <= -0.1695 AND volume_5d_vs_60d >= 0.7966 AND vs_nifty_1w <= 0.01558,1.0184886753559113,3.697735071182251,60,10,10,0,
fpos,60,best_short,17,SHORT: days_after_quarter_end <= 24 AND sec_vs_200dma >= -0.0149 AND d1 <= -0.0004117,1.0149095812812448,2.981916256248951,60,13,13,2,1.7297612067012302
worst,15,best_either,17,LONG: vs_nifty_1m >= -0.08149 AND nifty_3d <= -0.007659 AND dist_60h <= -0.1648,0.06929850578308105,7.967902719974518,15,6,6,0,
worst,15,best_long,17,LONG: vs_nifty_1m >= -0.08149 AND nifty_3d <= -0.007659 AND dist_60h <= -0.1648,0.06929850578308105,7.967902719974518,15,6,6,0,
worst,15,best_short,17,SHORT: nifty_3m <= 0.003415 AND days_after_quarter_end <= 21 AND sec_vs_200dma >= -0.0149,0.051504649221897125,6.432483345270157,19,6,6,0,
worst,30,best_either,17,LONG: r6m <= -0.2042 AND volume_5d_vs_60d >= 1.039 AND exn_d0 >= -0.03458,0.04197273403406143,5.008050426840782,30,7,7,0,
worst,30,best_long,17,LONG: r6m <= -0.2042 AND volume_5d_vs_60d >= 1.039 AND exn_d0 >= -0.03458,0.04197273403406143,5.008050426840782,30,7,7,0,
worst,30,best_short,17,SHORT: prev1_next20 <= -0.08217 AND prev_net_margin <= 0.43 AND r10d <= -0.01224,0.028843743726611137,3.950740396976471,30,8,8,1,8.30434453520357
worst,60,best_either,17,LONG: r6m <= -0.1695 AND volume_5d_vs_60d >= 0.7966 AND days_since_dividend >= 77,0.02566196583211422,3.6237429827451706,61,10,10,0,
worst,60,best_long,17,LONG: r6m <= -0.1695 AND volume_5d_vs_60d >= 0.7966 AND days_since_dividend >= 77,0.02566196583211422,3.6237429827451706,61,10,10,0,
worst,60,best_short,17,SHORT: nifty_1w >= 0.0178 AND sector_3m >= -0.09467 AND n_prior <= 8,0.014013019390404224,2.5228891521692276,62,8,8,0,
mean,15,best_either,18,LONG: r1w <= -0.08144 AND vs_ma200 <= -0.1288 AND own_abs3d >= 0.02737,0.08319080621004105,8.319080621004105,15,6,6,0,
mean,15,best_long,18,LONG: r1w <= -0.08144 AND vs_ma200 <= -0.1288 AND own_abs3d >= 0.02737,0.08319080621004105,8.319080621004105,15,6,6,0,
mean,15,best_short,18,SHORT: vol60 <= 0.4535 AND past_pct_up >= 0.3333 AND exn_3d >= 0.03078,0.06910242140293121,6.910242140293121,15,7,7,1,-14.09252356849153
mean,30,best_either,18,LONG: vs_ma200 <= -0.1575 AND volume_5d_vs_60d >= 0.8515 AND days_after_quarter_end <= 39,0.05893518030643463,5.893518030643463,30,7,7,0,
mean,30,best_long,18,LONG: vs_ma200 <= -0.1575 AND volume_5d_vs_60d >= 0.8515 AND days_after_quarter_end <= 39,0.05893518030643463,5.893518030643463,30,7,7,0,
mean,30,best_short,18,SHORT: vs_ma50 <= -0.05513 AND vol60 <= 0.23 AND prev1_next20 >= -0.0443,0.04791320487856865,4.791320487856865,32,12,13,5,-0.64862131388221
mean,60,best_either,18,LONG: vs_nifty_1m <= -0.05553 AND r2d <= -0.03215 AND sec_3d <= -0.01337,0.03769823536276817,3.7698235362768173,60,13,14,1,3.09156985920694
mean,60,best_long,18,LONG: vs_nifty_1m <= -0.05553 AND r2d <= -0.03215 AND sec_3d <= -0.01337,0.03769823536276817,3.7698235362768173,60,13,14,1,3.09156985920694
mean,60,best_short,18,SHORT: vs_sector_3m <= -0.02782 AND iv_vs_realised >= 1.034 AND days_after_quarter_end <= 25,0.03270019590854645,3.2700195908546448,61,12,16,1,-1.4470870402476699
fpos,15,best_either,18,LONG: r1w <= -0.08144 AND vs_ma200 <= -0.1288 AND own_abs3d >= 0.02737,1.0415954031050205,8.319080621004105,15,6,6,0,
fpos,15,best_long,18,LONG: r1w <= -0.08144 AND vs_ma200 <= -0.1288 AND own_abs3d >= 0.02737,1.0415954031050205,8.319080621004105,15,6,6,0,
fpos,15,best_short,18,SHORT: vol60 <= 0.4535 AND past_pct_up >= 0.3333 AND exn_3d >= 0.03078,1.0345512107014656,6.910242140293121,15,7,7,1,-14.09252356849153
fpos,30,best_either,18,LONG: vs_ma200 <= -0.1575 AND volume_5d_vs_60d >= 0.8515 AND days_after_quarter_end <= 39,1.0294675901532173,5.893518030643463,30,7,7,0,
fpos,30,best_long,18,LONG: vs_ma200 <= -0.1575 AND volume_5d_vs_60d >= 0.8515 AND days_after_quarter_end <= 39,1.0294675901532173,5.893518030643463,30,7,7,0,
fpos,30,best_short,18,SHORT: days_after_quarter_end <= 25 AND season_so_far_3d <= 0.000872 AND d2 >= -0.005078,1.022478125989437,4.495625197887421,30,9,9,0,
fpos,60,best_either,18,LONG: r6m <= -0.1664 AND volume_5d_vs_60d >= 0.793 AND vs_nifty_1w <= 0.01564,1.0184886753559113,3.697735071182251,60,10,10,1,6.1776131497978195
fpos,60,best_long,18,LONG: r6m <= -0.1664 AND volume_5d_vs_60d >= 0.793 AND vs_nifty_1w <= 0.01564,1.0184886753559113,3.697735071182251,60,10,10,1,6.1776131497978195
fpos,60,best_short,18,SHORT: sector_1w >= -0.03479 AND days_after_quarter_end <= 25 AND season_so_far_3d <= 0.000872,1.0149107296019793,2.982145920395851,60,10,10,0,
worst,15,best_either,18,LONG: vs_nifty_1m >= -0.08124 AND nifty_3d <= -0.007554 AND dist_60h <= -0.1645,0.06929850578308105,7.967902719974518,15,6,6,0,
worst,15,best_long,18,LONG: vs_nifty_1m >= -0.08124 AND nifty_3d <= -0.007554 AND dist_60h <= -0.1645,0.06929850578308105,7.967902719974518,15,6,6,0,
worst,15,best_short,18,SHORT: days_after_quarter_end <= 23.8 AND sec_vs_200dma >= 0.08158 AND r20d >= -0.04682,0.03829517960548401,5.245354026556015,15,7,7,0,
worst,30,best_either,18,LONG: r6m <= -0.1975 AND volume_5d_vs_60d >= 1.038 AND d0 >= -0.04052,0.04197273403406143,4.9497682601213455,31,7,7,0,
worst,30,best_long,18,LONG: r6m <= -0.1975 AND volume_5d_vs_60d >= 1.038 AND d0 >= -0.04052,0.04197273403406143,4.9497682601213455,31,7,7,0,
worst,30,best_short,18,SHORT: vs_nifty_3m >= -0.1237 AND nifty_3m <= 0.006696 AND days_after_quarter_end <= 23.8,0.02495093084871769,3.2181397080421448,32,7,7,4,1.2317880420338951
worst,60,best_either,18,LONG: r6m <= -0.1664 AND volume_5d_vs_60d >= 0.793 AND days_since_dividend >= 76,0.02566196583211422,3.6237429827451706,61,10,10,1,6.1776131497978195
worst,60,best_long,18,LONG: r6m <= -0.1664 AND volume_5d_vs_60d >= 0.793 AND days_since_dividend >= 76,0.02566196583211422,3.6237429827451706,61,10,10,1,6.1776131497978195
worst,60,best_short,18,SHORT: nifty_1w >= 0.01755 AND sector_3m >= -0.07617 AND n_prior <= 9,0.016448212787508965,2.592746540904045,63,9,9,0,
mean,15,best_either,19,LONG: r6m <= -0.105 AND sector_3m >= -0.12 AND pre5_vs_own <= -0.08967,0.08744197338819504,8.744197338819504,15,6,7,3,3.30897401936829
mean,15,best_long,19,LONG: r6m <= -0.105 AND sector_3m >= -0.12 AND pre5_vs_own <= -0.08967,0.08744197338819504,8.744197338819504,15,6,7,3,3.30897401936829
mean,15,best_short,19,SHORT: r5y >= 2.215 AND season_so_far_3d <= 0.008459 AND pre5_vs_own >= 0.00887,0.07146591693162918,7.146591693162918,19,7,8,3,-2.5063700295112863
mean,30,best_either,19,LONG: vs_ma200 <= -0.1521 AND volume_5d_vs_60d >= 0.8451 AND vs_nifty_1w <= -0.02973,0.060214344412088394,6.021434441208839,30,9,9,4,0.8934031959652748
mean,30,best_long,19,LONG: vs_ma200 <= -0.1521 AND volume_5d_vs_60d >= 0.8451 AND vs_nifty_1w <= -0.02973,0.060214344412088394,6.021434441208839,30,9,9,4,0.8934031959652748
mean,30,best_short,19,SHORT: vs_sector_3m >= -0.1012 AND nifty_3m <= -0.02882 AND r2d >= -0.01527,0.046272262930870056,4.627226293087006,30,6,6,0,
mean,60,best_either,19,LONG: r2d <= -0.03116 AND gap5 <= 0.0195 AND sec_3d <= -0.01266,0.039455074816942215,3.9455074816942215,62,14,16,3,-4.256413173482673
mean,60,best_long,19,LONG: r2d <= -0.03116 AND gap5 <= 0.0195 AND sec_3d <= -0.01266,0.039455074816942215,3.9455074816942215,62,14,16,3,-4.256413173482673
mean,60,best_short,19,SHORT: vs_ma50 >= -0.1245 AND nifty_1w >= 0.01659 AND d1 <= 0.003584,0.03239430859684944,3.239430859684944,60,13,15,1,-1.27578363115108
fpos,15,best_either,19,LONG: r1w <= -0.08002 AND r6m <= -0.105 AND pre5_vs_own <= -0.08967,1.0432491451501846,8.649829030036926,15,6,6,1,5.58060456995435
fpos,15,best_long,19,LONG: r1w <= -0.08002 AND r6m <= -0.105 AND pre5_vs_own <= -0.08967,1.0432491451501846,8.649829030036926,15,6,6,1,5.58060456995435
fpos,15,best_short,19,SHORT: prev_pat_yoy >= -0.06033 AND own_dm1 >= 0.007165 AND own_abs3d >= 0.05864,1.0355449579656124,7.108991593122482,16,8,8,2,-7.13979062195909
fpos,30,best_either,19,LONG: vs_ma200 <= -0.1521 AND volume_5d_vs_60d >= 0.8451 AND vs_nifty_1w <= -0.02973,1.0301071722060442,6.021434441208839,30,9,9,4,0.8934031959652748
fpos,30,best_long,19,LONG: vs_ma200 <= -0.1521 AND volume_5d_vs_60d >= 0.8451 AND vs_nifty_1w <= -0.02973,1.0301071722060442,6.021434441208839,30,9,9,4,0.8934031959652748
fpos,30,best_short,19,SHORT: vs_sector_3m >= -0.1012 AND nifty_3m <= -0.02882 AND r2d >= -0.01527,1.023136131465435,4.627226293087006,30,6,6,0,
fpos,60,best_either,19,LONG: r2d <= -0.03116 AND sec_3d <= -0.01266 AND dist_20h <= -0.08451,1.0188852716237307,3.777054324746132,60,12,12,5,0.8071792702778278
fpos,60,best_long,19,LONG: r2d <= -0.03116 AND sec_3d <= -0.01266 AND dist_20h <= -0.08451,1.0188852716237307,3.777054324746132,60,12,12,5,0.8071792702778278
fpos,60,best_short,19,SHORT: days_after_quarter_end <= 24 AND sec_vs_200dma >= -0.00911 AND d1 <= -0.0002672,1.0149055644869804,2.9811128973960876,63,15,15,7,-2.2849141113085634
worst,15,best_either,19,LONG: r1w <= -0.08002 AND r6m <= -0.04807 AND past_pct_up >= 0.5,0.059938158839941025,8.194386214017868,15,6,6,0,
worst,15,best_long,19,LONG: r1w <= -0.08002 AND r6m <= -0.04807 AND past_pct_up >= 0.5,0.059938158839941025,8.194386214017868,15,6,6,0,
worst,15,best_short,19,SHORT: nifty_1w >= 0.01659 AND peers_reported_3d <= 0.008533 AND sec_vs_200dma >= 0.04543,0.03900131955742836,5.1985003054142,15,7,7,0,
worst,30,best_either,19,LONG: r6m <= -0.1934 AND sec_vs_50dma <= -0.02874 AND fin_type == Company,0.03922474756836891,4.85624186694622,32,6,6,8,0.9364274746755977
worst,30,best_long,19,LONG: r6m <= -0.1934 AND sec_vs_50dma <= -0.02874 AND fin_type == Company,0.03922474756836891,4.85624186694622,32,6,6,8,0.9364274746755977
worst,30,best_short,19,SHORT: sector_3m >= -0.02552 AND own_dm1 >= 0.007165 AND n_prior <= 7,0.03038625419139862,3.7598878145217896,32,7,7,2,1.476755555938225
worst,60,best_either,19,LONG: volume_5d_vs_60d >= 0.7867 AND sec_d0 <= 0.001117 AND dist_20h <= -0.1316,0.022934189066290855,3.0157754197716713,63,13,13,11,0.6869893540533192
worst,60,best_long,19,LONG: volume_5d_vs_60d >= 0.7867 AND sec_d0 <= 0.001117 AND dist_20h <= -0.1316,0.022934189066290855,3.0157754197716713,63,13,13,11,0.6869893540533192
worst,60,best_short,19,SHORT: season_so_far_3d >= -0.01568 AND own_rd <= -0.003056 AND n_prior <= 7,0.016558118164539337,2.099245600402355,63,6,6,2,3.57439958386496
mean,15,best_either,20,LONG: r1w <= -0.08036 AND vs_ma200 <= -0.1326 AND days_since_dividend <= 209,0.08445849269628525,8.445849269628525,15,8,8,0,
mean,15,best_long,20,LONG: r1w <= -0.08036 AND vs_ma200 <= -0.1326 AND days_since_dividend <= 209,0.08445849269628525,8.445849269628525,15,8,8,0,
mean,15,best_short,20,SHORT: from_52w_low >= 0.2474 AND sector_3m <= -0.003867 AND days_after_quarter_end <= 23,0.0759543925523758,7.595439255237579,15,6,6,0,
mean,30,best_either,20,LONG: r6m <= -0.2009 AND days_since_dividend >= 89 AND maxabs5 >= 0.03643,0.062481608241796494,6.248160824179649,30,8,8,0,
mean,30,best_long,20,LONG: r6m <= -0.2009 AND days_since_dividend >= 89 AND maxabs5 >= 0.03643,0.062481608241796494,6.248160824179649,30,8,8,0,
mean,30,best_short,20,SHORT: nifty_3m <= -0.02663 AND pe_vs_peers <= 0.8943 AND r2d >= -0.01542,0.04580050706863403,4.580050706863403,33,7,7,9,2.042292821232931
mean,60,best_either,20,LONG: vs_ma200 <= -0.1634 AND days_since_dividend >= 77 AND own_rd >= -0.009195,0.04091193899512291,4.091193899512291,60,9,10,2,-3.02229709015302
mean,60,best_long,20,LONG: vs_ma200 <= -0.1634 AND days_since_dividend >= 77 AND own_rd >= -0.009195,0.04091193899512291,4.091193899512291,60,9,10,2,-3.02229709015302
mean,60,best_short,20,SHORT: r6m >= -0.2009 AND nifty_1w >= 0.01545 AND d1 <= 0.00349,0.03393424674868584,3.3934246748685837,61,14,17,1,-2.01961264342135
fpos,15,best_either,20,LONG: r1w <= -0.08036 AND vs_ma200 <= -0.1326 AND days_since_dividend <= 209,1.0422292463481426,8.445849269628525,15,8,8,0,
fpos,15,best_long,20,LONG: r1w <= -0.08036 AND vs_ma200 <= -0.1326 AND days_since_dividend <= 209,1.0422292463481426,8.445849269628525,15,8,8,0,
fpos,15,best_short,20,SHORT: from_52w_low >= 0.2474 AND sector_3m <= -0.003867 AND days_after_quarter_end <= 23,1.037977196276188,7.595439255237579,15,6,6,0,
fpos,30,best_either,20,LONG: r6m <= -0.2009 AND days_since_dividend >= 89 AND maxabs5 >= 0.03643,1.0312408041208982,6.248160824179649,30,8,8,0,
fpos,30,best_long,20,LONG: r6m <= -0.2009 AND days_since_dividend >= 89 AND maxabs5 >= 0.03643,1.0312408041208982,6.248160824179649,30,8,8,0,
fpos,30,best_short,20,SHORT: nifty_3m <= -0.02663 AND pe_vs_peers <= 0.8943 AND r2d >= -0.01542,1.022900253534317,4.580050706863403,33,7,7,9,2.042292821232931
fpos,60,best_either,20,LONG: vs_ma200 <= -0.1634 AND volume_5d_vs_60d >= 0.7968 AND days_since_dividend >= 68,1.0203504208475351,4.070084169507027,61,9,9,2,-3.02229709015302
fpos,60,best_long,20,LONG: vs_ma200 <= -0.1634 AND volume_5d_vs_60d >= 0.7968 AND days_since_dividend >= 68,1.0203504208475351,4.070084169507027,61,9,9,2,-3.02229709015302
fpos,60,best_short,20,SHORT: volume_5d_vs_60d <= 1.29 AND nifty_3m <= 0.004205 AND days_after_quarter_end <= 26,1.0147762736305594,2.955254726111889,60,11,11,4,-2.496179848436185
worst,15,best_either,20,LONG: r1w <= -0.08036 AND r6m <= -0.05783 AND past_pct_up >= 0.5,0.059938158839941025,8.194386214017868,15,6,6,0,
worst,15,best_long,20,LONG: r1w <= -0.08036 AND r6m <= -0.05783 AND past_pct_up >= 0.5,0.059938158839941025,8.194386214017868,15,6,6,0,
worst,15,best_short,20,SHORT: from_52w_low >= 0.6754 AND nifty_3m <= 0.004205 AND sec_vs_50dma >= -0.04498,0.04204562306404114,5.260778963565826,16,6,6,1,0.49966043224667
worst,30,best_either,20,LONG: vs_ma200 <= -0.1634 AND nifty_d0 >= 0.0001321 AND own_rd >= -0.009195,0.04282746464014053,5.5422332137823105,35,9,9,2,-3.02229709015302
worst,30,best_long,20,LONG: vs_ma200 <= -0.1634 AND nifty_d0 >= 0.0001321 AND own_rd >= -0.009195,0.04282746464014053,5.5422332137823105,35,9,9,2,-3.02229709015302
worst,30,best_short,20,SHORT: nifty_1w >= 0.01545 AND vs_sector_1m <= -0.05542 AND days_after_quarter_end <= 35,0.023930395022034645,3.776528313755989,32,11,11,2,-3.80234430749709
worst,60,best_either,20,LONG: vs_ma200 <= -0.1634 AND volume_5d_vs_60d >= 0.7968 AND days_since_dividend >= 68,0.028763020411133766,4.070084169507027,61,9,9,2,-3.02229709015302
worst,60,best_long,20,LONG: vs_ma200 <= -0.1634 AND volume_5d_vs_60d >= 0.7968 AND days_since_dividend >= 68,0.028763020411133766,4.070084169507027,61,9,9,2,-3.02229709015302
worst,60,best_short,20,SHORT: nifty_1w >= 0.01545 AND sec_vs_200dma >= -0.1019 AND n_prior <= 8,0.014715313911437988,2.5680052116513252,60,8,8,0,
mean,15,best_either,21,LONG: r1w <= -0.07993 AND vs_ma200 <= -0.1372 AND sec_from_52w_high >= -0.181,0.08404145389795303,8.404145389795303,15,8,8,0,
mean,15,best_long,21,LONG: r1w <= -0.07993 AND vs_ma200 <= -0.1372 AND sec_from_52w_high >= -0.181,0.08404145389795303,8.404145389795303,15,8,8,0,
mean,15,best_short,21,SHORT: from_52w_low >= 0.2431 AND sector_3m <= -0.005862 AND days_after_quarter_end <= 23,0.0759543925523758,7.595439255237579,15,6,6,0,
mean,30,best_either,21,LONG: r6m <= -0.1696 AND r2d <= -0.03062 AND nifty_3d <= -0.003845,0.0608169250190258,6.08169250190258,30,8,8,1,-0.69491528987243
mean,30,best_long,21,LONG: r6m <= -0.1696 AND r2d <= -0.03062 AND nifty_3d <= -0.003845,0.0608169250190258,6.08169250190258,30,8,8,1,-0.69491528987243
mean,30,best_short,21,SHORT: india_vix >= 13.04 AND d1 <= -0.00441 AND r20d >= -0.02036,0.04570259526371956,4.570259526371956,30,10,10,0,
mean,60,best_either,21,LONG: vs_ma200 <= -0.1635 AND volume_5d_vs_60d >= 0.7965 AND exn_3d <= 0.01902,0.04024742543697357,4.024742543697357,60,9,10,3,-2.589778255857956
mean,60,best_long,21,LONG: vs_ma200 <= -0.1635 AND volume_5d_vs_60d >= 0.7965 AND exn_3d <= 0.01902,0.04024742543697357,4.024742543697357,60,9,10,3,-2.589778255857956
mean,60,best_short,21,SHORT: nifty_1w >= 0.0153 AND sector_3m >= -0.03093 AND d1 <= 0.003736,0.03329724445939064,3.329724445939064,60,12,15,5,-3.239752292746298
fpos,15,best_either,21,LONG: r1w <= -0.07993 AND vs_ma200 <= -0.1372 AND sec_vs_200dma >= -0.1025,1.0420207269489765,8.404145389795303,15,8,8,0,
fpos,15,best_long,21,LONG: r1w <= -0.07993 AND vs_ma200 <= -0.1372 AND sec_vs_200dma >= -0.1025,1.0420207269489765,8.404145389795303,15,8,8,0,
fpos,15,best_short,21,SHORT: from_52w_low >= 0.2431 AND sector_3m <= -0.005862 AND days_after_quarter_end <= 23,1.037977196276188,7.595439255237579,15,6,6,0,
fpos,30,best_either,21,LONG: r6m <= -0.1696 AND r2d <= -0.03062 AND nifty_3d <= -0.003845,1.030408462509513,6.08169250190258,30,8,8,1,-0.69491528987243
fpos,30,best_long,21,LONG: r6m <= -0.1696 AND r2d <= -0.03062 AND nifty_3d <= -0.003845,1.030408462509513,6.08169250190258,30,8,8,1,-0.69491528987243
fpos,30,best_short,21,SHORT: india_vix >= 13.04 AND d1 <= -0.00441 AND r20d >= -0.02036,1.0228512976318598,4.570259526371956,30,10,10,0,
fpos,60,best_either,21,LONG: r6m <= -0.2026 AND volume_5d_vs_60d >= 0.7965 AND exs_3d <= 0.01871,1.0200997032225132,4.01994064450264,60,11,11,3,-2.589778255857956
fpos,60,best_long,21,LONG: r6m <= -0.2026 AND volume_5d_vs_60d >= 0.7965 AND exs_3d <= 0.01871,1.0200997032225132,4.01994064450264,60,11,11,3,-2.589778255857956
fpos,60,best_short,21,SHORT: r6m >= -0.2574 AND nifty_1w >= 0.0153 AND n_prior <= 8,1.0147085646167397,2.94171292334795,60,9,9,0,
worst,15,best_either,21,LONG: r1w <= -0.07993 AND r6m <= -0.06323 AND past_pct_up >= 0.5,0.059938158839941025,8.194386214017868,15,6,6,0,
worst,15,best_long,21,LONG: r1w <= -0.07993 AND r6m <= -0.06323 AND past_pct_up >= 0.5,0.059938158839941025,8.194386214017868,15,6,6,0,
worst,15,best_short,21,SHORT: from_52w_low >= 0.2431 AND sector_3m <= -0.005862 AND days_after_quarter_end <= 23,0.041980624198913574,7.595439255237579,15,6,6,0,
worst,30,best_either,21,LONG: vs_ma200 <= -0.1635 AND peers_reported_n <= 1 AND exs_3d <= -0.005584,0.04197273403406143,6.000835821032524,30,8,8,2,-2.877227433967595
worst,30,best_long,21,LONG: vs_ma200 <= -0.1635 AND peers_reported_n <= 1 AND exs_3d <= -0.005584,0.04197273403406143,6.000835821032524,30,8,8,2,-2.877227433967595
worst,30,best_short,21,SHORT: r1y >= 0.1839 AND nifty_3m <= 0.0003452 AND z20 >= -0.8539,0.02582753263413906,3.8230769336223602,30,8,8,3,-0.4097134659767999
worst,60,best_either,21,LONG: r6m <= -0.2026 AND past_pct_up >= 0.4 AND maxabs5 >= 0.01486,0.023525342345237732,3.4928645938634872,60,11,11,3,0.7450697507692866
worst,60,best_long,21,LONG: r6m <= -0.2026 AND past_pct_up >= 0.4 AND maxabs5 >= 0.01486,0.023525342345237732,3.4928645938634872,60,11,11,3,0.7450697507692866
worst,60,best_short,21,SHORT: nifty_1w >= 0.0153 AND sec_vs_200dma >= -0.1025 AND n_prior <= 8,0.014715313911437988,2.5680052116513252,60,8,8,0,
