qn,quarter,period,trades,up,avg,avg_tp,worst,best,quiet_trades,quiet_avg,all_fo_avg,stocks
0,Q4 FY21,Jan-Mar 2021,0,0,,,,,1,-0.00797988,0.00821481862346939,
1,Q1 FY22,Apr-Jun 2021,0,0,,,,,7,-0.018768647142857142,0.000608698478632479,
2,Q2 FY22,Jul-Sep 2021,0,0,,,,,7,-0.006399049428571428,-0.008431858304000001,
3,Q3 FY22,Oct-Dec 2021,1,1,0.08745382,0.08745382,0.08745382,0.08745382,4,-0.010034934999999995,-0.006364760545454546,NAUKRI +8.7
4,Q4 FY22,Jan-Mar 2022,0,0,,,,,9,0.012134280333333336,-0.00830784503053435,
5,Q1 FY23,Apr-Jun 2022,0,0,,,,,4,-0.0036783775000000015,0.007535659067164181,
6,Q2 FY23,Jul-Sep 2022,1,1,0.030134849999999998,0.030134849999999998,0.030134849999999998,0.030134849999999998,7,-0.01585250142857143,0.00029545278947368464,AUROPHARMA +3.0
7,Q3 FY23,Oct-Dec 2022,4,3,0.054947095,0.0300314025,-0.0345452,0.1908726,1,0.021405395,-0.0015862115187969931,"SBIN +3.4, ADANIPORTS +19.1, AMBUJACEM +2.9, ADANIENT -3.5"
8,Q4 FY23,Jan-Mar 2023,1,0,-0.03705858,-0.03705858,-0.03705858,-0.03705858,3,0.01462945866666667,0.0060747119104477615,MANAPPURAM -3.7
9,Q1 FY24,Apr-Jun 2023,0,0,,,,,4,0.001956410250000003,-0.0029677260947368416,
10,Q2 FY24,Jul-Sep 2023,0,0,,,,,1,0.03496495,0.0040577627431818185,
11,Q3 FY24,Oct-Dec 2023,3,3,0.024028652333333334,0.024028652333333334,0.018950172999999997,0.0295278,0,,0.004783827792592592,"POLYCAB +1.9, IEX +3.0, AUROPHARMA +2.4"
12,Q4 FY24,Jan-Mar 2024,1,1,0.043864600000000004,0.031797900000000004,0.043864600000000004,0.043864600000000004,1,-0.05311452,0.008760524102962963,KOTAKBANK +4.4
13,Q1 FY25,Apr-Jun 2024,0,0,,,,,15,0.007302996233333334,0.005282619262962963,
14,Q2 FY25,Jul-Sep 2024,0,0,,,,,5,-0.020057518,-0.011177262765671641,
15,Q3 FY25,Oct-Dec 2024,2,2,0.10812379999999999,0.09265274999999999,0.068154,0.1480936,12,-0.052081023166666664,-0.007865665861627907,"KALYANKJIL +14.8, PRESTIGE +6.8"
16,Q4 FY25,Jan-Mar 2025,0,0,,,,,10,0.0212785754,0.009583029973595504,
17,Q1 FY26,Apr-Jun 2025,0,0,,,,,5,0.008307882000000003,-0.0056441781518324595,
18,Q2 FY26,Jul-Sep 2025,0,0,,,,,4,0.048591046250000006,0.0066806882701570675,
19,Q3 FY26,Oct-Dec 2025,3,3,0.02295866666666666,0.02295866666666666,0.0003614099999999995,0.04923739,2,-0.05233549999999999,0.001830560225,"CGPOWER +1.9, PRESTIGE +4.9, GODREJPROP +0.0"
20,Q4 FY26,Jan-Mar 2026,0,0,,,,,1,0.024017530000000002,-0.003086422986699507,
21,Q1 FY27,Apr-Jun 2026,0,0,,,,,6,0.0054591983333333325,0.00173858990776699,
