symbol,quarter,qn,period,cutoff,in_fo,industry,vs_nifty_1m,volume_ratio,split_in_window,three_day,take_profit
NAUKRI,Q3 FY22,3,Oct-Dec 2021,2022-01-25,True,Computers - Software,-0.17675981738286528,2.497912316773612,False,0.08745382,0.08745382
AUROPHARMA,Q2 FY23,6,Jul-Sep 2022,2022-11-10,True,Pharmaceuticals,-0.15332489751902467,2.522833557763601,False,0.030134849999999998,0.030134849999999998
ADANIPORTS,Q3 FY23,7,Oct-Dec 2022,2023-02-03,True,Shipping,-0.3736663860993832,6.063266650007326,False,0.1908726,0.0934149
AMBUJACEM,Q3 FY23,7,Oct-Dec 2022,2023-02-03,True,Cement And Cement Products,-0.26947623942130117,5.566611022170907,False,0.029347,0.029347
ADANIENT,Q3 FY23,7,Oct-Dec 2022,2023-02-10,True,Trading,-0.4898199554716287,3.303796565681603,False,-0.0345452,-0.0345452
POLYCAB,Q3 FY24,11,Oct-Dec 2023,2024-01-16,True,Electrical Equipment,-0.26125518210086485,5.867031441258586,False,0.018950172999999997,0.018950172999999997
KALYANKJIL,Q3 FY25,15,Oct-Dec 2024,2025-01-28,True,Gems Jewellery And Watches,-0.3824570843637497,2.7941205519999346,False,0.1480936,0.1480936
PRESTIGE,Q3 FY25,15,Oct-Dec 2024,2025-01-28,True,Construction,-0.21205199400439445,2.1525890599814903,False,0.068154,0.0372119
GODREJPROP,Q3 FY26,19,Oct-Dec 2025,2026-02-03,True,Construction,-0.1556115870924789,2.0037598888775205,False,0.0003614099999999995,0.0003614099999999995
