day,pnl_units_pct,open_after_close,new_entries
2015-11-09,0.0000,0,0
2015-11-10,0.0000,0,0
2015-11-11,0.0000,0,0
2015-11-13,0.0000,0,0
2015-11-16,0.0000,0,0
2015-11-17,0.0000,0,0
2015-11-18,0.0000,0,0
2015-11-19,0.0000,0,0
2015-11-20,0.0000,0,0
2015-11-23,0.0000,0,0
2015-11-24,0.0000,0,0
2015-11-26,0.0000,0,0
2015-11-27,0.0000,0,0
2015-11-30,0.0000,0,0
2015-12-02,0.0000,0,0
2015-12-03,0.0000,0,0
2015-12-04,0.0000,0,0
2015-12-07,0.0000,0,0
2015-12-08,0.0000,0,0
2015-12-09,0.0000,0,0
2015-12-10,0.0000,0,0
2015-12-11,0.0000,0,0
2015-12-14,0.0000,0,0
2015-12-15,0.0000,0,0
2015-12-16,0.0000,0,0
2015-12-17,0.0000,0,0
2015-12-18,0.0000,0,0
2015-12-21,0.0000,0,0
2015-12-22,0.0000,0,0
2015-12-23,0.0000,0,0
2015-12-24,0.0000,0,0
2015-12-28,0.0000,0,0
2015-12-29,0.0000,0,0
2015-12-30,0.0000,0,0
2015-12-31,0.0000,0,0
2016-01-01,0.0000,0,0
2016-01-04,0.0000,0,0
2016-01-05,0.0000,0,0
2016-01-06,0.0000,0,0
2016-01-07,0.0000,0,0
2016-01-08,0.0000,0,0
2016-01-11,0.0000,0,0
2016-01-12,0.0000,0,0
2016-01-13,0.0000,0,0
2016-01-14,0.0000,0,0
2016-01-15,0.0000,0,0
2016-01-18,0.0000,0,0
2016-01-19,0.0000,0,0
2016-01-20,0.0000,0,0
2016-01-21,0.0000,0,0
2016-01-22,0.0000,0,0
2016-01-25,0.0000,0,0
2016-01-27,0.0000,0,0
2016-01-28,0.0000,0,0
2016-01-29,0.0000,0,0
2016-02-01,0.0000,0,0
2016-02-02,0.0000,0,0
2016-02-03,0.0000,0,0
2016-02-04,0.0000,0,0
2016-02-05,0.0000,0,0
2016-02-08,0.0000,0,0
2016-02-09,0.0000,0,0
2016-02-10,0.0000,0,0
2016-02-11,0.0000,0,0
2016-02-12,0.0000,0,0
2016-02-15,0.0000,0,0
2016-02-16,0.0000,0,0
2016-02-17,0.0000,0,0
2016-02-18,0.0000,0,0
2016-02-19,0.0000,0,0
2016-02-22,0.0000,0,0
2016-02-23,0.0000,0,0
2016-02-24,0.0000,0,0
2016-02-25,0.0000,0,0
2016-02-26,0.0000,0,0
2016-02-29,0.0000,0,0
2016-03-01,0.0000,0,0
2016-03-02,0.0000,0,0
2016-03-03,0.0000,0,0
2016-03-04,0.0000,0,0
2016-03-08,0.0000,0,0
2016-03-09,0.0000,0,0
2016-03-10,0.0000,0,0
2016-03-11,0.0000,0,0
2016-03-14,0.0000,0,0
2016-03-15,0.0000,0,0
2016-03-16,0.0000,0,0
2016-03-17,0.0000,0,0
2016-03-18,0.0000,0,0
2016-03-21,0.0000,0,0
2016-03-22,0.0000,0,0
2016-03-23,0.0000,0,0
2016-03-28,0.0000,0,0
2016-03-29,0.0000,0,0
2016-03-30,0.0000,0,0
2016-03-31,0.0000,0,0
2016-04-01,0.0000,0,0
2016-04-04,0.0000,0,0
2016-04-05,0.0000,0,0
2016-04-06,0.0000,0,0
2016-04-07,0.0000,0,0
2016-04-08,0.0000,0,0
2016-04-11,0.0000,0,0
2016-04-12,0.0000,0,0
2016-04-13,0.0000,0,0
2016-04-18,0.0000,0,0
2016-04-20,0.0000,0,0
2016-04-21,0.0000,0,0
2016-04-22,0.0000,0,0
2016-04-25,0.0000,0,0
2016-04-26,0.0000,0,0
2016-04-27,0.0000,0,0
2016-04-28,0.0000,0,0
2016-04-29,0.0000,0,0
2016-05-02,0.0000,0,0
2016-05-03,0.0000,0,0
2016-05-04,0.0000,0,0
2016-05-05,0.0000,0,0
2016-05-06,0.0000,0,0
2016-05-09,0.0000,0,0
2016-05-10,0.0000,0,0
2016-05-11,0.0000,0,0
2016-05-12,0.0000,0,0
2016-05-13,0.0000,0,0
2016-05-16,0.0000,0,0
2016-05-17,0.0000,0,0
2016-05-18,0.0000,0,0
2016-05-19,0.0000,0,0
2016-05-20,0.0000,0,0
2016-05-23,0.0000,0,0
2016-05-24,0.0000,0,0
2016-05-25,0.0000,0,0
2016-05-26,0.0000,0,0
2016-05-27,0.0000,0,0
2016-05-30,0.0000,0,0
2016-05-31,0.0000,0,0
2016-06-01,0.0000,0,0
2016-06-02,0.0000,0,0
2016-06-03,0.0000,0,0
2016-06-06,0.0000,0,0
2016-06-07,0.0000,0,0
2016-06-08,0.0000,0,0
2016-06-09,0.0000,0,0
2016-06-10,0.0000,0,0
2016-06-13,0.0000,0,0
2016-06-14,0.0000,0,0
2016-06-15,0.0000,0,0
2016-06-16,0.0000,0,0
2016-06-17,0.0000,0,0
2016-06-21,0.0000,0,0
2016-06-22,0.0000,0,0
2016-06-23,0.0000,0,0
2016-06-24,0.0000,0,0
2016-06-27,0.0000,0,0
2016-06-28,0.0000,0,0
2016-06-29,0.0000,0,0
2016-06-30,0.0000,0,0
2016-07-01,0.0000,0,0
2016-07-04,0.0000,0,0
2016-07-05,0.0000,0,0
2016-07-07,0.0000,0,0
2016-07-08,0.0000,0,0
2016-07-11,0.0000,0,0
2016-07-12,0.0000,0,0
2016-07-13,0.0000,0,0
2016-07-14,0.0000,0,0
2016-07-15,0.0000,0,0
2016-07-18,0.0000,0,0
2016-07-19,0.0000,0,0
2016-07-20,0.0000,0,0
2016-07-21,0.0000,0,0
2016-07-22,0.0000,0,0
2016-07-25,0.0000,0,0
2016-07-26,0.0000,0,0
2016-07-27,0.0000,0,0
2016-07-28,0.0000,0,0
2016-07-29,0.0000,0,0
2016-08-01,0.0000,0,0
2016-08-02,0.0000,0,0
2016-08-03,0.0000,0,0
2016-08-04,0.0000,0,0
2016-08-05,0.0000,0,0
2016-08-08,0.0000,0,0
2016-08-09,0.0000,0,0
2016-08-10,0.0000,0,0
2016-08-11,0.0000,0,0
2016-08-12,0.0000,0,0
2016-08-16,0.0000,0,0
2016-08-17,0.0000,0,0
2016-08-18,0.0000,0,0
2016-08-19,0.0000,0,0
2016-08-22,0.0000,0,0
2016-08-23,0.0000,0,0
2016-08-24,0.0000,0,0
2016-08-25,0.0000,0,0
2016-08-26,0.0000,0,0
2016-08-29,0.0000,0,0
2016-08-30,0.0000,0,0
2016-08-31,0.0000,0,0
2016-09-01,0.0000,0,0
2016-09-02,0.0000,0,0
2016-09-06,0.0000,0,0
2016-09-07,0.0000,0,0
2016-09-08,0.0000,0,0
2016-09-09,0.0000,0,0
2016-09-12,0.0000,0,0
2016-09-14,0.0000,0,0
2016-09-15,0.0000,0,0
2016-09-16,0.0000,0,0
2016-09-19,0.0000,0,0
2016-09-20,0.0000,0,0
2016-09-21,0.0000,0,0
2016-09-22,0.0000,0,0
2016-09-23,0.0000,0,0
2016-09-26,0.0000,0,0
2016-09-27,0.0000,0,0
2016-09-28,0.0000,0,0
2016-09-29,0.0000,0,0
2016-09-30,0.0000,0,0
2016-10-03,0.0000,0,0
2016-10-04,0.0000,0,0
2016-10-05,0.0000,0,0
2016-10-06,0.0000,0,0
2016-10-07,0.0000,0,0
2016-10-10,0.0000,0,0
2016-10-13,0.0000,0,0
2016-10-14,0.0000,0,0
2016-10-17,0.0000,0,0
2016-10-18,0.0000,0,0
2016-10-19,0.0000,0,0
2016-10-20,0.0000,0,0
2016-10-21,0.0000,0,0
2016-10-24,0.0000,0,0
2016-10-25,0.0000,0,0
2016-10-26,0.0000,0,0
2016-10-27,0.0000,0,0
2016-10-28,0.0000,0,0
2016-10-30,0.0000,0,0
2016-11-01,0.0000,0,0
2016-11-02,0.0000,0,0
2016-11-03,0.0000,0,0
2016-11-04,0.0000,0,0
2016-11-07,0.0000,0,0
2016-11-08,0.0000,0,0
2016-11-09,0.0000,0,0
2016-11-10,0.0000,0,0
2016-11-11,0.0000,0,0
2016-11-15,0.0000,0,0
2016-11-16,0.0000,0,0
2016-11-17,0.0000,0,0
2016-11-18,0.0000,0,0
2016-11-21,0.0000,0,0
2016-11-22,0.0000,0,0
2016-11-23,0.0000,0,0
2016-11-24,0.0000,0,0
2016-11-25,0.0000,0,0
2016-11-28,0.0000,0,0
2016-11-29,0.0000,0,0
2016-11-30,0.0000,0,0
2016-12-01,0.0000,0,0
2016-12-02,0.0000,0,0
2016-12-05,0.0000,0,0
2016-12-06,0.0000,0,0
2016-12-07,0.0000,0,0
2016-12-08,0.0000,0,0
2016-12-09,0.0000,0,0
2016-12-12,0.0000,0,0
2016-12-13,0.0000,0,0
2016-12-14,0.0000,0,0
2016-12-15,0.0000,0,0
2016-12-16,0.0000,0,0
2016-12-19,0.0000,0,0
2016-12-20,0.0000,0,0
2016-12-21,0.0000,0,0
2016-12-22,0.0000,0,0
2016-12-23,0.0000,0,0
2016-12-26,0.0000,0,0
2016-12-27,0.0000,0,0
2016-12-28,0.0000,0,0
2016-12-29,0.0000,0,0
2016-12-30,0.0000,0,0
2017-01-02,0.0000,0,0
2017-01-03,0.0000,0,0
2017-01-04,0.0000,0,0
2017-01-05,0.0000,0,0
2017-01-06,0.0000,0,0
2017-01-09,0.0000,0,0
2017-01-10,0.0000,0,0
2017-01-11,0.0000,0,0
2017-01-12,0.0000,0,0
2017-01-13,0.0000,0,0
2017-01-16,0.0000,0,0
2017-01-17,0.0000,0,0
2017-01-18,0.0000,0,0
2017-01-19,0.0000,0,0
2017-01-20,0.0000,0,0
2017-01-23,0.0000,0,0
2017-01-24,0.0000,0,0
2017-01-25,0.0000,0,0
2017-01-27,0.0000,0,0
2017-01-30,0.0000,0,0
2017-01-31,0.0000,0,0
2017-02-01,0.0000,0,0
2017-02-02,0.0000,0,0
2017-02-03,0.0000,0,0
2017-02-06,0.0000,0,0
2017-02-07,0.0000,0,0
2017-02-08,0.0000,0,0
2017-02-09,0.0000,0,0
2017-02-10,0.0000,0,0
2017-02-13,0.0000,0,0
2017-02-14,0.0000,0,0
2017-02-15,0.0000,0,0
2017-02-16,0.0000,0,0
2017-02-17,0.0000,0,0
2017-02-20,0.0000,0,0
2017-02-21,0.0000,0,0
2017-02-22,0.0000,0,0
2017-02-23,0.0000,0,0
2017-02-27,0.0000,0,0
2017-02-28,0.0000,0,0
2017-03-01,0.0000,0,0
2017-03-02,0.0000,0,0
2017-03-03,0.0000,0,0
2017-03-06,0.0000,0,0
2017-03-07,0.0000,0,0
2017-03-08,0.0000,0,0
2017-03-09,0.0000,0,0
2017-03-10,0.0000,0,0
2017-03-14,0.0000,0,0
2017-03-15,0.0000,0,0
2017-03-16,0.0000,0,0
2017-03-17,0.0000,0,0
2017-03-20,0.0000,0,0
2017-03-21,0.0000,0,0
2017-03-22,0.0000,0,0
2017-03-23,0.0000,0,0
2017-03-24,0.0000,0,0
2017-03-27,0.0000,0,0
2017-03-28,0.0000,0,0
2017-03-29,0.0000,0,0
2017-03-30,0.0000,0,0
2017-03-31,0.0000,0,0
2017-04-03,0.0000,0,0
2017-04-05,0.0000,0,0
2017-04-06,0.0000,0,0
2017-04-07,0.0000,0,0
2017-04-10,0.0000,0,0
2017-04-11,0.0000,0,0
2017-04-12,0.0000,0,0
2017-04-13,0.0000,0,0
2017-04-17,0.0000,0,0
2017-04-18,0.0000,0,0
2017-04-19,0.0000,0,0
2017-04-20,0.0000,0,0
2017-04-21,0.0000,0,0
2017-04-24,0.0000,0,0
2017-04-25,0.0000,0,0
2017-04-26,0.0000,0,0
2017-04-27,0.0000,0,0
2017-04-28,0.0000,0,0
2017-05-02,0.0000,0,0
2017-05-03,0.0000,0,0
2017-05-04,0.0000,0,0
2017-05-05,0.0000,0,0
2017-05-08,0.0000,0,0
2017-05-09,0.0000,0,0
2017-05-10,0.0000,0,0
2017-05-11,0.0000,0,0
2017-05-12,0.0000,0,0
2017-05-15,0.0000,0,0
2017-05-16,0.0000,0,0
2017-05-17,0.0000,0,0
2017-05-18,0.0000,0,0
2017-05-19,0.0000,0,0
2017-05-22,0.0000,0,0
2017-05-23,0.0000,0,0
2017-05-24,0.0000,0,0
2017-05-25,0.0000,0,0
2017-05-26,0.0000,0,0
2017-05-29,0.0000,0,0
2017-05-30,0.0000,0,0
2017-05-31,0.0000,0,0
2017-06-01,0.0000,0,0
2017-06-02,0.0000,0,0
2017-06-05,0.0000,0,0
2017-06-06,0.0000,0,0
2017-06-07,0.0000,0,0
2017-06-08,0.0000,0,0
2017-06-09,0.0000,0,0
2017-06-12,0.0000,0,0
2017-06-13,0.0000,0,0
2017-06-14,0.0000,0,0
2017-06-15,0.0000,0,0
2017-06-16,0.0000,0,0
2017-06-19,0.0000,0,0
2017-06-20,0.0000,0,0
2017-06-21,0.0000,0,0
2017-06-22,0.0000,0,0
2017-06-23,0.0000,0,0
2017-06-27,0.0000,0,0
2017-06-28,0.0000,0,0
2017-06-29,0.0000,0,0
2017-06-30,0.0000,0,0
2017-07-03,0.0000,0,0
2017-07-04,0.0000,0,0
2017-07-05,0.0000,0,0
2017-07-06,0.0000,0,0
2017-07-07,0.0000,0,0
2017-07-10,0.0000,0,0
2017-07-11,0.0000,0,0
2017-07-12,0.0000,0,0
2017-07-13,0.0000,0,0
2017-07-14,0.0000,0,0
2017-07-17,0.0000,0,0
2017-07-18,0.0000,0,0
2017-07-19,0.0000,0,0
2017-07-20,0.0000,0,0
2017-07-21,0.0000,0,0
2017-07-24,0.0000,0,0
2017-07-25,0.0000,0,0
2017-07-26,0.0000,0,0
2017-07-27,0.0000,0,0
2017-07-28,0.0000,0,0
2017-07-31,0.0000,0,0
2017-08-01,0.0000,0,0
2017-08-02,0.0000,0,0
2017-08-03,0.0000,0,0
2017-08-04,0.0000,0,0
2017-08-07,0.0000,0,0
2017-08-08,0.0000,0,0
2017-08-09,0.0000,0,0
2017-08-10,0.0000,0,0
2017-08-11,0.0000,0,0
2017-08-14,0.0000,0,0
2017-08-16,0.0000,0,0
2017-08-17,0.0000,0,0
2017-08-18,0.0000,0,0
2017-08-21,0.0000,0,0
2017-08-22,0.0000,0,0
2017-08-23,0.0000,0,0
2017-08-24,0.0000,0,0
2017-08-28,0.0000,0,0
2017-08-29,0.0000,0,0
2017-08-30,0.0000,0,0
2017-08-31,0.0000,0,0
2017-09-01,0.0000,0,0
2017-09-04,0.0000,0,0
2017-09-05,0.0000,0,0
2017-09-06,0.0000,0,0
2017-09-07,0.0000,0,0
2017-09-08,0.0000,0,0
2017-09-11,0.0000,0,0
2017-09-12,0.0000,0,0
2017-09-13,0.0000,0,0
2017-09-14,0.0000,0,0
2017-09-15,0.0000,0,0
2017-09-18,0.0000,0,0
2017-09-19,0.0000,0,0
2017-09-20,0.0000,0,0
2017-09-21,0.0000,0,0
2017-09-22,0.0000,0,0
2017-09-25,0.0000,0,0
2017-09-26,0.0000,0,0
2017-09-27,0.0000,0,0
2017-09-28,0.0000,0,0
2017-09-29,0.0000,0,0
2017-10-03,0.0000,0,0
2017-10-04,0.0000,0,0
2017-10-05,0.0000,0,0
2017-10-06,0.0000,0,0
2017-10-09,0.0000,0,0
2017-10-10,0.0000,0,0
2017-10-11,0.0000,0,0
2017-10-12,0.0000,0,0
2017-10-13,0.0000,0,0
2017-10-16,0.0000,0,0
2017-10-17,0.0000,0,0
2017-10-18,0.0000,0,0
2017-10-19,0.0000,0,0
2017-10-23,0.0000,0,0
2017-10-24,0.0000,0,0
2017-10-25,0.0000,0,0
2017-10-26,0.0000,0,0
2017-10-27,0.0000,0,0
2017-10-30,0.0000,0,0
2017-10-31,0.0000,0,0
2017-11-01,0.0000,0,0
2017-11-02,0.0000,0,0
2017-11-03,0.0000,0,0
2017-11-06,0.0000,0,0
2017-11-07,0.0000,0,0
2017-11-08,0.0000,0,0
2017-11-09,0.0000,0,0
2017-11-10,0.0000,0,0
2017-11-13,0.0000,0,0
2017-11-14,0.0000,0,0
2017-11-15,0.0000,0,0
2017-11-16,0.0000,0,0
2017-11-17,0.0000,0,0
2017-11-20,0.0000,0,0
2017-11-21,0.0000,0,0
2017-11-22,0.0000,0,0
2017-11-23,0.0000,0,0
2017-11-24,0.0000,0,0
2017-11-27,0.0000,0,0
2017-11-28,0.0000,0,0
2017-11-29,0.0000,0,0
2017-11-30,0.0000,0,0
2017-12-01,0.0000,0,0
2017-12-04,0.0000,0,0
2017-12-05,0.0000,0,0
2017-12-06,0.0000,0,0
2017-12-07,0.0000,0,0
2017-12-08,0.0000,0,0
2017-12-11,0.0000,0,0
2017-12-12,0.0000,0,0
2017-12-13,0.0000,0,0
2017-12-14,0.0000,0,0
2017-12-15,0.0000,0,0
2017-12-18,0.0000,0,0
2017-12-19,0.0000,0,0
2017-12-20,0.0000,0,0
2017-12-21,0.0000,0,0
2017-12-22,0.0000,0,0
2017-12-26,0.0000,0,0
2017-12-27,0.0000,0,0
2017-12-28,0.0000,0,0
2017-12-29,0.0000,0,0
2018-01-01,0.0000,0,0
2018-01-02,0.0000,0,0
2018-01-03,0.0000,0,0
2018-01-04,0.0000,0,0
2018-01-05,0.0000,0,0
2018-01-08,0.0000,0,0
2018-01-09,0.0000,0,0
2018-01-10,0.0000,0,0
2018-01-11,0.0000,0,0
2018-01-12,0.0000,0,0
2018-01-15,0.0000,0,0
2018-01-16,0.0000,0,0
2018-01-17,0.0000,0,0
2018-01-18,0.0000,0,0
2018-01-19,0.0000,0,0
2018-01-22,0.0000,0,0
2018-01-23,0.0000,0,0
2018-01-24,0.0000,0,0
2018-01-25,0.0000,0,0
2018-01-29,0.0000,0,0
2018-01-30,0.0000,0,0
2018-01-31,0.0000,0,0
2018-02-01,0.0000,0,0
2018-02-02,0.0000,0,0
2018-02-05,0.0000,0,0
2018-02-06,0.0000,0,0
2018-02-07,0.0000,0,0
2018-02-08,0.0000,0,0
2018-02-09,0.0000,0,0
2018-02-12,0.0000,0,0
2018-02-14,0.0000,0,0
2018-02-15,0.0000,0,0
2018-02-16,0.0000,0,0
2018-02-19,0.0000,0,0
2018-02-20,0.0000,0,0
2018-02-21,0.0000,0,0
2018-02-22,0.0000,0,0
2018-02-23,0.0000,0,0
2018-02-26,0.0000,0,0
2018-02-27,0.0000,0,0
2018-02-28,0.0000,0,0
2018-03-01,0.0000,0,0
2018-03-05,0.0000,0,0
2018-03-06,0.0000,0,0
2018-03-07,0.0000,0,0
2018-03-08,0.0000,0,0
2018-03-09,0.0000,0,0
2018-03-12,0.0000,0,0
2018-03-13,0.0000,0,0
2018-03-14,0.0000,0,0
2018-03-15,0.0000,0,0
2018-03-16,0.0000,0,0
2018-03-19,0.0000,0,0
2018-03-20,0.0000,0,0
2018-03-21,0.0000,0,0
2018-03-22,0.0000,0,0
2018-03-23,0.0000,0,0
2018-03-26,0.0000,0,0
2018-03-27,0.0000,0,0
2018-03-28,0.0000,0,0
2018-04-02,0.0000,0,0
2018-04-03,0.0000,0,0
2018-04-04,0.0000,0,0
2018-04-05,0.0000,0,0
2018-04-06,0.0000,0,0
2018-04-09,0.0000,0,0
2018-04-10,0.0000,0,0
2018-04-11,0.0000,0,0
2018-04-12,0.0000,0,0
2018-04-13,0.0000,0,0
2018-04-16,0.0000,0,0
2018-04-17,0.0000,0,0
2018-04-18,0.0000,0,0
2018-04-19,0.0000,0,0
2018-04-20,0.0000,0,0
2018-04-23,0.0000,0,0
2018-04-24,0.0000,0,0
2018-04-25,0.0000,0,0
2018-04-26,0.0000,0,0
2018-04-27,0.0000,0,0
2018-04-30,0.0000,0,0
2018-05-02,0.0000,0,0
2018-05-03,0.0000,0,0
2018-05-04,0.0000,0,0
2018-05-07,0.0000,0,0
2018-05-08,0.0000,0,0
2018-05-09,0.0000,0,0
2018-05-10,0.0000,0,0
2018-05-11,0.0000,0,0
2018-05-14,0.0000,0,0
2018-05-15,0.0000,0,0
2018-05-16,0.0000,0,0
2018-05-17,0.0000,0,0
2018-05-18,0.0000,0,0
2018-05-21,0.0000,0,0
2018-05-22,0.0000,0,0
2018-05-23,0.0000,0,0
2018-05-24,0.0000,0,0
2018-05-25,0.0000,0,0
2018-05-28,0.0000,0,0
2018-05-29,0.0000,0,0
2018-05-30,0.0000,0,0
2018-05-31,0.0000,0,0
2018-06-01,0.0000,0,0
2018-06-04,0.0000,0,0
2018-06-05,0.0000,0,0
2018-06-06,0.0000,0,0
2018-06-07,0.0000,0,0
2018-06-08,0.0000,0,0
2018-06-11,0.0000,0,0
2018-06-12,0.0000,0,0
2018-06-13,0.0000,0,0
2018-06-14,0.0000,0,0
2018-06-15,0.0000,0,0
2018-06-18,0.0000,0,0
2018-06-19,0.0000,0,0
2018-06-20,0.0000,0,0
2018-06-21,0.0000,0,0
2018-06-22,0.0000,0,0
2018-06-25,0.0000,0,0
2018-06-26,0.0000,0,0
2018-06-27,0.0000,0,0
2018-06-28,0.0000,0,0
2018-06-29,0.0000,0,0
2018-07-02,0.0000,0,0
2018-07-03,0.0000,0,0
2018-07-04,0.0000,0,0
2018-07-05,0.0000,0,0
2018-07-06,0.0000,0,0
2018-07-09,0.0000,0,0
2018-07-10,0.0000,0,0
2018-07-11,0.0000,0,0
2018-07-12,0.0000,0,0
2018-07-13,0.0000,0,0
2018-07-16,0.0000,0,0
2018-07-17,0.0000,0,0
2018-07-18,0.0000,0,0
2018-07-19,0.0000,0,0
2018-07-20,0.0000,0,0
2018-07-23,0.0000,0,0
2018-07-24,0.0000,0,0
2018-07-25,0.0000,0,0
2018-07-26,0.0000,0,0
2018-07-27,0.0000,0,0
2018-07-30,0.0000,0,0
2018-07-31,0.0000,0,0
2018-08-01,0.0000,0,0
2018-08-02,0.0000,0,0
2018-08-03,0.0000,0,0
2018-08-06,0.0000,0,0
2018-08-07,0.0000,0,0
2018-08-08,0.0000,0,0
2018-08-09,0.0000,0,0
2018-08-10,0.0000,0,0
2018-08-13,0.0000,0,0
2018-08-14,0.0000,0,0
2018-08-16,0.0000,0,0
2018-08-17,0.0000,0,0
2018-08-20,0.0000,0,0
2018-08-21,0.0000,0,0
2018-08-23,0.0000,0,0
2018-08-24,0.0000,0,0
2018-08-27,0.0000,0,0
2018-08-28,0.0000,0,0
2018-08-29,0.0000,0,0
2018-08-30,0.0000,0,0
2018-08-31,0.0000,0,0
2018-09-03,0.0000,0,0
2018-09-04,0.0000,0,0
2018-09-05,0.0000,0,0
2018-09-06,0.0000,0,0
2018-09-07,0.0000,0,0
2018-09-10,0.0000,0,0
2018-09-11,0.0000,0,0
2018-09-12,0.0000,0,0
2018-09-14,0.0000,0,0
2018-09-17,0.0000,0,0
2018-09-18,0.0000,0,0
2018-09-19,0.0000,0,0
2018-09-21,0.0000,0,0
2018-09-24,0.0000,0,0
2018-09-25,0.0000,0,0
2018-09-26,0.0000,0,0
2018-09-27,0.0000,0,0
2018-09-28,0.0000,0,0
2018-10-01,0.0000,0,0
2018-10-03,0.0000,0,0
2018-10-04,0.0000,0,0
2018-10-05,0.0000,0,0
2018-10-08,0.0000,0,0
2018-10-09,0.0000,0,0
2018-10-10,0.0000,0,0
2018-10-11,0.0000,0,0
2018-10-12,0.0000,0,0
2018-10-15,0.0000,0,0
2018-10-16,0.0000,0,0
2018-10-17,0.0000,0,0
2018-10-19,0.0000,0,0
2018-10-22,0.0000,0,0
2018-10-23,0.0000,0,0
2018-10-24,0.0000,0,0
2018-10-25,0.0000,0,0
2018-10-26,0.0000,0,0
2018-10-29,0.0000,0,0
2018-10-30,0.0000,0,0
2018-10-31,0.0000,0,0
2018-11-01,0.0000,0,0
2018-11-02,0.0000,0,0
2018-11-05,0.0000,0,0
2018-11-06,0.0000,0,0
2018-11-07,0.0000,0,0
2018-11-09,0.0000,0,0
2018-11-12,0.0000,0,0
2018-11-13,0.0000,0,0
2018-11-14,0.0000,0,0
2018-11-15,0.0000,0,0
2018-11-16,0.0000,0,0
2018-11-19,0.0000,0,0
2018-11-20,0.0000,0,0
2018-11-21,0.0000,0,0
2018-11-22,0.0000,0,0
2018-11-26,0.0000,0,0
2018-11-27,0.0000,0,0
2018-11-28,0.0000,0,0
2018-11-29,0.0000,0,0
2018-11-30,0.0000,0,0
2018-12-03,0.0000,0,0
2018-12-04,0.0000,0,0
2018-12-05,0.0000,0,0
2018-12-06,0.0000,0,0
2018-12-07,0.0000,0,0
2018-12-10,0.0000,0,0
2018-12-11,0.0000,0,0
2018-12-12,0.0000,0,0
2018-12-13,0.0000,0,0
2018-12-14,0.0000,0,0
2018-12-17,0.0000,0,0
2018-12-18,0.0000,0,0
2018-12-19,0.0000,0,0
2018-12-20,0.0000,0,0
2018-12-21,0.0000,0,0
2018-12-24,0.0000,0,0
2018-12-26,0.0000,0,0
2018-12-27,0.0000,0,0
2018-12-28,0.0000,0,0
2018-12-31,0.0000,0,0
2019-01-01,0.0000,0,0
2019-01-02,0.0000,0,0
2019-01-03,0.0000,0,0
2019-01-04,0.0000,0,0
2019-01-07,0.0000,0,0
2019-01-08,0.0000,0,0
2019-01-09,0.0000,0,0
2019-01-10,0.0000,0,0
2019-01-11,0.0000,0,0
2019-01-14,0.0000,0,0
2019-01-15,0.0000,0,0
2019-01-16,0.0000,0,0
2019-01-17,0.0000,0,0
2019-01-18,0.0000,0,0
2019-01-21,0.0000,0,0
2019-01-22,0.0000,0,0
2019-01-23,0.0000,0,0
2019-01-24,0.0000,0,0
2019-01-25,0.0000,0,0
2019-01-28,0.0000,0,0
2019-01-29,0.0000,0,0
2019-01-30,0.0000,0,0
2019-01-31,0.0000,0,0
2019-02-01,0.0000,0,0
2019-02-04,0.0000,0,0
2019-02-05,0.0000,0,0
2019-02-06,0.0000,0,0
2019-02-07,0.0000,0,0
2019-02-08,0.0000,0,0
2019-02-11,0.0000,0,0
2019-02-12,0.0000,0,0
2019-02-13,0.0000,0,0
2019-02-14,0.0000,0,0
2019-02-15,0.0000,0,0
2019-02-18,0.0000,0,0
2019-02-19,0.0000,0,0
2019-02-20,0.0000,0,0
2019-02-21,0.0000,0,0
2019-02-22,0.0000,0,0
2019-02-25,0.0000,0,0
2019-02-26,0.0000,0,0
2019-02-27,0.0000,0,0
2019-02-28,0.0000,0,0
2019-03-01,0.0000,0,0
2019-03-05,0.0000,0,0
2019-03-06,0.0000,0,0
2019-03-07,0.0000,0,0
2019-03-08,0.0000,0,0
2019-03-11,0.0000,0,0
2019-03-12,0.0000,0,0
2019-03-13,0.0000,0,0
2019-03-14,0.0000,0,0
2019-03-15,0.0000,0,0
2019-03-18,0.0000,0,0
2019-03-19,0.0000,0,0
2019-03-20,0.0000,0,0
2019-03-22,0.0000,0,0
2019-03-25,0.0000,0,0
2019-03-26,0.0000,0,0
2019-03-27,0.0000,0,0
2019-03-28,0.0000,0,0
2019-03-29,0.0000,0,0
2019-04-01,0.0000,0,0
2019-04-02,0.0000,0,0
2019-04-03,0.0000,0,0
2019-04-04,0.0000,0,0
2019-04-05,0.0000,0,0
2019-04-08,0.0000,0,0
2019-04-09,0.0000,0,0
2019-04-10,0.0000,0,0
2019-04-11,0.0000,0,0
2019-04-12,0.0000,0,0
2019-04-15,0.0000,0,0
2019-04-16,0.0000,0,0
2019-04-18,0.0000,0,0
2019-04-22,0.0000,0,0
2019-04-23,0.0000,0,0
2019-04-24,0.0000,0,0
2019-04-25,0.0000,0,0
2019-04-26,0.0000,0,0
2019-04-30,0.0000,0,0
2019-05-02,0.0000,0,0
2019-05-03,0.0000,0,0
2019-05-06,0.0000,0,0
2019-05-07,0.0000,0,0
2019-05-08,0.0000,0,0
2019-05-09,0.0000,0,0
2019-05-10,0.0000,0,0
2019-05-13,0.0000,0,0
2019-05-14,0.0000,0,0
2019-05-15,0.0000,0,0
2019-05-16,0.0000,0,0
2019-05-17,0.0000,0,0
2019-05-20,0.0000,0,0
2019-05-21,0.0000,0,0
2019-05-22,0.0000,0,0
2019-05-23,0.0000,0,0
2019-05-24,0.0000,0,0
2019-05-27,0.0000,0,0
2019-05-28,0.0000,0,0
2019-05-29,0.0000,0,0
2019-05-30,0.0000,0,0
2019-05-31,0.0000,0,0
2019-06-03,0.0000,0,0
2019-06-04,0.0000,0,0
2019-06-06,0.0000,0,0
2019-06-07,0.0000,0,0
2019-06-10,0.0000,0,0
2019-06-11,0.0000,0,0
2019-06-12,0.0000,0,0
2019-06-13,0.0000,0,0
2019-06-14,0.0000,0,0
2019-06-17,0.0000,0,0
2019-06-18,0.0000,0,0
2019-06-19,0.0000,0,0
2019-06-20,0.0000,0,0
2019-06-21,0.0000,0,0
2019-06-24,0.0000,0,0
2019-06-25,0.0000,0,0
2019-06-26,0.0000,0,0
2019-06-27,0.0000,0,0
2019-06-28,0.0000,0,0
2019-07-01,0.0000,0,0
2019-07-02,0.0000,0,0
2019-07-03,0.0000,0,0
2019-07-04,0.0000,0,0
2019-07-05,0.0000,0,0
2019-07-08,0.0000,0,0
2019-07-09,0.0000,0,0
2019-07-10,0.0000,0,0
2019-07-11,0.0000,0,0
2019-07-12,0.0000,0,0
2019-07-15,0.0000,0,0
2019-07-16,0.0000,0,0
2019-07-17,0.0000,0,0
2019-07-18,0.0000,0,0
2019-07-19,0.0000,0,0
2019-07-22,0.0000,0,0
2019-07-23,0.0000,0,0
2019-07-24,0.0000,0,0
2019-07-25,0.0000,0,0
2019-07-26,0.0000,0,0
2019-07-29,0.0000,0,0
2019-07-30,0.0000,0,0
2019-07-31,0.0000,0,0
2019-08-01,0.0000,0,0
2019-08-02,0.0000,0,0
2019-08-05,0.0000,0,0
2019-08-06,0.0000,0,0
2019-08-07,0.0000,0,0
2019-08-08,0.0000,0,0
2019-08-09,0.0000,0,0
2019-08-13,0.0000,0,0
2019-08-14,0.0000,0,0
2019-08-16,0.0000,0,0
2019-08-19,0.0000,0,0
2019-08-20,0.0000,0,0
2019-08-21,0.0000,0,0
2019-08-22,0.0000,0,0
2019-08-23,0.0000,0,0
2019-08-26,0.0000,0,0
2019-08-27,0.0000,0,0
2019-08-28,0.0000,0,0
2019-08-29,0.0000,0,0
2019-08-30,0.0000,0,0
2019-09-03,0.0000,0,0
2019-09-04,0.0000,0,0
2019-09-05,0.0000,0,0
2019-09-06,0.0000,0,0
2019-09-09,0.0000,0,0
2019-09-11,0.0000,0,0
2019-09-12,0.0000,0,0
2019-09-13,0.0000,0,0
2019-09-16,0.0000,0,0
2019-09-17,0.0000,0,0
2019-09-18,0.0000,0,0
2019-09-19,0.0000,0,0
2019-09-20,0.0000,0,0
2019-09-23,0.0000,0,0
2019-09-24,0.0000,0,0
2019-09-25,0.0000,0,0
2019-09-26,0.0000,0,0
2019-09-27,0.0000,0,0
2019-09-30,0.0000,0,0
2019-10-01,0.0000,0,0
2019-10-03,0.0000,0,0
2019-10-04,0.0000,0,0
2019-10-07,0.0000,0,0
2019-10-09,0.0000,0,0
2019-10-10,0.0000,0,0
2019-10-11,0.0000,0,0
2019-10-14,0.0000,0,0
2019-10-15,0.0000,0,0
2019-10-16,0.0000,0,0
2019-10-17,0.0000,0,0
2019-10-18,0.0000,0,0
2019-10-22,0.0000,0,0
2019-10-23,0.0000,0,0
2019-10-24,0.0000,0,0
2019-10-25,0.0000,0,0
2019-10-27,0.0000,0,0
2019-10-29,0.0000,0,0
2019-10-30,0.0000,0,0
2019-10-31,0.0000,0,0
2019-11-01,0.0000,0,0
2019-11-04,0.0000,0,0
2019-11-05,0.0000,0,0
2019-11-06,0.0000,0,0
2019-11-07,0.0000,0,0
2019-11-08,0.0000,0,0
2019-11-11,0.0000,0,0
2019-11-13,0.0000,0,0
2019-11-14,0.0000,0,0
2019-11-15,0.0000,0,0
2019-11-18,0.0000,0,0
2019-11-19,0.0000,0,0
2019-11-20,0.0000,0,0
2019-11-21,0.0000,0,0
2019-11-22,0.0000,0,0
2019-11-25,0.0000,0,0
2019-11-26,0.0000,0,0
2019-11-27,0.0000,0,0
2019-11-28,0.0000,0,0
2019-11-29,0.0000,0,0
2019-12-02,0.0000,0,0
2019-12-03,0.0000,0,0
2019-12-04,0.0000,0,0
2019-12-05,0.0000,0,0
2019-12-06,0.0000,0,0
2019-12-09,0.0000,0,0
2019-12-10,0.0000,0,0
2019-12-11,0.0000,0,0
2019-12-12,0.0000,0,0
2019-12-13,0.0000,0,0
2019-12-16,0.0000,0,0
2019-12-17,0.0000,0,0
2019-12-18,0.0000,0,0
2019-12-19,0.0000,0,0
2019-12-20,0.0000,0,0
2019-12-23,0.0000,0,0
2019-12-24,0.0000,0,0
2019-12-26,0.0000,0,0
2019-12-27,0.0000,0,0
2019-12-30,0.0000,0,0
2019-12-31,0.0000,0,0
2020-01-01,0.0000,0,0
2020-01-02,0.0000,0,0
2020-01-03,0.0000,0,0
2020-01-06,0.0000,0,0
2020-01-07,0.0000,0,0
2020-01-08,0.0000,0,0
2020-01-09,0.0000,0,0
2020-01-10,0.0000,0,0
2020-01-13,0.0000,0,0
2020-01-14,0.0000,0,0
2020-01-15,0.0000,0,0
2020-01-16,0.0000,0,0
2020-01-17,0.0000,0,0
2020-01-20,0.0000,0,0
2020-01-21,0.0000,0,0
2020-01-22,0.0000,0,0
2020-01-23,0.0000,0,0
2020-01-24,0.0000,0,0
2020-01-27,0.0000,0,0
2020-01-28,0.0000,0,0
2020-01-29,0.0000,0,0
2020-01-30,0.0000,0,0
2020-01-31,0.0000,0,0
2020-02-01,0.0000,0,0
2020-02-03,0.0000,0,0
2020-02-04,0.0000,0,0
2020-02-05,0.0000,0,0
2020-02-06,0.0000,0,0
2020-02-07,0.0000,0,0
2020-02-10,0.0000,0,0
2020-02-11,0.0000,0,0
2020-02-12,0.0000,0,0
2020-02-13,0.0000,0,0
2020-02-14,0.0000,0,0
2020-02-17,0.0000,0,0
2020-02-18,0.0000,0,0
2020-02-19,0.0000,0,0
2020-02-20,0.0000,0,0
2020-02-24,0.0000,0,0
2020-02-25,0.0000,0,0
2020-02-26,0.0000,0,0
2020-02-27,0.0000,0,0
2020-02-28,0.0000,0,0
2020-03-02,0.0000,0,0
2020-03-03,0.0000,0,0
2020-03-04,0.0000,0,0
2020-03-05,0.0000,0,0
2020-03-06,0.0000,0,0
2020-03-09,0.0000,0,0
2020-03-11,0.0000,0,0
2020-03-12,0.0000,0,0
2020-03-13,0.0000,0,0
2020-03-16,0.0000,0,0
2020-03-17,0.0000,0,0
2020-03-18,0.0000,0,0
2020-03-19,0.0000,0,0
2020-03-20,0.0000,0,0
2020-03-23,0.0000,0,0
2020-03-24,0.0000,0,0
2020-03-25,0.0000,0,0
2020-03-26,0.0000,0,0
2020-03-27,0.0000,0,0
2020-03-30,0.0000,0,0
2020-03-31,0.0000,0,0
2020-04-01,0.0000,0,0
2020-04-03,0.0000,0,0
2020-04-07,0.0000,0,0
2020-04-08,0.0000,0,0
2020-04-09,0.0000,0,0
2020-04-13,0.0000,0,0
2020-04-15,0.0000,0,0
2020-04-16,0.0000,0,0
2020-04-17,0.0000,0,0
2020-04-20,0.0000,0,0
2020-04-21,0.0000,0,0
2020-04-22,0.0000,0,0
2020-04-23,0.0000,0,0
2020-04-24,0.0000,0,0
2020-04-27,0.0000,0,0
2020-04-28,0.0000,0,0
2020-04-29,0.0000,0,0
2020-04-30,0.0000,0,0
2020-05-04,0.0000,0,0
2020-05-05,0.0000,0,0
2020-05-06,0.0000,0,0
2020-05-07,0.0000,0,0
2020-05-08,0.0000,0,0
2020-05-11,0.0000,0,0
2020-05-12,0.0000,0,0
2020-05-13,0.0000,0,0
2020-05-14,0.0000,0,0
2020-05-15,0.0000,0,0
2020-05-18,0.0000,0,0
2020-05-19,0.0000,0,0
2020-05-20,0.0000,0,0
2020-05-21,0.0000,0,0
2020-05-22,0.0000,0,0
2020-05-26,0.0000,0,0
2020-05-27,0.0000,0,0
2020-05-28,0.0000,0,0
2020-05-29,0.0000,0,0
2020-06-01,0.0000,0,0
2020-06-02,0.0000,0,0
2020-06-03,0.0000,0,0
2020-06-04,0.0000,0,0
2020-06-05,0.0000,0,0
2020-06-08,0.0000,0,0
2020-06-09,0.0000,0,0
2020-06-10,0.0000,0,0
2020-06-11,0.0000,0,0
2020-06-12,0.0000,0,0
2020-06-15,0.0000,0,0
2020-06-16,0.0000,0,0
2020-06-17,0.0000,0,0
2020-06-18,0.0000,0,0
2020-06-19,0.0000,0,0
2020-06-22,0.0000,0,0
2020-06-23,0.0000,0,0
2020-06-24,0.0000,0,0
2020-06-25,0.0000,0,0
2020-06-26,0.0000,0,0
2020-06-29,0.0000,0,0
2020-06-30,0.0000,0,0
2020-07-01,0.0000,0,0
2020-07-02,0.0000,0,0
2020-07-03,0.0000,0,0
2020-07-06,0.0000,0,0
2020-07-07,0.0000,0,0
2020-07-08,0.0000,0,0
2020-07-09,0.0000,0,0
2020-07-10,0.0000,0,0
2020-07-13,0.0000,0,0
2020-07-14,0.0000,0,0
2020-07-15,0.0000,0,0
2020-07-16,0.0000,0,0
2020-07-17,0.0000,0,0
2020-07-20,0.0000,0,0
2020-07-21,0.0000,0,0
2020-07-22,0.0000,0,0
2020-07-23,0.0000,0,0
2020-07-24,0.0000,0,0
2020-07-27,0.0000,0,0
2020-07-28,0.0000,0,0
2020-07-29,0.0000,0,0
2020-07-30,0.0000,0,0
2020-07-31,0.0000,0,0
2020-08-03,0.0000,0,0
2020-08-04,0.0000,0,0
2020-08-05,0.0000,0,0
2020-08-06,0.0000,0,0
2020-08-07,0.0000,0,0
2020-08-10,0.0000,0,0
2020-08-11,0.0000,0,0
2020-08-12,0.0000,0,0
2020-08-13,0.0000,0,0
2020-08-14,0.0000,0,0
2020-08-17,0.0000,0,0
2020-08-18,0.0000,0,0
2020-08-19,0.0000,0,0
2020-08-20,0.0000,0,0
2020-08-21,0.0000,0,0
2020-08-24,0.0000,0,0
2020-08-25,0.0000,0,0
2020-08-26,0.0000,0,0
2020-08-27,0.0000,0,0
2020-08-28,0.0000,0,0
2020-08-31,0.0000,0,0
2020-09-01,0.0000,0,0
2020-09-02,0.0000,0,0
2020-09-03,0.0000,0,0
2020-09-04,0.0000,0,0
2020-09-07,0.0000,0,0
2020-09-08,0.0000,0,0
2020-09-09,0.0000,0,0
2020-09-10,0.0000,0,0
2020-09-11,0.0000,0,0
2020-09-14,0.0000,0,0
2020-09-15,0.0000,0,0
2020-09-16,0.0000,0,0
2020-09-17,0.0000,0,0
2020-09-18,0.0000,0,0
2020-09-21,0.0000,0,0
2020-09-22,0.0000,0,0
2020-09-23,0.0000,0,0
2020-09-24,0.0000,0,0
2020-09-25,0.0000,0,0
2020-09-28,0.0000,0,0
2020-09-29,0.0000,0,0
2020-09-30,0.0000,0,0
2020-10-01,0.0000,0,0
2020-10-05,0.0000,0,0
2020-10-06,0.0000,0,0
2020-10-07,0.0000,0,0
2020-10-08,0.0000,0,0
2020-10-09,0.0000,0,0
2020-10-12,0.0000,0,0
2020-10-13,0.0000,0,0
2020-10-14,0.0000,0,0
2020-10-15,0.0000,0,0
2020-10-16,0.0000,0,0
2020-10-19,0.0000,0,0
2020-10-20,0.0000,0,0
2020-10-21,0.0000,0,0
2020-10-22,0.0000,0,0
2020-10-23,0.0000,0,0
2020-10-26,0.0000,0,0
2020-10-27,0.0000,0,0
2020-10-28,0.0000,0,0
2020-10-29,0.0000,0,0
2020-10-30,0.0000,0,0
2020-11-02,0.0000,0,0
2020-11-03,0.0000,0,0
2020-11-04,0.0000,0,0
2020-11-05,0.0000,0,0
2020-11-06,0.0000,0,0
2020-11-09,0.0000,0,0
2020-11-10,0.0000,0,0
2020-11-11,0.0000,0,0
2020-11-12,0.0000,0,0
2020-11-13,0.0000,0,0
2020-11-14,0.0000,0,0
2020-11-17,0.0000,0,0
2020-11-18,0.0000,0,0
2020-11-19,0.0000,0,0
2020-11-20,0.0000,0,0
2020-11-23,0.0000,0,0
2020-11-24,0.0000,0,0
2020-11-25,0.0000,0,0
2020-11-26,0.0000,0,0
2020-11-27,0.0000,0,0
2020-12-01,0.0000,0,0
2020-12-02,0.0000,0,0
2020-12-03,0.0000,0,0
2020-12-04,0.0000,0,0
2020-12-07,0.0000,0,0
2020-12-08,0.0000,0,0
2020-12-09,0.0000,0,0
2020-12-10,0.0000,0,0
2020-12-11,0.0000,0,0
2020-12-14,0.0000,0,0
2020-12-15,0.0000,0,0
2020-12-16,0.0000,0,0
2020-12-17,0.0000,0,0
2020-12-18,0.0000,0,0
2020-12-21,0.0000,0,0
2020-12-22,0.0000,0,0
2020-12-23,0.0000,0,0
2020-12-24,0.0000,0,0
2020-12-28,0.0000,0,0
2020-12-29,0.0000,0,0
2020-12-30,0.0000,0,0
2020-12-31,0.0000,0,0
2021-01-01,0.0000,0,0
2021-01-04,0.0000,0,0
2021-01-05,0.0000,0,0
2021-01-06,0.0000,0,0
2021-01-07,0.0000,0,0
2021-01-08,0.0000,0,0
2021-01-11,0.0000,0,0
2021-01-12,0.0000,0,0
2021-01-13,0.0000,0,0
2021-01-14,0.0000,0,0
2021-01-15,0.0000,0,0
2021-01-18,0.0000,0,0
2021-01-19,0.0000,0,0
2021-01-20,0.0000,0,0
2021-01-21,0.0000,0,0
2021-01-22,0.0000,0,0
2021-01-25,0.0000,0,0
2021-01-27,0.0000,0,0
2021-01-28,0.0000,0,0
2021-01-29,0.0000,0,0
2021-02-01,0.0000,0,0
2021-02-02,0.0000,0,0
2021-02-03,0.0000,0,0
2021-02-04,0.0000,0,0
2021-02-05,0.0000,0,0
2021-02-08,0.0000,0,0
2021-02-09,0.0000,0,0
2021-02-10,0.0000,0,0
2021-02-11,0.0000,0,0
2021-02-12,0.0000,0,0
2021-02-15,0.0000,0,0
2021-02-16,0.0000,0,0
2021-02-17,0.0000,0,0
2021-02-18,0.0000,0,0
2021-02-19,0.0000,0,0
2021-02-22,0.0000,0,0
2021-02-23,0.0000,0,0
2021-02-24,0.0000,0,0
2021-02-25,0.0000,0,0
2021-02-26,0.0000,0,0
2021-03-01,0.0000,0,0
2021-03-02,0.0000,0,0
2021-03-03,0.0000,0,0
2021-03-04,0.0000,0,0
2021-03-05,0.0000,0,0
2021-03-08,0.0000,0,0
2021-03-09,0.0000,0,0
2021-03-10,0.0000,0,0
2021-03-12,0.0000,0,0
2021-03-15,0.0000,0,0
2021-03-16,0.0000,0,0
2021-03-17,0.0000,0,0
2021-03-18,0.0000,0,0
2021-03-19,0.0000,0,0
2021-03-22,0.0000,0,0
2021-03-23,0.0000,0,0
2021-03-24,0.0000,0,0
2021-03-25,0.0000,0,0
2021-03-26,0.0000,0,0
2021-03-30,0.0000,0,0
2021-03-31,0.0000,0,0
2021-04-01,0.0000,0,0
2021-04-05,0.0000,0,0
2021-04-06,0.0000,0,0
2021-04-07,0.0000,0,0
2021-04-08,0.0000,0,0
2021-04-09,0.0000,0,0
2021-04-12,0.0000,0,0
2021-04-13,0.0000,0,0
2021-04-15,0.0000,0,0
2021-04-16,0.0000,0,0
2021-04-19,1.5864,1,1
2021-04-20,-0.1316,1,0
2021-04-22,4.4496,2,1
2021-04-23,2.6554,2,0
2021-04-26,5.5705,2,0
2021-04-27,-4.9297,2,0
2021-04-28,-3.2719,2,0
2021-04-29,0.4570,2,0
2021-04-30,3.7919,2,0
2021-05-03,5.0161,2,0
2021-05-04,1.1824,2,0
2021-05-05,1.3593,2,0
2021-05-06,4.2647,2,0
2021-05-07,-1.3279,2,0
2021-05-10,-0.5009,2,0
2021-05-11,3.0645,2,0
2021-05-12,-3.6432,2,0
2021-05-14,-0.8456,2,0
2021-05-17,-5.0094,3,1
2021-05-18,-2.3793,3,0
2021-05-19,3.1484,2,0
2021-05-20,-0.7237,2,0
2021-05-21,-6.5000,2,1
2021-05-24,0.3549,2,0
2021-05-25,3.1285,3,1
2021-05-26,-0.9170,3,0
2021-05-27,1.5578,3,0
2021-05-28,-2.7952,3,0
2021-05-31,0.9716,3,0
2021-06-01,0.7427,3,0
2021-06-02,3.8245,3,0
2021-06-03,-0.3230,5,2
2021-06-04,1.9483,5,0
2021-06-07,-4.2056,6,1
2021-06-08,0.7105,6,0
2021-06-09,-2.2258,6,0
2021-06-10,-5.7699,6,0
2021-06-11,-6.2911,6,0
2021-06-14,-0.1726,5,0
2021-06-15,-0.3681,5,0
2021-06-16,1.3356,5,0
2021-06-17,-6.3873,5,0
2021-06-18,-0.9243,4,0
2021-06-21,-1.1513,4,0
2021-06-22,5.5396,3,0
2021-06-23,-1.5302,3,0
2021-06-24,-2.9514,3,0
2021-06-25,0.9128,3,0
2021-06-28,0.3929,3,0
2021-06-29,1.3494,3,0
2021-06-30,5.3194,3,0
2021-07-01,1.1939,1,0
2021-07-02,0.5243,1,0
2021-07-05,-0.9900,0,0
2021-07-06,0.0000,0,0
2021-07-07,0.0000,0,0
2021-07-08,0.0000,0,0
2021-07-09,0.0000,0,0
2021-07-12,0.0000,0,0
2021-07-13,0.0000,0,0
2021-07-14,0.0000,0,0
2021-07-15,0.0000,0,0
2021-07-16,0.0000,0,0
2021-07-19,0.0000,0,0
2021-07-20,0.0000,0,0
2021-07-22,-1.4485,1,1
2021-07-23,-0.9382,1,0
2021-07-26,2.5584,2,1
2021-07-27,0.2444,2,0
2021-07-28,-0.6694,2,0
2021-07-29,2.1734,2,0
2021-07-30,-3.8316,2,0
2021-08-02,-1.6162,4,2
2021-08-03,1.9001,4,0
2021-08-04,-6.5964,4,0
2021-08-05,0.8593,4,0
2021-08-06,3.1302,4,0
2021-08-09,2.9670,4,0
2021-08-10,2.7405,4,0
2021-08-11,-3.3294,4,0
2021-08-12,7.1927,5,1
2021-08-13,-3.0646,5,0
2021-08-16,-3.7690,5,0
2021-08-17,21.6457,6,1
2021-08-18,-3.0346,6,0
2021-08-20,2.7614,5,0
2021-08-23,-2.0906,5,0
2021-08-24,2.5187,4,0
2021-08-25,-2.6320,4,0
2021-08-26,-2.9073,4,0
2021-08-27,1.4047,4,0
2021-08-30,-4.3054,4,0
2021-08-31,3.4642,2,0
2021-09-01,2.8866,2,0
2021-09-02,-1.8342,2,0
2021-09-03,-2.5778,2,0
2021-09-06,-2.6715,2,0
2021-09-07,-3.5391,2,0
2021-09-08,-1.4546,2,0
2021-09-09,-1.3775,2,0
2021-09-13,-0.3882,1,0
2021-09-14,-0.4577,1,0
2021-09-15,0.5289,1,0
2021-09-16,1.2263,0,0
2021-09-17,0.0000,0,0
2021-09-20,0.0000,0,0
2021-09-21,0.0000,0,0
2021-09-22,0.0000,0,0
2021-09-23,0.0000,0,0
2021-09-24,0.0000,0,0
2021-09-27,0.0000,0,0
2021-09-28,0.0000,0,0
2021-09-29,0.0000,0,0
2021-09-30,0.0000,0,0
2021-10-01,0.0000,0,0
2021-10-04,0.0000,0,0
2021-10-05,0.0000,0,0
2021-10-06,0.0000,0,0
2021-10-07,0.0000,0,0
2021-10-08,0.0000,0,0
2021-10-11,0.0000,0,0
2021-10-12,0.0000,0,0
2021-10-13,0.0000,0,0
2021-10-14,0.0000,0,0
2021-10-18,-1.3119,1,1
2021-10-19,0.5655,1,0
2021-10-20,2.2481,2,1
2021-10-21,-4.0422,2,0
2021-10-22,-2.8622,2,0
2021-10-25,-8.7875,4,2
2021-10-26,1.4398,5,1
2021-10-27,3.3072,5,0
2021-10-28,5.5439,5,0
2021-10-29,3.7992,6,1
2021-11-01,-0.6113,8,2
2021-11-02,7.1441,8,0
2021-11-03,-3.6301,8,0
2021-11-04,-0.5509,8,0
2021-11-08,-10.6480,8,0
2021-11-09,9.9272,8,0
2021-11-10,-2.8795,8,0
2021-11-11,6.4904,8,0
2021-11-12,-1.2540,9,1
2021-11-15,1.0598,9,0
2021-11-16,-0.9471,10,2
2021-11-17,15.8626,10,0
2021-11-18,-16.3200,9,0
2021-11-22,-6.9942,9,0
2021-11-23,1.1108,9,0
2021-11-24,-4.4727,7,0
2021-11-25,-4.0329,6,0
2021-11-26,-9.1503,6,0
2021-11-29,-4.2869,6,0
2021-11-30,2.4783,5,0
2021-12-01,-5.4893,3,0
2021-12-02,-3.4133,3,0
2021-12-03,-0.4006,3,0
2021-12-06,0.9183,3,0
2021-12-07,-1.5230,3,0
2021-12-08,-1.3310,3,0
2021-12-09,-0.6813,3,0
2021-12-10,3.1624,3,0
2021-12-13,2.9268,2,0
2021-12-14,-0.8553,2,0
2021-12-15,0.6551,0,0
2021-12-16,0.0000,0,0
2021-12-17,0.0000,0,0
2021-12-20,0.0000,0,0
2021-12-21,0.0000,0,0
2021-12-22,0.0000,0,0
2021-12-23,0.0000,0,0
2021-12-24,0.0000,0,0
2021-12-27,0.0000,0,0
2021-12-28,0.0000,0,0
2021-12-29,0.0000,0,0
2021-12-30,0.0000,0,0
2021-12-31,0.0000,0,0
2022-01-03,0.0000,0,0
2022-01-04,0.0000,0,0
2022-01-05,0.0000,0,0
2022-01-06,0.0000,0,0
2022-01-07,0.0000,0,0
2022-01-10,0.0000,0,0
2022-01-11,0.0000,0,0
2022-01-12,0.0000,0,0
2022-01-13,0.0000,0,0
2022-01-14,0.0000,0,0
2022-01-17,0.0000,0,0
2022-01-18,0.0000,0,0
2022-01-19,0.0000,0,0
2022-01-20,0.0000,0,0
2022-01-21,0.0000,0,0
2022-01-24,0.0000,0,0
2022-01-25,4.5030,1,1
2022-01-27,5.4414,3,2
2022-01-28,-5.9665,3,0
2022-01-31,-2.9892,3,0
2022-02-01,-2.2073,3,0
2022-02-02,-0.6762,3,0
2022-02-03,5.3766,3,0
2022-02-04,-1.4497,3,0
2022-02-07,4.1189,3,0
2022-02-08,4.1478,4,1
2022-02-09,-1.9005,4,0
2022-02-10,-4.2361,4,0
2022-02-11,1.6210,4,0
2022-02-14,-4.8453,4,0
2022-02-15,2.9284,4,0
2022-02-16,-3.5997,4,0
2022-02-17,-3.3406,4,0
2022-02-18,0.3131,4,0
2022-02-21,-0.8298,4,0
2022-02-22,0.3565,4,0
2022-02-23,6.2613,3,0
2022-02-24,-4.3341,1,0
2022-02-25,3.1510,1,0
2022-02-28,-1.0034,1,0
2022-03-02,-1.9386,1,0
2022-03-03,0.1858,1,0
2022-03-04,-0.3358,1,0
2022-03-07,-4.5864,1,0
2022-03-08,3.2092,1,0
2022-03-09,-0.8427,0,0
2022-03-10,0.0000,0,0
2022-03-11,0.0000,0,0
2022-03-14,0.0000,0,0
2022-03-15,0.0000,0,0
2022-03-16,0.0000,0,0
2022-03-17,0.0000,0,0
2022-03-21,0.0000,0,0
2022-03-22,0.0000,0,0
2022-03-23,0.0000,0,0
2022-03-24,0.0000,0,0
2022-03-25,0.0000,0,0
2022-03-28,0.0000,0,0
2022-03-29,0.0000,0,0
2022-03-30,0.0000,0,0
2022-03-31,0.0000,0,0
2022-04-01,0.0000,0,0
2022-04-04,0.0000,0,0
2022-04-05,0.0000,0,0
2022-04-06,0.0000,0,0
2022-04-07,0.0000,0,0
2022-04-08,0.0000,0,0
2022-04-11,0.0000,0,0
2022-04-12,0.0000,0,0
2022-04-13,0.0000,0,0
2022-04-18,0.0000,0,0
2022-04-19,0.0000,0,0
2022-04-20,0.0000,0,0
2022-04-21,0.0000,0,0
2022-04-22,0.0000,0,0
2022-04-25,0.0000,0,0
2022-04-26,0.0000,0,0
2022-04-27,0.0000,0,0
2022-04-28,0.0000,0,0
2022-04-29,0.0000,0,0
2022-05-02,2.4037,1,1
2022-05-04,-6.8265,2,1
2022-05-05,-6.0721,3,1
2022-05-06,5.4879,3,0
2022-05-09,-4.4583,3,0
2022-05-10,3.2662,3,0
2022-05-11,-0.4824,3,0
2022-05-12,-4.7644,3,0
2022-05-13,2.2394,3,0
2022-05-16,2.8783,3,0
2022-05-17,-1.6350,3,0
2022-05-18,0.0869,3,0
2022-05-19,0.5839,3,0
2022-05-20,-0.1932,3,0
2022-05-23,5.9815,3,0
2022-05-24,-0.0846,3,0
2022-05-25,1.7727,3,0
2022-05-26,1.6397,3,0
2022-05-27,-0.9654,3,0
2022-05-30,-1.3901,3,0
2022-05-31,3.1475,2,0
2022-06-01,-2.4956,1,0
2022-06-02,-0.0193,0,0
2022-06-03,0.0000,0,0
2022-06-06,0.0000,0,0
2022-06-07,0.0000,0,0
2022-06-08,0.0000,0,0
2022-06-09,0.0000,0,0
2022-06-10,0.0000,0,0
2022-06-13,0.0000,0,0
2022-06-14,0.0000,0,0
2022-06-15,0.0000,0,0
2022-06-16,0.0000,0,0
2022-06-17,0.0000,0,0
2022-06-20,0.0000,0,0
2022-06-21,0.0000,0,0
2022-06-22,0.0000,0,0
2022-06-23,0.0000,0,0
2022-06-24,0.0000,0,0
2022-06-27,0.0000,0,0
2022-06-28,0.0000,0,0
2022-06-29,0.0000,0,0
2022-06-30,0.0000,0,0
2022-07-01,0.0000,0,0
2022-07-04,0.0000,0,0
2022-07-05,0.0000,0,0
2022-07-06,0.0000,0,0
2022-07-07,0.0000,0,0
2022-07-08,0.0000,0,0
2022-07-11,0.0000,0,0
2022-07-12,0.0000,0,0
2022-07-13,0.0000,0,0
2022-07-14,0.0000,0,0
2022-07-15,0.0000,0,0
2022-07-18,0.0000,0,0
2022-07-19,0.0000,0,0
2022-07-20,0.0000,0,0
2022-07-21,0.0000,0,0
2022-07-22,-1.2993,1,1
2022-07-25,3.1672,2,1
2022-07-26,1.9828,2,0
2022-07-27,2.1571,2,0
2022-07-28,-0.4749,2,0
2022-07-29,0.8358,3,1
2022-08-01,-4.3128,5,2
2022-08-02,4.2640,6,1
2022-08-03,-5.9569,6,0
2022-08-04,0.4266,6,0
2022-08-05,1.2993,7,1
2022-08-08,-1.6065,8,1
2022-08-10,1.2056,8,0
2022-08-11,-2.2171,9,1
2022-08-12,1.1069,9,0
2022-08-16,-6.9453,9,0
2022-08-17,5.7729,9,0
2022-08-18,0.9992,9,0
2022-08-19,-8.8524,9,0
2022-08-22,-5.3868,9,0
2022-08-23,12.9644,8,0
2022-08-24,3.5544,7,0
2022-08-25,5.1647,7,0
2022-08-26,-1.3481,7,0
2022-08-29,4.8206,7,0
2022-08-30,-1.1993,6,0
2022-09-01,-5.1220,4,0
2022-09-02,-4.2352,3,0
2022-09-05,2.2661,3,0
2022-09-06,1.3280,3,0
2022-09-07,3.3112,2,0
2022-09-08,-5.2133,1,0
2022-09-09,1.0253,1,0
2022-09-12,0.4219,0,0
2022-09-13,0.0000,0,0
2022-09-14,0.0000,0,0
2022-09-15,0.0000,0,0
2022-09-16,0.0000,0,0
2022-09-19,0.0000,0,0
2022-09-20,0.0000,0,0
2022-09-21,0.0000,0,0
2022-09-22,0.0000,0,0
2022-09-23,0.0000,0,0
2022-09-26,0.0000,0,0
2022-09-27,0.0000,0,0
2022-09-28,0.0000,0,0
2022-09-29,0.0000,0,0
2022-09-30,0.0000,0,0
2022-10-03,0.0000,0,0
2022-10-04,0.0000,0,0
2022-10-06,0.0000,0,0
2022-10-07,0.0000,0,0
2022-10-10,0.0000,0,0
2022-10-11,0.0000,0,0
2022-10-12,0.0000,0,0
2022-10-13,0.0000,0,0
2022-10-14,0.0000,0,0
2022-10-17,0.0000,0,0
2022-10-18,0.0000,0,0
2022-10-19,0.0000,0,0
2022-10-20,0.0000,0,0
2022-10-21,0.0000,0,0
2022-10-24,-0.8335,1,1
2022-10-25,-0.3010,1,0
2022-10-27,0.8884,1,0
2022-10-28,-1.6020,1,0
2022-10-31,-2.9367,2,1
2022-11-01,-5.9903,2,0
2022-11-02,-2.5270,2,0
2022-11-03,0.4934,2,0
2022-11-04,-0.3806,2,0
2022-11-07,3.3504,3,1
2022-11-09,5.7361,4,1
2022-11-10,-8.1013,6,2
2022-11-11,-11.3635,7,1
2022-11-14,4.2856,7,0
2022-11-15,-1.4250,9,2
2022-11-16,-9.8097,9,0
2022-11-17,3.2100,9,0
2022-11-18,-13.0431,9,0
2022-11-21,7.1147,9,0
2022-11-22,3.0232,9,0
2022-11-23,0.6033,8,0
2022-11-24,-8.2786,8,0
2022-11-25,1.3500,8,0
2022-11-28,2.3825,8,0
2022-11-29,-2.5611,7,0
2022-11-30,0.7745,7,0
2022-12-01,3.2644,7,0
2022-12-02,8.9371,7,0
2022-12-05,3.7563,7,0
2022-12-06,2.3351,6,0
2022-12-07,-0.2412,5,0
2022-12-08,0.6250,3,0
2022-12-09,-0.2159,2,0
2022-12-12,-1.8275,2,0
2022-12-13,0.8266,0,0
2022-12-14,0.0000,0,0
2022-12-15,0.0000,0,0
2022-12-16,0.0000,0,0
2022-12-19,0.0000,0,0
2022-12-20,0.0000,0,0
2022-12-21,0.0000,0,0
2022-12-22,0.0000,0,0
2022-12-23,0.0000,0,0
2022-12-26,0.0000,0,0
2022-12-27,0.0000,0,0
2022-12-28,0.0000,0,0
2022-12-29,0.0000,0,0
2022-12-30,0.0000,0,0
2023-01-02,0.0000,0,0
2023-01-03,0.0000,0,0
2023-01-04,0.0000,0,0
2023-01-05,0.0000,0,0
2023-01-06,0.0000,0,0
2023-01-09,0.0000,0,0
2023-01-10,0.0000,0,0
2023-01-11,0.0000,0,0
2023-01-12,0.0000,0,0
2023-01-13,0.0000,0,0
2023-01-16,0.0000,0,0
2023-01-17,0.0000,0,0
2023-01-18,0.0000,0,0
2023-01-19,0.0000,0,0
2023-01-20,2.3518,1,1
2023-01-23,5.8608,1,0
2023-01-24,-0.1131,1,0
2023-01-25,1.3840,1,0
2023-01-27,1.1853,1,0
2023-01-30,-1.1034,3,2
2023-01-31,3.2795,3,0
2023-02-01,-3.3777,4,1
2023-02-02,0.8165,6,2
2023-02-03,-4.9323,7,1
2023-02-06,-0.1339,7,0
2023-02-07,3.3334,7,0
2023-02-08,2.1914,7,0
2023-02-09,-3.1517,7,0
2023-02-10,0.8462,8,1
2023-02-13,-4.3772,8,0
2023-02-14,-4.6960,8,0
2023-02-15,2.3596,8,0
2023-02-16,7.5795,9,1
2023-02-17,-2.7119,9,0
2023-02-20,4.1113,8,0
2023-02-21,-4.1183,8,0
2023-02-22,3.7305,8,0
2023-02-23,2.4820,8,0
2023-02-24,-1.1834,8,0
2023-02-27,-5.0163,6,0
2023-02-28,4.3966,6,0
2023-03-01,1.2305,5,0
2023-03-02,1.4032,3,0
2023-03-03,-3.9571,2,0
2023-03-06,0.8546,2,0
2023-03-08,1.0334,2,0
2023-03-09,3.7869,2,0
2023-03-10,-0.5334,2,0
2023-03-13,2.5298,1,0
2023-03-14,-0.3932,1,0
2023-03-15,1.0407,1,0
2023-03-16,-0.2905,1,0
2023-03-17,-0.1739,0,0
2023-03-20,0.0000,0,0
2023-03-21,0.0000,0,0
2023-03-22,0.0000,0,0
2023-03-23,0.0000,0,0
2023-03-24,0.0000,0,0
2023-03-27,0.0000,0,0
2023-03-28,0.0000,0,0
2023-03-29,0.0000,0,0
2023-03-31,0.0000,0,0
2023-04-03,0.0000,0,0
2023-04-05,0.0000,0,0
2023-04-06,0.0000,0,0
2023-04-10,0.0000,0,0
2023-04-11,0.0000,0,0
2023-04-12,0.0000,0,0
2023-04-13,0.0000,0,0
2023-04-17,0.0000,0,0
2023-04-18,0.0000,0,0
2023-04-19,0.0000,0,0
2023-04-20,0.0000,0,0
2023-04-21,0.0000,0,0
2023-04-24,0.0000,0,0
2023-04-25,0.0000,0,0
2023-04-26,0.0000,0,0
2023-04-27,0.0000,0,0
2023-04-28,0.0000,0,0
2023-05-02,0.0000,0,0
2023-05-03,0.0000,0,0
2023-05-04,0.0000,0,0
2023-05-05,6.4411,2,2
2023-05-08,0.7238,3,1
2023-05-09,-0.6575,4,1
2023-05-10,0.0416,4,0
2023-05-11,4.2252,4,0
2023-05-12,2.1090,4,0
2023-05-15,-6.2229,6,2
2023-05-16,8.2777,7,1
2023-05-17,4.1721,8,1
2023-05-18,-1.4910,8,0
2023-05-19,-3.0126,8,0
2023-05-22,-1.2250,8,0
2023-05-23,1.2812,9,1
2023-05-24,1.7734,9,0
2023-05-25,9.6175,10,1
2023-05-26,-1.1542,10,0
2023-05-29,2.6229,11,1
2023-05-30,-11.4261,12,1
2023-05-31,17.0958,12,0
2023-06-01,2.4925,13,1
2023-06-02,11.1230,11,0
2023-06-05,-3.0553,10,0
2023-06-06,-2.9960,9,0
2023-06-07,-1.6969,9,0
2023-06-08,3.4235,9,0
2023-06-09,6.9010,9,0
2023-06-12,5.2786,7,0
2023-06-13,7.6720,6,0
2023-06-14,-3.5791,5,0
2023-06-15,9.3670,5,0
2023-06-16,2.4595,5,0
2023-06-19,7.4237,5,0
2023-06-20,-2.9836,4,0
2023-06-21,-0.1893,4,0
2023-06-22,-5.3382,3,0
2023-06-23,-1.9471,3,0
2023-06-26,1.0934,2,0
2023-06-27,-0.2289,1,0
2023-06-28,3.2308,1,0
2023-06-30,-3.9703,0,0
2023-07-03,0.0000,0,0
2023-07-04,0.0000,0,0
2023-07-05,0.0000,0,0
2023-07-06,0.0000,0,0
2023-07-07,0.0000,0,0
2023-07-10,0.0000,0,0
2023-07-11,0.0000,0,0
2023-07-12,0.0000,0,0
2023-07-13,0.0000,0,0
2023-07-14,0.0000,0,0
2023-07-17,0.0000,0,0
2023-07-18,0.0000,0,0
2023-07-19,2.5831,1,1
2023-07-20,9.0168,1,0
2023-07-21,-1.9348,1,0
2023-07-24,-6.6194,4,3
2023-07-25,0.2621,4,0
2023-07-26,-3.9090,4,0
2023-07-27,5.8596,4,0
2023-07-28,4.1856,6,2
2023-07-31,6.3592,6,0
2023-08-01,-5.7687,6,0
2023-08-02,-4.4193,6,0
2023-08-03,8.2501,6,0
2023-08-04,-1.8430,6,0
2023-08-07,9.6990,7,1
2023-08-08,4.4959,7,0
2023-08-09,0.7275,7,0
2023-08-10,-5.4821,8,1
2023-08-11,9.5320,8,0
2023-08-14,-0.6457,8,0
2023-08-16,2.0910,9,1
2023-08-17,11.8966,8,0
2023-08-18,-4.8085,8,0
2023-08-21,5.9787,8,0
2023-08-22,7.5855,5,0
2023-08-23,4.2133,5,0
2023-08-24,3.8169,5,0
2023-08-25,-3.5113,5,0
2023-08-28,4.7737,3,0
2023-08-29,2.7285,3,0
2023-08-30,-1.2946,3,0
2023-08-31,2.9081,3,0
2023-09-01,6.6501,3,0
2023-09-04,8.9494,3,0
2023-09-05,5.6085,2,0
2023-09-06,-1.2176,2,0
2023-09-07,0.2362,2,0
2023-09-08,-1.6219,1,0
2023-09-11,0.8577,1,0
2023-09-12,-6.7206,1,0
2023-09-13,4.2535,0,0
2023-09-14,0.0000,0,0
2023-09-15,0.0000,0,0
2023-09-18,0.0000,0,0
2023-09-20,0.0000,0,0
2023-09-21,0.0000,0,0
2023-09-22,0.0000,0,0
2023-09-25,0.0000,0,0
2023-09-26,0.0000,0,0
2023-09-27,0.0000,0,0
2023-09-28,0.0000,0,0
2023-09-29,0.0000,0,0
2023-10-03,0.0000,0,0
2023-10-04,0.0000,0,0
2023-10-05,0.0000,0,0
2023-10-06,0.0000,0,0
2023-10-09,0.0000,0,0
2023-10-10,0.0000,0,0
2023-10-11,0.0000,0,0
2023-10-12,0.0000,0,0
2023-10-13,0.0000,0,0
2023-10-16,0.0000,0,0
2023-10-17,0.0000,0,0
2023-10-18,0.0000,0,0
2023-10-19,0.0000,0,0
2023-10-20,0.5685,1,1
2023-10-23,-0.2044,1,0
2023-10-25,-0.2494,1,0
2023-10-26,-0.2582,1,0
2023-10-27,1.1232,1,0
2023-10-30,-1.6655,1,0
2023-10-31,0.4082,1,0
2023-11-01,1.0188,1,0
2023-11-02,-1.2135,1,0
2023-11-03,0.4294,1,0
2023-11-06,-0.2316,1,0
2023-11-07,0.2488,1,0
2023-11-08,9.5542,4,3
2023-11-09,3.4478,4,0
2023-11-10,3.7217,5,1
2023-11-12,2.5175,5,0
2023-11-13,8.7867,5,0
2023-11-15,1.6652,5,0
2023-11-16,0.3276,5,0
2023-11-17,4.3072,5,0
2023-11-20,3.5320,4,0
2023-11-21,-2.2949,4,0
2023-11-22,1.3522,4,0
2023-11-23,8.8925,4,0
2023-11-24,-3.5635,4,0
2023-11-28,8.8623,4,0
2023-11-29,-1.1230,4,0
2023-11-30,11.8285,4,0
2023-12-01,6.4962,4,0
2023-12-04,4.2146,4,0
2023-12-05,3.6368,4,0
2023-12-06,1.2959,4,0
2023-12-07,2.4651,1,0
2023-12-08,2.3613,1,0
2023-12-11,1.4981,0,0
2023-12-12,0.0000,0,0
2023-12-13,0.0000,0,0
2023-12-14,0.0000,0,0
2023-12-15,0.0000,0,0
2023-12-18,0.0000,0,0
2023-12-19,0.0000,0,0
2023-12-20,0.0000,0,0
2023-12-21,0.0000,0,0
2023-12-22,0.0000,0,0
2023-12-26,0.0000,0,0
2023-12-27,0.0000,0,0
2023-12-28,0.0000,0,0
2023-12-29,0.0000,0,0
2024-01-01,0.0000,0,0
2024-01-02,0.0000,0,0
2024-01-03,0.0000,0,0
2024-01-04,0.0000,0,0
2024-01-05,0.0000,0,0
2024-01-08,0.0000,0,0
2024-01-09,0.0000,0,0
2024-01-10,0.0000,0,0
2024-01-11,0.0000,0,0
2024-01-12,0.0000,0,0
2024-01-15,0.0838,1,1
2024-01-16,-2.9058,2,1
2024-01-17,4.1729,2,0
2024-01-18,1.1907,2,0
2024-01-19,5.6444,3,1
2024-01-20,-4.0873,3,0
2024-01-23,-0.7205,3,0
2024-01-24,1.1407,5,2
2024-01-25,-5.1941,6,1
2024-01-29,-10.5031,7,1
2024-01-30,-1.6423,7,0
2024-01-31,-3.6218,7,0
2024-02-01,-5.0385,8,1
2024-02-02,2.2784,9,1
2024-02-05,0.7624,9,0
2024-02-06,11.6814,10,1
2024-02-07,-0.0686,10,0
2024-02-08,11.3538,10,0
2024-02-09,-0.1432,11,1
2024-02-12,0.3031,11,0
2024-02-13,5.0519,10,0
2024-02-14,-0.3834,9,0
2024-02-15,5.8592,10,1
2024-02-16,3.7583,11,1
2024-02-19,-0.2676,10,0
2024-02-20,-12.3954,10,0
2024-02-21,-3.6378,10,0
2024-02-22,12.5024,8,0
2024-02-23,5.9170,7,0
2024-02-26,-2.4430,6,0
2024-02-27,-0.6000,6,0
2024-02-28,-1.1645,6,0
2024-02-29,4.2831,5,0
2024-03-01,0.0342,4,0
2024-03-02,5.4644,4,0
2024-03-04,3.7634,3,0
2024-03-05,1.0334,3,0
2024-03-06,-3.9135,3,0
2024-03-07,-1.0546,2,0
2024-03-11,-5.5972,2,0
2024-03-12,-6.3989,2,0
2024-03-13,-13.9488,2,0
2024-03-14,0.4157,1,0
2024-03-15,-1.0417,0,0
2024-03-18,0.0000,0,0
2024-03-19,0.0000,0,0
2024-03-20,0.0000,0,0
2024-03-21,0.0000,0,0
2024-03-22,0.0000,0,0
2024-03-26,0.0000,0,0
2024-03-27,0.0000,0,0
2024-03-28,0.0000,0,0
2024-04-01,0.0000,0,0
2024-04-02,0.0000,0,0
2024-04-03,0.0000,0,0
2024-04-04,0.0000,0,0
2024-04-05,0.0000,0,0
2024-04-08,0.0000,0,0
2024-04-09,0.0000,0,0
2024-04-10,0.0000,0,0
2024-04-12,0.0000,0,0
2024-04-15,0.0000,0,0
2024-04-16,0.0000,0,0
2024-04-18,0.0000,0,0
2024-04-19,0.0000,0,0
2024-04-22,0.0000,0,0
2024-04-23,0.0000,0,0
2024-04-24,0.0000,0,0
2024-04-25,0.0000,0,0
2024-04-26,0.0000,0,0
2024-04-29,0.0000,0,0
2024-04-30,0.0000,0,0
2024-05-02,7.4667,1,1
2024-05-03,1.5239,1,0
2024-05-06,-11.3486,2,1
2024-05-07,-1.5793,2,0
2024-05-08,8.9198,3,1
2024-05-09,-4.4830,4,1
2024-05-10,-3.0702,5,1
2024-05-13,3.5584,6,1
2024-05-14,-0.5284,7,1
2024-05-15,6.8813,7,0
2024-05-16,2.5438,7,0
2024-05-17,-0.7851,8,1
2024-05-18,7.4165,10,2
2024-05-21,0.2202,11,1
2024-05-22,-4.5917,12,1
2024-05-23,-9.2178,12,0
2024-05-24,19.6285,12,0
2024-05-27,4.6538,12,0
2024-05-28,-5.9671,13,1
2024-05-29,10.5049,13,0
2024-05-30,-3.2382,13,1
2024-05-31,-1.3334,13,0
2024-06-03,7.3588,12,0
2024-06-04,-37.4792,12,0
2024-06-05,13.1449,11,0
2024-06-06,17.8446,10,0
2024-06-07,-12.6807,9,0
2024-06-10,14.4449,8,0
2024-06-11,2.3218,7,0
2024-06-12,12.1884,7,0
2024-06-13,9.8812,7,0
2024-06-14,10.1449,6,0
2024-06-18,2.5335,4,0
2024-06-19,-2.4391,3,0
2024-06-20,2.7003,2,0
2024-06-21,1.1560,2,0
2024-06-24,-0.9084,2,0
2024-06-25,0.8876,2,0
2024-06-26,0.2952,1,0
2024-06-27,2.4274,1,0
2024-06-28,-5.5008,0,0
2024-07-01,0.0000,0,0
2024-07-02,0.0000,0,0
2024-07-03,0.0000,0,0
2024-07-04,0.0000,0,0
2024-07-05,0.0000,0,0
2024-07-08,0.0000,0,0
2024-07-09,0.0000,0,0
2024-07-10,0.0000,0,0
2024-07-11,0.0000,0,0
2024-07-12,0.0000,0,0
2024-07-15,-1.7163,1,1
2024-07-16,0.1114,1,0
2024-07-18,2.4728,1,0
2024-07-19,0.7875,1,0
2024-07-22,-0.2673,1,0
2024-07-23,0.4770,1,0
2024-07-24,0.3587,1,0
2024-07-25,10.5924,4,3
2024-07-26,-2.1680,4,0
2024-07-29,-4.3487,5,1
2024-07-30,-3.7802,5,0
2024-07-31,1.8335,6,1
2024-08-01,-3.9043,6,0
2024-08-02,-0.3056,6,0
2024-08-05,3.6448,6,0
2024-08-06,-4.5510,7,1
2024-08-07,9.0179,7,0
2024-08-08,4.6764,7,0
2024-08-09,-3.1823,7,0
2024-08-12,-2.9756,8,1
2024-08-13,5.0519,8,1
2024-08-14,-2.6375,8,0
2024-08-16,1.3330,8,0
2024-08-19,4.9782,8,0
2024-08-20,2.0112,8,0
2024-08-21,5.1589,8,0
2024-08-22,7.2707,8,0
2024-08-23,-12.5152,5,0
2024-08-26,0.9887,5,0
2024-08-27,-3.5401,4,0
2024-08-28,4.0573,4,0
2024-08-29,-3.5134,3,0
2024-08-30,-3.3419,3,0
2024-09-02,-0.2612,3,0
2024-09-03,-2.5788,3,0
2024-09-04,2.6045,2,0
2024-09-05,0.0974,2,0
2024-09-06,1.7827,2,0
2024-09-09,-0.9738,2,0
2024-09-10,2.6121,1,0
2024-09-11,-0.0686,0,0
2024-09-12,0.0000,0,0
2024-09-13,0.0000,0,0
2024-09-16,0.0000,0,0
2024-09-17,0.0000,0,0
2024-09-18,0.0000,0,0
2024-09-19,0.0000,0,0
2024-09-20,0.0000,0,0
2024-09-23,0.0000,0,0
2024-09-24,0.0000,0,0
2024-09-25,0.0000,0,0
2024-09-26,0.0000,0,0
2024-09-27,0.0000,0,0
2024-09-30,0.0000,0,0
2024-10-01,0.0000,0,0
2024-10-03,0.0000,0,0
2024-10-04,0.0000,0,0
2024-10-07,0.0000,0,0
2024-10-08,0.0000,0,0
2024-10-09,0.0000,0,0
2024-10-10,0.0000,0,0
2024-10-11,0.0000,0,0
2024-10-14,0.0000,0,0
2024-10-15,0.0000,0,0
2024-10-16,0.0000,0,0
2024-10-17,0.0000,0,0
2024-10-18,0.0000,0,0
2024-10-21,0.0000,0,0
2024-10-22,0.0000,0,0
2024-10-23,0.0000,0,0
2024-10-24,4.1224,3,3
2024-10-25,1.8428,3,0
2024-10-28,-3.1481,3,0
2024-10-29,-0.3683,3,0
2024-10-30,-1.0994,3,0
2024-10-31,-1.8159,3,0
2024-11-01,-1.6162,3,0
2024-11-04,0.7139,3,0
2024-11-05,-1.9287,3,0
2024-11-06,3.8622,3,0
2024-11-07,4.7457,3,0
2024-11-08,-0.5752,3,0
2024-11-11,1.6383,3,0
2024-11-12,4.0841,3,0
2024-11-13,0.6755,3,0
2024-11-14,4.6332,3,0
2024-11-18,-0.7169,3,0
2024-11-19,-2.0249,3,0
2024-11-21,2.3025,3,0
2024-11-22,-4.6083,3,0
2024-11-25,1.8530,0,0
2024-11-26,0.0000,0,0
2024-11-27,0.0000,0,0
2024-11-28,0.0000,0,0
2024-11-29,0.0000,0,0
2024-12-02,0.0000,0,0
2024-12-03,0.0000,0,0
2024-12-04,0.0000,0,0
2024-12-05,0.0000,0,0
2024-12-06,0.0000,0,0
2024-12-09,0.0000,0,0
2024-12-10,0.0000,0,0
2024-12-11,0.0000,0,0
2024-12-12,0.0000,0,0
2024-12-13,0.0000,0,0
2024-12-16,0.0000,0,0
2024-12-17,0.0000,0,0
2024-12-18,0.0000,0,0
2024-12-19,0.0000,0,0
2024-12-20,0.0000,0,0
2024-12-23,0.0000,0,0
2024-12-24,0.0000,0,0
2024-12-26,0.0000,0,0
2024-12-27,0.0000,0,0
2024-12-30,0.0000,0,0
2024-12-31,0.0000,0,0
2025-01-01,0.0000,0,0
2025-01-02,0.0000,0,0
2025-01-03,0.0000,0,0
2025-01-06,0.0000,0,0
2025-01-07,0.0000,0,0
2025-01-08,0.0000,0,0
2025-01-09,0.0000,0,0
2025-01-10,0.0000,0,0
2025-01-13,0.0000,0,0
2025-01-14,0.0000,0,0
2025-01-15,0.0000,0,0
2025-01-16,0.0000,0,0
2025-01-17,0.0000,0,0
2025-01-20,0.0000,0,0
2025-01-21,0.1056,1,1
2025-01-22,0.7018,1,0
2025-01-23,-1.3926,1,0
2025-01-24,0.0328,1,0
2025-01-27,0.8732,1,0
2025-01-28,-0.2164,1,0
2025-01-29,0.8182,1,0
2025-01-30,-1.3502,1,0
2025-01-31,-3.2359,2,1
2025-02-01,4.3065,4,2
2025-02-03,6.2401,4,0
2025-02-04,-2.3065,4,0
2025-02-05,-0.9841,4,0
2025-02-06,0.2050,4,0
2025-02-07,0.1605,4,0
2025-02-10,3.3746,4,0
2025-02-11,-3.7349,4,0
2025-02-12,5.5048,4,0
2025-02-13,6.7429,5,1
2025-02-14,-9.8704,6,1
2025-02-17,0.0515,5,0
2025-02-18,-0.6664,5,0
2025-02-19,5.6781,5,0
2025-02-20,4.4159,5,0
2025-02-21,1.3065,5,0
2025-02-24,-1.1576,5,0
2025-02-25,-1.1168,5,0
2025-02-27,3.6669,5,0
2025-02-28,-3.4357,4,0
2025-03-03,-1.9755,2,0
2025-03-04,1.7855,2,0
2025-03-05,1.3034,2,0
2025-03-06,-0.1394,2,0
2025-03-07,-0.9618,2,0
2025-03-10,-2.4338,2,0
2025-03-11,0.4902,2,0
2025-03-12,-0.1089,2,0
2025-03-13,-0.6390,2,0
2025-03-17,3.1535,1,0
2025-03-18,-0.3692,0,0
2025-03-19,0.0000,0,0
2025-03-20,0.0000,0,0
2025-03-21,0.0000,0,0
2025-03-24,0.0000,0,0
2025-03-25,0.0000,0,0
2025-03-26,0.0000,0,0
2025-03-27,0.0000,0,0
2025-03-28,0.0000,0,0
2025-04-01,0.0000,0,0
2025-04-02,0.0000,0,0
2025-04-03,0.0000,0,0
2025-04-04,0.0000,0,0
2025-04-07,0.0000,0,0
2025-04-08,0.0000,0,0
2025-04-09,0.0000,0,0
2025-04-11,0.0000,0,0
2025-04-15,0.0000,0,0
2025-04-16,0.0000,0,0
2025-04-17,0.0000,0,0
2025-04-21,0.0000,0,0
2025-04-22,1.1711,1,1
2025-04-23,0.4517,1,0
2025-04-24,3.4714,2,1
2025-04-25,-2.8868,2,0
2025-04-28,2.1812,3,1
2025-04-29,2.8741,5,2
2025-04-30,-6.1410,6,1
2025-05-02,4.7052,6,0
2025-05-05,6.9777,7,1
2025-05-06,-12.2233,7,0
2025-05-07,8.9210,7,0
2025-05-08,-10.0010,9,2
2025-05-09,1.8750,9,0
2025-05-12,2.2122,11,2
2025-05-13,19.3469,11,0
2025-05-14,-1.3011,11,0
2025-05-15,-11.5729,12,1
2025-05-16,5.1929,12,0
2025-05-19,6.0056,13,1
2025-05-20,-3.5606,15,2
2025-05-21,-1.5023,14,0
2025-05-22,-0.7261,14,0
2025-05-23,3.4478,14,1
2025-05-26,5.6249,14,0
2025-05-27,8.4861,13,0
2025-05-28,-3.7723,11,0
2025-05-29,5.2139,11,1
2025-05-30,17.0212,12,1
2025-06-02,14.2993,12,1
2025-06-03,7.1961,12,0
2025-06-04,5.5953,12,0
2025-06-05,0.9078,10,0
2025-06-06,-3.8669,10,0
2025-06-09,3.0798,8,0
2025-06-10,-4.7286,8,0
2025-06-11,0.1435,8,0
2025-06-12,-5.7890,7,0
2025-06-13,4.1514,7,0
2025-06-16,0.9981,6,0
2025-06-17,-3.0397,4,0
2025-06-18,-2.3661,4,0
2025-06-19,-8.9905,4,0
2025-06-20,1.5952,3,0
2025-06-23,4.0258,3,0
2025-06-24,2.2477,3,0
2025-06-25,1.4968,3,0
2025-06-26,-2.5216,2,0
2025-06-27,-2.3031,1,0
2025-06-30,-0.0500,0,0
2025-07-01,0.0000,0,0
2025-07-02,0.0000,0,0
2025-07-03,0.0000,0,0
2025-07-04,0.0000,0,0
2025-07-07,0.0000,0,0
2025-07-08,0.0000,0,0
2025-07-09,0.0000,0,0
2025-07-10,0.0000,0,0
2025-07-11,0.0000,0,0
2025-07-14,0.0000,0,0
2025-07-15,0.0000,0,0
2025-07-16,0.0000,0,0
2025-07-17,0.0000,0,0
2025-07-18,0.0000,0,0
2025-07-21,0.0000,0,0
2025-07-22,0.0000,0,0
2025-07-23,0.8886,1,1
2025-07-24,4.3525,1,0
2025-07-25,0.0229,1,0
2025-07-28,-0.4697,1,0
2025-07-29,-0.8094,1,0
2025-07-30,1.7483,2,1
2025-07-31,1.1672,2,0
2025-08-01,-0.5846,2,0
2025-08-04,0.0486,2,0
2025-08-05,-1.7171,3,1
2025-08-06,-4.2792,3,0
2025-08-07,4.3863,3,0
2025-08-08,-3.2257,4,1
2025-08-11,-7.8794,5,1
2025-08-12,-0.1046,5,0
2025-08-13,5.0650,5,0
2025-08-14,-1.0095,5,0
2025-08-18,6.9472,5,0
2025-08-19,2.6719,5,0
2025-08-20,2.2108,5,0
2025-08-21,-1.6594,4,0
2025-08-22,1.5578,4,0
2025-08-25,0.7794,4,0
2025-08-26,1.9802,4,0
2025-08-28,2.0771,4,0
2025-08-29,0.6643,3,0
2025-09-01,3.5853,3,0
2025-09-02,0.2350,3,0
2025-09-03,1.9752,3,0
2025-09-04,-0.6147,2,0
2025-09-05,0.2342,2,0
2025-09-08,2.2366,2,0
2025-09-09,-0.1564,1,0
2025-09-10,-0.3345,0,0
2025-09-11,0.0000,0,0
2025-09-12,0.0000,0,0
2025-09-15,0.0000,0,0
2025-09-16,0.0000,0,0
2025-09-17,0.0000,0,0
2025-09-18,0.0000,0,0
2025-09-19,0.0000,0,0
2025-09-22,0.0000,0,0
2025-09-23,0.0000,0,0
2025-09-24,0.0000,0,0
2025-09-25,0.0000,0,0
2025-09-26,0.0000,0,0
2025-09-29,0.0000,0,0
2025-09-30,0.0000,0,0
2025-10-01,0.0000,0,0
2025-10-03,0.0000,0,0
2025-10-06,0.0000,0,0
2025-10-07,0.0000,0,0
2025-10-08,0.0000,0,0
2025-10-09,0.0000,0,0
2025-10-10,0.0000,0,0
2025-10-13,0.0000,0,0
2025-10-14,0.0000,0,0
2025-10-15,0.0000,0,0
2025-10-16,1.1869,1,1
2025-10-17,-1.9899,1,0
2025-10-20,1.0305,1,0
2025-10-21,-3.2719,6,5
2025-10-23,6.1617,6,0
2025-10-24,-2.1627,6,0
2025-10-27,6.3907,6,0
2025-10-28,5.8804,6,0
2025-10-29,-3.9072,7,1
2025-10-30,-1.1542,8,1
2025-10-31,4.3526,11,3
2025-11-03,10.7505,11,0
2025-11-04,6.6619,12,1
2025-11-06,-5.9002,13,1
2025-11-07,21.4474,15,2
2025-11-10,-0.4149,15,0
2025-11-11,-0.9606,16,1
2025-11-12,-8.6876,17,1
2025-11-13,-15.6259,20,3
2025-11-14,-1.1143,20,0
2025-11-17,3.1213,21,2
2025-11-18,-1.9831,21,0
2025-11-19,-6.5927,21,0
2025-11-20,-16.1733,16,0
2025-11-21,-16.6294,16,0
2025-11-24,1.9695,16,0
2025-11-25,16.0321,16,0
2025-11-26,6.2773,16,0
2025-11-27,4.7725,15,0
2025-11-28,4.8446,14,0
2025-12-01,12.4962,11,0
2025-12-02,4.6429,11,0
2025-12-03,-14.3527,10,0
2025-12-04,-11.5583,9,0
2025-12-05,3.7345,7,0
2025-12-08,-6.7082,7,0
2025-12-09,-1.1426,6,0
2025-12-10,-5.2519,5,0
2025-12-11,2.4537,2,0
2025-12-12,1.4155,2,0
2025-12-15,-0.0945,0,0
2025-12-16,0.0000,0,0
2025-12-17,0.0000,0,0
2025-12-18,0.0000,0,0
2025-12-19,0.0000,0,0
2025-12-22,0.0000,0,0
2025-12-23,0.0000,0,0
2025-12-24,0.0000,0,0
2025-12-26,0.0000,0,0
2025-12-29,0.0000,0,0
2025-12-30,0.0000,0,0
2025-12-31,0.0000,0,0
2026-01-01,0.0000,0,0
2026-01-02,0.0000,0,0
2026-01-05,0.0000,0,0
2026-01-06,0.0000,0,0
2026-01-07,0.0000,0,0
2026-01-08,0.0000,0,0
2026-01-09,0.0000,0,0
2026-01-12,0.0000,0,0
2026-01-13,0.0000,0,0
2026-01-14,0.0000,0,0
2026-01-16,-1.8728,1,1
2026-01-19,1.1377,1,0
2026-01-20,0.4254,1,0
2026-01-21,-1.5268,1,0
2026-01-22,0.7734,1,0
2026-01-23,-4.0308,4,3
2026-01-27,4.5387,4,0
2026-01-28,4.9686,5,1
2026-01-29,-4.3279,6,1
2026-01-30,3.9171,6,0
2026-02-01,-17.7316,6,0
2026-02-02,-5.2974,7,1
2026-02-03,-1.1827,7,0
2026-02-04,4.1069,7,0
2026-02-05,3.7067,7,0
2026-02-06,-2.9950,7,0
2026-02-09,7.4573,9,2
2026-02-10,-3.6248,11,2
2026-02-11,6.0390,13,2
2026-02-12,6.1707,13,0
2026-02-13,1.5144,13,1
2026-02-16,-6.0479,13,0
2026-02-17,10.1628,13,0
2026-02-18,7.4991,13,0
2026-02-19,-5.8300,13,0
2026-02-20,5.8739,10,0
2026-02-23,-0.7834,11,1
2026-02-24,16.8955,10,0
2026-02-25,1.8433,9,0
2026-02-26,1.1488,9,0
2026-02-27,-0.8689,9,0
2026-03-02,0.7224,8,0
2026-03-04,-7.9201,8,0
2026-03-05,4.8940,8,0
2026-03-06,7.9377,8,0
2026-03-09,-6.3868,8,0
2026-03-10,8.1315,6,0
2026-03-11,4.9631,4,0
2026-03-12,-0.9347,2,0
2026-03-13,-0.2008,2,0
2026-03-16,-4.0878,1,0
2026-03-17,0.8477,1,0
2026-03-18,-0.3225,1,0
2026-03-19,0.9927,1,0
2026-03-20,0.9254,1,0
2026-03-23,-1.8516,1,0
2026-03-24,0.2719,0,0
2026-03-25,0.0000,0,0
2026-03-27,0.0000,0,0
2026-03-30,0.0000,0,0
2026-04-01,0.0000,0,0
2026-04-02,0.0000,0,0
2026-04-06,0.0000,0,0
2026-04-07,0.0000,0,0
2026-04-08,0.0000,0,0
2026-04-09,0.0000,0,0
2026-04-10,0.0000,0,0
2026-04-13,0.0000,0,0
2026-04-15,0.0000,0,0
2026-04-16,0.0000,0,0
2026-04-17,0.0000,0,0
2026-04-20,-1.9932,2,2
2026-04-21,0.7037,2,0
2026-04-22,3.9882,4,2
2026-04-23,1.8290,4,0
2026-04-24,8.9652,5,1
2026-04-27,3.7614,6,1
2026-04-28,5.4457,8,2
2026-04-29,0.0477,8,0
2026-04-30,-5.0889,9,1
2026-05-04,2.1298,9,0
2026-05-05,8.2413,10,1
2026-05-06,-0.7878,11,1
2026-05-07,6.7097,12,1
2026-05-08,7.3980,14,2
2026-05-11,-3.6847,16,2
2026-05-12,-23.5562,18,2
2026-05-13,-1.4975,18,0
2026-05-14,-6.5922,19,1
2026-05-15,-12.3658,19,0
2026-05-18,-9.2790,20,1
2026-05-19,18.0390,18,0
2026-05-20,6.7368,18,0
2026-05-21,-1.6865,16,0
2026-05-22,-2.7609,16,0
2026-05-25,0.3015,15,0
2026-05-26,17.3059,14,0
2026-05-27,10.0684,12,0
2026-05-29,5.1702,13,1
2026-06-01,-17.5897,13,1
2026-06-02,-0.1681,14,1
2026-06-03,1.5784,13,0
2026-06-04,6.5638,12,0
2026-06-05,-1.0102,11,0
2026-06-08,-13.0053,9,0
2026-06-09,1.2087,7,0
2026-06-10,-10.8299,5,0
2026-06-11,-5.9318,5,0
2026-06-12,3.2610,4,0
2026-06-15,-0.6547,4,0
2026-06-16,-4.6727,3,0
2026-06-17,2.2624,3,0
2026-06-18,1.1523,3,0
2026-06-19,0.2630,3,0
2026-06-22,-3.6891,3,0
2026-06-23,-0.8816,3,0
2026-06-24,-4.2956,3,0
2026-06-25,0.5285,3,0
2026-06-29,1.1180,2,0
2026-06-30,2.8679,1,0
2026-07-01,-1.6799,0,0
2026-07-02,0.0000,0,0
2026-07-03,0.0000,0,0
2026-07-06,0.0000,0,0
2026-07-07,0.0000,0,0
2026-07-08,0.0000,0,0
2026-07-09,0.0000,0,0
2026-07-10,0.0000,0,0
2026-07-13,0.0000,0,0
2026-07-14,0.0000,0,0
2026-07-15,0.0000,0,0
2026-07-16,-3.9167,1,1
2026-07-17,-9.4647,2,1
2026-07-20,2.3767,3,1
2026-07-21,1.6351,3,0
2026-07-22,4.0435,4,1
2026-07-23,1.5889,4,0
2026-07-24,1.9256,4,0
2026-07-27,-1.5383,4,0
2026-07-28,5.9581,7,3
2026-07-29,-8.4280,8,1
2026-07-30,-0.3779,8,0
2026-07-31,1.8858,8,0
2026-08-03,-8.8433,11,3
2026-08-04,-2.1669,13,2
2026-08-05,3.0046,13,0
2026-08-06,-11.0896,13,0
2026-08-07,-2.6380,13,0
2026-08-10,5.1224,13,0
2026-08-11,13.7503,14,1
2026-08-12,8.2927,15,1
2026-08-13,11.4804,14,0
2026-08-14,-8.1372,15,2
2026-08-17,8.6854,14,0
2026-08-18,11.2470,14,0
2026-08-19,6.1123,13,0
2026-08-20,-1.7261,13,0
2026-08-21,-1.0526,13,0
2026-08-24,-2.6812,13,0
2026-08-25,-1.2061,10,0
2026-08-26,6.5686,9,0
2026-08-27,10.0030,9,0
2026-08-28,3.6178,9,0
2026-08-31,6.1150,6,0
2026-09-01,-3.8255,4,0
2026-09-02,-0.1164,4,0
2026-09-03,4.0104,4,0
2026-09-04,-1.9985,4,0
2026-09-07,6.1034,4,0
2026-09-08,5.7374,3,0
2026-09-09,0.9268,2,0
2026-09-10,-1.2986,2,0
2026-09-11,-3.0299,0,0
2026-09-15,0.0000,0,0
2026-09-16,0.0000,0,0
2026-09-17,0.0000,0,0
2026-09-18,0.0000,0,0
2026-09-21,0.0000,0,0
2026-09-22,0.0000,0,0
2026-09-23,0.0000,0,0
2026-09-24,0.0000,0,0
2026-09-25,0.0000,0,0
2026-09-28,0.0000,0,0
2026-09-29,0.0000,0,0
2026-09-30,0.0000,0,0
