,exits_sum,mtm
2021-04,0.000,10.178
2021-05,12.145,-0.594
2021-06,-1.182,-10.225
2021-07,-10.877,-1.183
2021-08,5.207,17.239
2021-09,0.461,-9.659
2021-10,0.000,-0.100
2021-11,-12.960,-21.705
2021-12,-14.876,-6.031
2022-01,0.000,0.989
2022-02,4.713,-0.148
2022-03,-8.181,-4.309
2022-04,0.000,0.000
2022-05,0.574,2.616
2022-06,-0.473,-2.515
2022-07,0.000,6.369
2022-08,12.292,3.753
2022-09,-8.388,-6.218
2022-10,0.000,-4.785
2022-11,-19.721,-31.156
2022-12,1.239,17.460
2023-01,0.000,12.845
2023-02,17.875,-1.852
2023-03,-0.350,6.531
2023-04,0.000,0.000
2023-05,0.000,33.192
2023-06,67.672,34.480
2023-07,0.000,15.803
2023-08,50.971,50.924
2023-09,32.751,16.995
2023-10,0.000,-0.278
2023-11,2.595,62.066
2023-12,81.161,21.968
2024-01,0.000,-16.442
2024-02,28.735,37.609
2024-03,-28.812,-21.244
2024-04,0.000,0.000
2024-05,6.825,27.175
2024-06,58.672,38.321
2024-07,0.000,4.353
2024-08,14.513,7.722
2024-09,0.776,3.214
2024-10,0.000,-0.467
2024-11,12.572,13.038
2024-12,0.000,0.000
2025-01,0.000,-3.663
2025-02,6.101,18.381
2025-03,8.721,0.105
2025-04,0.000,1.122
2025-05,10.550,50.371
2025-06,53.023,12.081
2025-07,0.000,6.901
2025-08,2.506,7.929
2025-09,19.484,7.161
2025-10,0.000,12.517
2025-11,21.601,1.795
2025-12,-21.654,-14.365
2026-01,0.000,4.003
2026-02,12.125,28.056
2026-03,27.917,7.982
2026-04,0.000,17.659
2026-05,37.827,19.890
2026-06,-31.090,-41.925
2026-07,-12.793,-5.992
2026-08,7.468,54.459
2026-09,49.188,6.509
