q,m,sym,r
7,10,KOTAKBANK,-0.3837062385597
7,10,INDUSTOWER,-7.93413944088208
7,10,HINDALCO,0.89779668881173
7,10,PIIND,-0.2966219812688
7,20,KOTAKBANK,-0.3837062385597
7,20,INDUSTOWER,-7.93413944088208
7,20,HINDALCO,0.89779668881173
7,20,PIIND,-0.2966219812688
9,10,BAJAJFINSV,-3.92969928593205
9,10,IEX,-0.5575437907583
9,10,SHRIRAMFIN,-0.30860323603552
9,10,BANKBARODA,0.8496383065170701
9,20,BAJAJFINSV,-3.92969928593205
9,20,IEX,-0.5575437907583
9,20,SHRIRAMFIN,-0.30860323603552
9,20,BANKBARODA,0.8496383065170701
11,10,RECLTD,3.90639420869295
11,10,BPCL,5.61508952442444
11,10,GAIL,4.50129847448941
11,10,IDEA,-2.6890355296296997
11,10,MARICO,-1.20989161996016
11,20,RECLTD,3.90639420869295
11,20,BPCL,5.61508952442444
11,20,GAIL,4.50129847448941
11,20,IDEA,-2.6890355296296997
11,20,MARICO,-1.20989161996016
12,10,JINDALSTEL,6.11180484516278
12,20,JINDALSTEL,6.11180484516278
13,10,ABB,6.70954676102519
13,10,BHARATFORG,7.65511366126099
13,10,CONCOR,-0.1310733573814
13,20,ABB,6.70954676102519
13,20,BHARATFORG,7.65511366126099
13,20,CONCOR,-0.1310733573814
14,10,GAIL,4.4980523889974
14,20,GAIL,4.4980523889974
15,10,SUPREMEIND,-8.54556653877933
15,20,SUPREMEIND,-8.54556653877933
17,10,HDFCLIFE,-0.39435548788264996
17,20,HDFCLIFE,-0.39435548788264996
19,10,NTPC,-0.8585375799148399
19,20,NTPC,-0.8585375799148399
20,10,PREMIERENE,2.00334485325721
20,10,IOC,-3.6861934204337303
20,10,JUBLFOOD,-4.39141561115469
20,10,NTPC,0.23190894624188998
20,20,PREMIERENE,2.00334485325721
20,20,IOC,-3.6861934204337303
20,20,JUBLFOOD,-4.39141561115469
20,20,NTPC,0.23190894624188998
21,10,TCS,-1.2788850065074
21,10,LTM,5.40890550744769
21,10,HCLTECH,1.63314355626115
21,20,TCS,-1.2788850065074
21,20,LTM,5.40890550744769
21,20,HCLTECH,1.63314355626115
